apontamento_id,projeto_id,analista_id,data,horas,atividade
APT002473,PRJ0032,ANL006,2026-03-23,6,Reunião com cliente
APT004798,PRJ0064,ANL008,2026-05-08,6.5,Apresentação
APT005566,PRJ0079,ANL012,2025-06-02,6,Coleta
APT000099,PRJ0003,ANL009,2025-09-15,4.5,Documentação
APT009367,PRJ0134,ANL009,2026-01-22,4,Modelagem
APT008582,PRJ0121,ANL009,05/04/2026,8,Testes
APT006641,PRJ0093,ANL020,11/09/2024,2,Testes
APT006423,PRJ0089,ANL022,2024-09-11,4.5,Coleta
APT007648,PRJ0109,ANL019,2026-03-27,6,Modelagem
APT006902,PRJ0098,ANL018,10/15/2025,7,Apresentação
APT006332,PRJ0086,ANL015,2026-05-27,5,Reunião com cliente
APT000467,PRJ0007,ANL004,23/08/2024,2.5,Reunião com cliente
APT000326,PRJ0006,ANL014,2025-06-05,8.5,REUNIÃO COM CLIENTE
APT006821,PRJ0096,ANL021,2026-05-28,8,ETL
APT006338,PRJ0086,ANL015,2026-03-31,2.5,ETL
APT000052,PRJ0001,ANL004,2024-03-21,2,Documentação
APT006146,PRJ0083,ANL009,07/30/2025,4,Dashboard
APT009012,PRJ0129,ANL013,2025-12-30,6,Modelagem
APT004016,PRJ0051,ANL023,12/11/2024,3,Modelagem
APT002946,PRJ0036,ANL001,21-mai-2026,8.5,Apresentação
APT002753,PRJ0034,ANL018,2024-06-17,3,Reunião com cliente
APT000356,PRJ0006,ANL002,13-jun-2025,6.5,Dashboard
APT001350,PRJ0015,ANL004,13-nov-2025,4,ETL
APT004181,PRJ0055,ANL014,2024-08-28,8.5,Testes
APT005769,PRJ0081,ANL017,2026-03-30,8,Apresentação
APT001239,PRJ0014,ANL002,06/17/2024,4,Coleta
APT008005,PRJ0115,ANL023,2024-05-09,4,Modelagem
APT003035,PRJ0037,ANL016,2025-04-18,2,Dashboard
APT001870,PRJ0024,ANL023,2025-11-13,6,Modelagem
APT000795,PRJ0010,ANL013,2024-07-24,5,Coleta
APT009722,PRJ0140,ANL018,19-dez-2025,5,Modelagem
APT005855,PRJ0081,ANL017,2026-06-08,2,Dashboard
APT003487,PRJ0042,ANL013,2025-08-26,"3,5",Reunião com cliente
APT006342,PRJ0086,ANL003,05/25/2026,4,Apresentação
APT000298,PRJ0005,ANL017,2025-01-20,4,Apresentação
APT009699,PRJ0140,ANL006,2026-01-19,2.5,Modelagem
APT005766,PRJ0081,ANL011,06/04/2026,6,Dashboard
APT003696,PRJ0047,ANL012,09/30/2024,4,Testes
APT006649,PRJ0093,ANL020,08-out-2024,"6,5",Reunião com cliente
APT006740,PRJ0095,ANL002,14-jan-2025,4,Dashboard
APT004965,PRJ0066,ANL021,2024-11-05,6,Reunião com cliente
APT000841,PRJ0010,ANL007,2024-09-06,2,Coleta
APT004107,PRJ0053,ANL008,01/04/2026,7,Modelagem
APT003896,PRJ0050,ANL020,2025-10-13,4,Coleta
APT009276,PRJ0133,ANL018,2026-05-26,4,DOCUMENTAÇÃO
APT003427,PRJ0042,ANL013,2025-05-09,"6,5",Reunião com cliente
APT007556,PRJ0106,ANL021,2026-05-28,6,ETL
APT007431,PRJ0106,ANL009,2026-04-27,4,Testes
APT005657,PRJ0079,ANL006,2025-07-21,6.5,ETL
APT007090,PRJ0101,ANL006,18-mai-2026,4,Documentação
APT003422,PRJ0042,ANL001,09-set-2025,7,Coleta
APT002847,PRJ0036,ANL007,21/04/2026,6,Coleta
APT006915,PRJ0098,ANL006,19-ago-2025,5.5,Coleta
APT002704,PRJ0034,ANL012,2024-04-30,6,Coleta
APT005319,PRJ0073,ANL003,19-fev-2025,6,ETL
APT007094,PRJ0101,ANL012,2026-05-06,3,Testes
APT007116,PRJ0101,ANL006,2026-04-27,6,Reunião com cliente
APT006893,PRJ0098,ANL006,08/10/2025,6.5,Reunião com cliente
APT002495,PRJ0032,ANL012,2026-04-08,8,Documentação
APT008460,PRJ0120,ANL007,2026-06-17,8,Testes
APT000536,PRJ0007,ANL004,2024-10-18,4.5,ETL
APT003912,PRJ0050,ANL020,13-out-2025,3,Documentação
APT008128,PRJ0118,ANL002,2026-01-06,3,Reunião com cliente
APT006732,PRJ0095,ANL002,16/01/2025,8.5,Modelagem
APT007581,PRJ0106,ANL009,04/27/2026,6,Documentação
APT007407,PRJ0106,ANL015,2026-05-18,2,ETL
APT002306,PRJ0029,ANL007,2025-07-09,3,Documentação
APT003086,PRJ0039,ANL013,04-fev-2025,5,Apresentação
APT005843,PRJ0081,ANL023,07/05/2026,5,Apresentação
APT004616,PRJ0063,ANL019,2026-06-09,4,Reunião com cliente
APT005434,PRJ0077,ANL014,2024-12-23,5,Modelagem
APT003990,PRJ0051,ANL023,11/20/2024,4,Modelagem
APT001222,PRJ0014,ANL008,2024-10-03,4,Coleta
APT004494,PRJ0060,ANL012,04/29/2025,6.5,Coleta
APT007307,PRJ0104,ANL024,22-abr-2024,2.5,Coleta
APT007760,PRJ0109,ANL019,2026-03-11,6.5,Coleta
APT004506,PRJ0060,ANL024,13/05/2025,4,ETL
APT007539,PRJ0106,ANL009,04/22/2026,4,Dashboard
APT004482,PRJ0059,ANL002,2025-04-18,4,Documentação
APT006371,PRJ0087,ANL018,2025-11-19,7.5,Reunião com cliente
APT005390,PRJ0076,ANL015,06/10/2024,5,Reunião com cliente
APT002713,PRJ0034,ANL006,2024-05-06,3,Apresentação
APT004246,PRJ0055,ANL002,2024-07-31,2,Testes
APT009732,PRJ0140,ANL018,2025-11-18,4,Modelagem
APT001904,PRJ0025,ANL016,04/10/2025,4,Reunião com cliente
APT007636,PRJ0109,ANL013,13-abr-2026,2,Reunião com cliente
APT000519,PRJ0007,ANL010,2024-10-04,6.5,Documentação
APT005820,PRJ0081,ANL005,2026-04-03,6,Dashboard
APT005831,PRJ0081,ANL011,05/12/2026,6,Modelagem
APT009194,PRJ0131,ANL003,2024-02-15,7,Apresentação
APT000962,PRJ0012,ANL023,2026-05-04,7,Reunião com cliente
APT003620,PRJ0046,ANL010,2024-03-19,2,Testes
APT005921,PRJ0081,ANL023,01-jun-2026,8,Dashboard
APT000272,PRJ0005,ANL017,27-jan-2025,6,Dashboard
APT001080,PRJ0012,ANL017,2026-04-27,4,Dashboard
APT008569,PRJ0121,ANL015,2026-04-30,"8,5",Documentação
APT005945,PRJ0081,ANL023,2026-06-25,4,Dashboard
APT000777,PRJ0010,ANL013,08/01/2024,8.5,Testes
APT003575,PRJ0044,ANL011,29/05/2025,8.5,Modelagem
APT008600,PRJ0121,ANL015,2026-05-07,6,Documentação
APT002940,PRJ0036,ANL001,05/13/2026,6.5,Reunião com cliente
APT000975,PRJ0012,ANL005,2026-05-04,4,ETL
APT007741,PRJ0109,ANL001,26-mar-2026,"3,5",Dashboard
APT004373,PRJ0057,ANL024,13/03/2026,4,Coleta
APT000149,PRJ0003,ANL021,2025-08-05,6,Dashboard
APT002227,PRJ0027,ANL001,2024-09-23,5,ETL
APT004319,PRJ0056,ANL009,03/25/2025,6,Modelagem
APT002736,PRJ0034,ANL006,17-jun-2024,2,Coleta
APT001185,PRJ0014,ANL020,2024-07-15,4,Dashboard
APT001363,PRJ0015,ANL016,08/09/2025,6,ETL
APT004218,PRJ0055,ANL014,2024-10-09,8.5,Coleta
APT008299,PRJ0120,ANL001,2026-04-02,2,Testes
APT005981,PRJ0082,ANL004,2025-03-07,2.5,Modelagem
APT002200,PRJ0027,ANL007,2024-10-28,7,Documentação
APT005948,PRJ0081,ANL023,04/05/2026,2,Documentação
APT005891,PRJ0081,ANL005,2026-04-23,3,Modelagem
APT007061,PRJ0101,ANL018,05/06/2026,2.5,ETL
APT002108,PRJ0026,ANL003,2025-12-31,2.5,Documentação
APT001697,PRJ0022,ANL003,2026-03-05,5,Documentação
APT008278,PRJ0119,ANL024,2024-04-16,4,Apresentação
APT005473,PRJ0078,ANL023,10-jul-2025,6,Documentação
APT002036,PRJ0026,ANL015,14-ago-2025,7.5,Coleta
APT006489,PRJ0089,ANL022,07/29/2024,6,Documentação
APT004877,PRJ0065,ANL004,05/03/2026,6,Dashboard
APT008182,PRJ0119,ANL012,10-mai-2024,6.5,Reunião com cliente
APT003497,PRJ0042,ANL013,2025-09-17,2,Coleta
APT004763,PRJ0064,ANL014,2026-04-20,2,Apresentação
APT008113,PRJ0118,ANL014,12/15/2025,"4,5",Coleta
APT006957,PRJ0099,ANL015,01-jul-2025,2,ETL
APT009119,PRJ0130,ANL001,04/06/2025,2.5,ETL
APT004979,PRJ0066,ANL003,2024-12-16,6,Modelagem
APT008126,PRJ0118,ANL020,29-dez-2025,4,ETL
APT001802,PRJ0024,ANL005,2025-11-18,4.5,Apresentação
APT002147,PRJ0026,ANL009,21/08/2025,4,ETL
APT007526,PRJ0106,ANL021,2026-06-24,7,MODELAGEM
APT006318,PRJ0086,ANL015,2026-05-04,3.5,Reunião com cliente
APT007627,PRJ0109,ANL007,2026-03-09,6,Dashboard
APT008973,PRJ0129,ANL001,05-jan-2026,4,Dashboard
APT001530,PRJ0018,ANL017,2025-10-29,6,Reunião com cliente
APT001328,PRJ0015,ANL022,03/11/2025,6,Coleta
APT009349,PRJ0134,ANL015,2026-01-16,4,ETL
APT002436,PRJ0031,ANL015,10/31/2024,6,Apresentação
APT006894,PRJ0098,ANL024,15-ago-2025,5,Reunião com cliente
APT002367,PRJ0029,ANL019,2025-06-25,6.5,Apresentação
APT009685,PRJ0140,ANL024,2025-11-26,6,Dashboard
APT005272,PRJ0072,ANL006,2025-10-17,7.5,Coleta
APT007498,PRJ0106,ANL021,2026-05-25,7,Apresentação
APT007887,PRJ0113,ANL010,02/05/2024,2.5,Documentação
APT004525,PRJ0061,ANL006,2025-05-21,"4,5",Apresentação
APT009612,PRJ0139,ANL011,2024-11-01,3,Apresentação
APT002791,PRJ0034,ANL012,28/03/2024,5,Modelagem
APT005939,PRJ0081,ANL005,2026-04-28,7.5,Reunião com cliente
APT009089,PRJ0130,ANL007,2025-06-03,7,Documentação
APT003764,PRJ0047,ANL012,03/12/2024,7,Dashboard
APT009390,PRJ0135,ANL002,2024-04-01,2,Dashboard
APT008188,PRJ0119,ANL024,07/02/2024,6.5,Reunião com cliente
APT006993,PRJ0100,ANL016,05/29/2026,4,Documentação
APT004464,PRJ0059,ANL002,21/02/2025,4,Reunião com cliente
APT002721,PRJ0034,ANL006,14/02/2024,6,Modelagem
APT009228,PRJ0132,ANL022,2024-11-06,3.5,Documentação
APT009180,PRJ0131,ANL009,2024-02-13,5,ETL
APT005641,PRJ0079,ANL018,19-jun-2025,4,Coleta
APT003501,PRJ0042,ANL001,2025-07-21,7,DOCUMENTAÇÃO
APT005262,PRJ0072,ANL018,03/10/2025,3,ETL
APT009712,PRJ0140,ANL012,2025-09-01,2,Testes
APT005271,PRJ0072,ANL024,09/29/2025,4,Testes
APT008804,PRJ0124,ANL016,04/11/2024,7,Coleta
APT001937,PRJ0025,ANL004,19/03/2025,8,Testes
APT005064,PRJ0069,ANL018,2024-11-05,6,Dashboard
APT009660,PRJ0139,ANL017,12/02/2024,3,Documentação
APT006613,PRJ0093,ANL002,11/11/2024,5,Apresentação
APT008604,PRJ0121,ANL021,2026-04-20,3.5,Testes
APT005668,PRJ0079,ANL024,12/05/2025,7,Reunião com cliente
APT002059,PRJ0026,ANL009,2025-11-10,7,Testes
APT002439,PRJ0032,ANL024,2026-05-29,5,Reunião com cliente
APT006162,PRJ0083,ANL021,2025-07-29,3,Modelagem
APT005281,PRJ0072,ANL006,2025-10-06,"3,5",Documentação
APT003278,PRJ0042,ANL007,2025-05-05,5.5,ETL
APT007624,PRJ0108,ANL014,2024-06-19,3,Reunião com cliente
APT002631,PRJ0034,ANL018,07-mai-2024,4.5,Dashboard
APT009738,PRJ0140,ANL012,2025-11-24,6,Documentação
APT004192,PRJ0055,ANL008,15-ago-2024,5,Documentação
APT002576,PRJ0032,ANL006,05/27/2026,4,ETL
APT008411,PRJ0120,ANL001,2026-04-14,3,ETL
APT000734,PRJ0009,ANL011,05-nov-2025,7,Reunião com cliente
APT008472,PRJ0120,ANL001,2026-05-14,3,Modelagem
APT008070,PRJ0116,ANL001,08-mai-2025,6,Documentação
APT001448,PRJ0017,ANL022,13-mar-2025,8,Apresentação
APT008865,PRJ0126,ANL017,2026-05-01,7,Reunião com cliente
APT007574,PRJ0106,ANL009,04/27/2026,4.5,Apresentação
APT005683,PRJ0080,ANL003,18-nov-2024,6,Dashboard
APT005824,PRJ0081,ANL011,05/25/2026,7.5,Testes
APT003026,PRJ0037,ANL010,2025-05-20,7,MODELAGEM
APT006951,PRJ0099,ANL003,05/12/2025,2,DASHBOARD
APT002904,PRJ0036,ANL001,30-mar-2026,5,Apresentação
APT000900,PRJ0012,ANL017,2026-02-25,2,Testes
APT008625,PRJ0122,ANL021,2025-08-15,4.5,Apresentação
APT009713,PRJ0140,ANL024,2025-12-08,8,Reunião com cliente
APT003307,PRJ0042,ANL007,2025-09-29,2,ETL
APT000754,PRJ0010,ANL007,03/10/2024,7.5,Dashboard
APT002130,PRJ0026,ANL015,2025-12-17,4,Modelagem
APT006943,PRJ0099,ANL003,03-jul-2025,"2,5",Modelagem
APT009050,PRJ0130,ANL013,19-mai-2025,4,Coleta
APT007218,PRJ0103,ANL005,2025-04-30,6.5,Coleta
APT009147,PRJ0130,ANL001,06/06/2025,5,Apresentação
APT003800,PRJ0048,ANL005,02-dez-2024,6,Testes
APT009448,PRJ0136,ANL019,03/03/2026,3.5,Apresentação
APT000130,PRJ0003,ANL009,2025-09-24,7.5,Documentação
APT003682,PRJ0047,ANL024,09/23/2024,3,Dashboard
APT004090,PRJ0053,ANL002,2026-04-13,5,Testes
APT008352,PRJ0120,ANL019,2026-04-27,4,Apresentação
APT002415,PRJ0030,ANL003,10/14/2024,2,ETL
APT007927,PRJ0114,ANL005,2024-04-24,6,ETL
APT000388,PRJ0006,ANL002,2025-05-21,4,ETL
APT006849,PRJ0098,ANL012,2025-10-06,7,Dashboard
APT003541,PRJ0043,ANL023,28-nov-2025,4,Testes
APT002284,PRJ0029,ANL013,2025-09-26,3,Testes
APT004280,PRJ0056,ANL021,2025-04-11,2,Coleta
APT006542,PRJ0091,ANL003,2025-12-29,6,ETL
APT000425,PRJ0007,ANL016,22/10/2024,6,Apresentação
APT003330,PRJ0042,ANL019,12/08/2025,2,Apresentação
APT002105,PRJ0026,ANL015,04/09/2025,4,ETL
APT003183,PRJ0040,ANL012,07/08/2025,6,Coleta
APT004803,PRJ0064,ANL020,2026-04-14,7,Apresentação
APT002355,PRJ0029,ANL007,2025-05-28,4.5,Reunião com cliente
APT009668,PRJ0139,ANL017,2024-10-28,6,Modelagem
APT001262,PRJ0014,ANL008,2024-08-15,5,Modelagem
APT006167,PRJ0083,ANL021,08/11/2025,2,Reunião com cliente
APT002561,PRJ0032,ANL024,23-mar-2026,5.5,Reunião com cliente
APT009064,PRJ0130,ANL001,01-mai-2025,6.5,Testes
APT000064,PRJ0003,ANL009,2025-07-14,4.5,Apresentação
APT005804,PRJ0081,ANL017,2026-04-02,6,Coleta
APT002555,PRJ0032,ANL012,05/05/2026,8,Apresentação
APT008361,PRJ0120,ANL019,2026-05-08,2,Dashboard
APT004670,PRJ0063,ANL007,2026-05-29,4,Coleta
APT000245,PRJ0005,ANL017,02/06/2025,5,ETL
APT007525,PRJ0106,ANL015,06/02/2026,6,Apresentação
APT005239,PRJ0071,ANL017,2025-02-03,8,ETL
APT002240,PRJ0028,ANL004,10/07/2024,3,Dashboard
APT007566,PRJ0106,ANL021,27-abr-2026,6,Dashboard
APT007553,PRJ0106,ANL021,05/15/2026,6.5,Apresentação
APT008192,PRJ0119,ANL024,2024-04-03,8.5,Apresentação
APT006406,PRJ0089,ANL016,2024-09-09,5.5,Coleta
APT002232,PRJ0027,ANL013,21-out-2024,4.5,Dashboard
APT002684,PRJ0034,ANL024,2024-03-18,7,Coleta
APT006136,PRJ0083,ANL003,2025-09-11,7,Modelagem
APT001687,PRJ0022,ANL003,03/25/2026,4,Apresentação
APT000772,PRJ0010,ANL013,2024-07-24,5,Coleta
APT006308,PRJ0086,ANL003,2026-04-06,8,Dashboard
APT007239,PRJ0103,ANL005,2025-02-14,8,Apresentação
APT003573,PRJ0044,ANL011,2025-06-02,3,Modelagem
APT000625,PRJ0008,ANL011,2026-04-08,"3,5",ETL
APT005894,PRJ0081,ANL023,04/28/2026,6.5,Coleta
APT008909,PRJ0127,ANL018,29/09/2025,4,Documentação
APT002973,PRJ0036,ANL007,09/03/2026,4,Reunião com cliente
APT002204,PRJ0027,ANL019,03-out-2024,2.5,Documentação
APT006373,PRJ0087,ANL024,2025-11-12,5,Dashboard
APT002723,PRJ0034,ANL024,02/01/2024,7,ETL
APT004243,PRJ0055,ANL020,2024-06-14,"4,5",Coleta
APT004915,PRJ0066,ANL003,2024-11-14,"5,5",ETL
APT007070,PRJ0101,ANL012,05/18/2026,8,Documentação
APT008189,PRJ0119,ANL006,22-abr-2024,6,Apresentação
APT003221,PRJ0041,ANL023,2025-06-09,7,Testes
APT004748,PRJ0064,ANL002,2026-04-20,7.5,ETL
APT004590,PRJ0062,ANL011,14/01/2025,4,Modelagem
APT009720,PRJ0140,ANL012,2025-09-08,4.5,Dashboard
APT005264,PRJ0072,ANL012,10/20/2025,4,ETL
APT001115,PRJ0013,ANL005,2024-11-04,8,Apresentação
APT004259,PRJ0056,ANL015,2025-04-21,6,Reunião com cliente
APT004162,PRJ0054,ANL022,2025-09-19,6,Modelagem
APT008473,PRJ0120,ANL001,2026-04-27,6,Reunião com cliente
APT007153,PRJ0102,ANL013,26-dez-2024,8,Dashboard
APT002596,PRJ0033,ANL002,05-fev-2024,4,Dashboard
APT006553,PRJ0091,ANL003,2025-12-22,4,Modelagem
APT003084,PRJ0039,ANL001,2024-12-19,3,Apresentação
APT006392,PRJ0089,ANL010,2024-07-11,5,Coleta
APT003606,PRJ0046,ANL004,2024-02-14,6,Testes
APT000631,PRJ0008,ANL011,2026-03-13,"4,5",Dashboard
APT009674,PRJ0139,ANL023,12/09/2024,4.5,Apresentação
APT003627,PRJ0046,ANL004,2024-03-19,5,ETL
APT002254,PRJ0028,ANL010,10/21/2024,8,Testes
APT002476,PRJ0032,ANL012,04/03/2026,2.5,COLETA
APT001630,PRJ0021,ANL020,05-jan-2026,4,Reunião com cliente
APT001221,PRJ0014,ANL020,2024-10-21,5,Apresentação
APT008349,PRJ0120,ANL013,27/04/2026,3,Dashboard
APT007611,PRJ0108,ANL014,2024-06-24,7,Documentação
APT003082,PRJ0039,ANL013,2025-01-06,2,Coleta
APT008548,PRJ0121,ANL003,2026-06-22,8,Documentação
APT001886,PRJ0024,ANL011,2025-10-13,5,Reunião com cliente
APT007399,PRJ0106,ANL021,06/22/2026,7,Testes
APT003810,PRJ0048,ANL011,2024-12-11,8,Testes
APT004895,PRJ0065,ANL022,2026-03-17,6,Dashboard
APT009095,PRJ0130,ANL007,2025-05-15,4,Dashboard
APT007004,PRJ0100,ANL010,2026-06-02,6,ETL
APT000032,PRJ0001,ANL022,2024-04-08,6,Dashboard
APT000797,PRJ0010,ANL007,26-ago-2024,4,Apresentação
APT004253,PRJ0055,ANL020,2024-08-05,2,Coleta
APT000208,PRJ0005,ANL011,10/03/2025,3,Apresentação
APT001961,PRJ0025,ANL022,2025-02-12,8.5,Testes
APT007479,PRJ0106,ANL015,2026-05-15,7,Testes
APT002140,PRJ0026,ANL009,06/10/2025,8,Apresentação
APT004134,PRJ0053,ANL008,2026-02-23,7,Testes
APT003157,PRJ0039,ANL001,12/23/2024,8,Reunião com cliente
APT008057,PRJ0115,ANL005,06/17/2024,6.5,Documentação
APT008941,PRJ0128,ANL017,2026-05-07,"5,5",Coleta
APT006118,PRJ0083,ANL015,08/25/2025,6,Documentação
APT005021,PRJ0068,ANL005,2025-02-25,4,Documentação
APT001148,PRJ0013,ANL011,10/31/2024,8,Apresentação
APT006345,PRJ0086,ANL021,2026-04-13,6,Modelagem
APT007631,PRJ0109,ANL013,2026-05-08,7.5,Apresentação
APT001335,PRJ0015,ANL022,08/09/2025,6.5,Modelagem
APT006386,PRJ0088,ANL019,2025-10-07,6,Testes
APT001570,PRJ0019,ANL010,2025-01-20,6,ETL
APT001083,PRJ0012,ANL017,05/03/2026,7,Reunião com cliente
APT008363,PRJ0120,ANL013,13/04/2026,4,Dashboard
APT005385,PRJ0076,ANL021,2024-06-06,7,Modelagem
APT005111,PRJ0070,ANL004,2025-07-17,3,Dashboard
APT000882,PRJ0011,ANL020,08/19/2025,3,Reunião com cliente
APT003997,PRJ0051,ANL017,10/23/2024,"8,5",Coleta
APT003905,PRJ0050,ANL008,22-out-2025,3,Apresentação
APT001049,PRJ0012,ANL017,11-mai-2026,2,Testes
APT000101,PRJ0003,ANL021,2025-07-25,5,APRESENTAÇÃO
APT005506,PRJ0078,ANL011,2025-08-21,6,ETL
APT006038,PRJ0082,ANL010,2025-04-14,7.5,Modelagem
APT005696,PRJ0080,ANL003,11/11/2024,3,Dashboard
APT006034,PRJ0082,ANL016,06/17/2025,7,Apresentação
APT009069,PRJ0130,ANL001,2025-05-12,4,Testes
APT005198,PRJ0070,ANL022,2025-07-23,4,Apresentação
APT002995,PRJ0037,ANL016,21-abr-2025,2,Apresentação
APT009325,PRJ0134,ANL009,2026-02-23,8,Reunião com cliente
APT008584,PRJ0121,ANL015,2026-05-05,2,Testes
APT000152,PRJ0003,ANL015,14/10/2025,4.5,ETL
APT000518,PRJ0007,ANL016,12/30/2024,6,Testes
APT008102,PRJ0118,ANL008,2026-01-02,8.5,Testes
APT001029,PRJ0012,ANL023,05/27/2026,8,Coleta
APT001772,PRJ0023,ANL017,2026-02-26,7,Modelagem
APT008964,PRJ0128,ANL023,2026-06-08,4,Coleta
APT004531,PRJ0061,ANL018,2025-04-30,"4,5",Documentação
APT000243,PRJ0005,ANL005,13/01/2025,3,Coleta
APT008486,PRJ0120,ANL001,2026-06-15,6.5,Modelagem
APT006746,PRJ0095,ANL008,06/03/2025,5.5,Apresentação
APT005845,PRJ0081,ANL017,06/26/2026,4,Documentação
APT006972,PRJ0099,ANL009,06/30/2025,4.5,Apresentação
APT005301,PRJ0073,ANL003,2025-02-03,6.5,APRESENTAÇÃO
APT008591,PRJ0121,ANL015,2026-05-29,6,ETL
APT002148,PRJ0026,ANL015,03-nov-2025,4,Reunião com cliente
APT003704,PRJ0047,ANL012,2024-11-04,6.5,Reunião com cliente
APT005321,PRJ0073,ANL015,2025-02-17,6,Testes
APT007416,PRJ0106,ANL021,2026-05-08,4,Dashboard
APT006629,PRJ0093,ANL014,10/28/2024,3,Coleta
APT001709,PRJ0022,ANL015,2026-02-17,4.5,Dashboard
APT007363,PRJ0106,ANL009,04-mai-2026,4,Coleta
APT000302,PRJ0006,ANL020,2025-07-02,6,ETL
APT002853,PRJ0036,ANL013,2026-04-01,7,Documentação
APT008221,PRJ0119,ANL018,2024-04-04,"4,5",Coleta
APT009597,PRJ0138,ANL017,06/15/2026,6,Documentação
APT004123,PRJ0053,ANL002,03/09/2026,8,Dashboard
APT009051,PRJ0130,ANL013,05/05/2025,6.5,MODELAGEM
APT004341,PRJ0056,ANL015,2025-03-04,7.5,Coleta
APT009530,PRJ0136,ANL013,2026-05-15,4,Dashboard
APT000637,PRJ0008,ANL023,04/22/2026,"6,5",Testes
APT003273,PRJ0042,ANL001,2025-03-25,2,Testes
APT007950,PRJ0114,ANL023,11/04/2024,7,Reunião com cliente
APT003508,PRJ0042,ANL013,2025-09-09,6,Documentação
APT007894,PRJ0113,ANL010,26/04/2024,6,ETL
APT009103,PRJ0130,ANL013,2025-04-28,2,Coleta
APT008668,PRJ0122,ANL021,2025-12-01,5,Testes
APT006717,PRJ0095,ANL020,2025-04-14,7,Modelagem
APT007349,PRJ0105,ANL020,08-dez-2025,7,Reunião com cliente
APT000509,PRJ0007,ANL004,27/09/2024,7,ETL
APT002878,PRJ0036,ANL001,2026-05-13,3,Reunião com cliente
APT001597,PRJ0020,ANL010,2024-03-21,4,ETL
APT006116,PRJ0083,ANL003,14/11/2025,6,Apresentação
APT003073,PRJ0039,ANL013,12/18/2024,6,Testes
APT008491,PRJ0120,ANL007,06/26/2026,3,Modelagem
APT003916,PRJ0050,ANL002,2025-11-06,8,Modelagem
APT003761,PRJ0047,ANL024,2024-10-14,4,ETL
APT007770,PRJ0109,ANL013,05/04/2026,2,Apresentação
APT000229,PRJ0005,ANL005,17/02/2025,"6,5",Reunião com cliente
APT002775,PRJ0034,ANL018,2024-03-15,4,Apresentação
APT007130,PRJ0101,ANL018,2026-05-20,6.5,Modelagem
APT003735,PRJ0047,ANL018,2024-09-26,6,Apresentação
APT006404,PRJ0089,ANL010,24-jun-2024,2,Modelagem
APT004451,PRJ0059,ANL008,01-abr-2025,3,REUNIÃO COM CLIENTE
APT002399,PRJ0029,ANL013,06/10/2025,2,Modelagem
APT002164,PRJ0026,ANL009,2025-12-08,6,Modelagem
APT005221,PRJ0071,ANL011,17-fev-2025,5,Documentação
APT006390,PRJ0089,ANL004,15-jul-2024,4.5,Documentação
APT001725,PRJ0023,ANL017,2026-03-17,4,Documentação
APT009129,PRJ0130,ANL019,2025-04-16,7,ETL
APT007901,PRJ0113,ANL004,20/05/2024,7,DOCUMENTAÇÃO
APT009217,PRJ0132,ANL004,13/11/2024,4,Documentação
APT002615,PRJ0033,ANL020,2024-02-05,6,Modelagem
APT004300,PRJ0056,ANL009,2025-03-24,5,Modelagem
APT009458,PRJ0136,ANL001,2026-03-10,3.5,ETL
APT005160,PRJ0070,ANL010,2025-03-26,6.5,Coleta
APT003096,PRJ0039,ANL019,2024-10-28,2,Testes
APT002570,PRJ0032,ANL018,2026-04-03,4,Dashboard
APT007649,PRJ0109,ANL013,27/04/2026,8,Coleta
APT007871,PRJ0113,ANL010,2024-05-03,3,Coleta
APT008965,PRJ0128,ANL011,06/04/2026,6,Testes
APT002810,PRJ0035,ANL010,2025-02-24,6,Testes
APT002119,PRJ0026,ANL003,25/12/2025,"4,5",Reunião com cliente
APT007420,PRJ0106,ANL021,06/22/2026,2,Coleta
APT008355,PRJ0120,ANL013,2026-06-09,6,Dashboard
APT007112,PRJ0101,ANL012,06/16/2026,4,Coleta
APT004505,PRJ0060,ANL018,2025-05-13,4,Modelagem
APT004866,PRJ0065,ANL016,2026-01-28,3,ETL
APT006964,PRJ0099,ANL021,13-jun-2025,6,Documentação
APT004645,PRJ0063,ANL001,2026-05-13,6,ETL
APT007077,PRJ0101,ANL018,06/11/2026,2,ETL
APT002511,PRJ0032,ANL024,23/02/2026,4,Testes
APT007813,PRJ0111,ANL017,2026-04-20,4,Documentação
APT007162,PRJ0102,ANL007,2025-01-20,6,Documentação
APT004213,PRJ0055,ANL002,22-jul-2024,2,Reunião com cliente
APT002763,PRJ0034,ANL006,14/03/2024,7.5,ETL
APT000200,PRJ0004,ANL023,2024-04-01,6,Reunião com cliente
APT008228,PRJ0119,ANL006,2024-05-23,4,ETL
APT009389,PRJ0135,ANL020,2024-03-05,2,Apresentação
APT000846,PRJ0010,ANL007,19-ago-2024,4,Documentação
APT009537,PRJ0136,ANL019,2026-01-13,4,Documentação
APT002544,PRJ0032,ANL006,2026-06-15,5.5,Testes
APT005748,PRJ0081,ANL005,2026-03-30,3.5,Testes
APT000508,PRJ0007,ANL010,2024-10-03,8.5,ETL
APT003767,PRJ0047,ANL012,2024-08-08,3,Testes
APT000021,PRJ0001,ANL016,03/25/2024,6,Documentação
APT009387,PRJ0135,ANL014,03/15/2024,6,Reunião com cliente
APT004678,PRJ0063,ANL013,2026-05-13,3,Coleta
APT008331,PRJ0120,ANL001,2026-06-22,4.5,Coleta
APT009178,PRJ0131,ANL009,2024-02-26,3.5,Testes
APT005573,PRJ0079,ANL024,2025-06-30,2.5,Modelagem
APT001894,PRJ0024,ANL011,2025-08-27,4,Coleta
APT006667,PRJ0093,ANL002,2024-10-15,4,Reunião com cliente
APT004099,PRJ0053,ANL002,2026-02-20,8,Coleta
APT006007,PRJ0082,ANL010,2025-07-07,6,Documentação
APT004089,PRJ0052,ANL016,2026-04-06,6,Documentação
APT007557,PRJ0106,ANL015,2026-04-22,6,Dashboard
APT004362,PRJ0057,ANL012,2026-04-27,8,Testes
APT004204,PRJ0055,ANL020,2024-10-10,2.5,Documentação
APT005560,PRJ0078,ANL017,2025-07-07,6,Coleta
APT005682,PRJ0080,ANL009,21/11/2024,4,Dashboard
APT001469,PRJ0017,ANL010,10-fev-2025,6,Dashboard
APT003623,PRJ0046,ANL010,2024-02-09,4,Testes
APT004715,PRJ0063,ANL019,2026-05-29,6,Documentação
APT004970,PRJ0066,ANL009,11/04/2024,3.5,Dashboard
APT005153,PRJ0070,ANL016,2025-07-23,6,Apresentação
APT005620,PRJ0079,ANL018,16-jul-2025,3,Modelagem
APT000378,PRJ0006,ANL002,04/21/2025,2,Documentação
APT005648,PRJ0079,ANL018,11-jun-2025,2,Coleta
APT009575,PRJ0138,ANL023,26-mai-2026,8,Reunião com cliente
APT003100,PRJ0039,ANL007,28-out-2024,2,ETL
APT000202,PRJ0004,ANL005,09-abr-2024,2,Apresentação
APT000647,PRJ0008,ANL005,2026-04-15,2.5,Reunião com cliente
APT000097,PRJ0003,ANL015,18-ago-2025,4,Coleta
APT006564,PRJ0092,ANL013,23/08/2024,7,Apresentação
APT001924,PRJ0025,ANL016,17-fev-2025,7.5,Testes
APT005398,PRJ0076,ANL009,2024-06-11,6.5,Apresentação
APT003603,PRJ0045,ANL004,12/03/2025,4,Testes
APT004573,PRJ0062,ANL017,2024-11-14,2,Reunião com cliente
APT002137,PRJ0026,ANL015,2025-12-26,"4,5",Coleta
APT003576,PRJ0045,ANL010,24-fev-2025,6,MODELAGEM
APT008330,PRJ0120,ANL001,04/07/2026,3,ETL
APT001281,PRJ0014,ANL020,07/15/2024,8.5,ETL
APT007835,PRJ0112,ANL015,2025-08-11,4,Testes
APT006300,PRJ0086,ANL009,03/23/2026,4,Dashboard
APT006350,PRJ0086,ANL003,2026-03-23,3.5,Documentação
APT000058,PRJ0002,ANL019,2024-10-04,4,Documentação
APT002269,PRJ0029,ANL019,2025-11-03,8,Reunião com cliente
APT005826,PRJ0081,ANL005,2026-06-05,7.5,DASHBOARD
APT000353,PRJ0006,ANL008,2025-05-07,5,Modelagem
APT003356,PRJ0042,ANL019,2025-06-23,8,Coleta
APT003318,PRJ0042,ANL019,04/07/2025,7,Dashboard
APT002445,PRJ0032,ANL012,2026-02-18,3,ETL
APT003855,PRJ0049,ANL006,16/02/2026,3.5,Modelagem
APT008929,PRJ0127,ANL012,2025-09-22,6,Coleta
APT006171,PRJ0083,ANL021,2025-06-02,6,Modelagem
APT007669,PRJ0109,ANL013,2026-04-14,7,Apresentação
APT008425,PRJ0120,ANL001,2026-06-08,4,Dashboard
APT000564,PRJ0007,ANL022,2024-10-28,5,ETL
APT005640,PRJ0079,ANL024,23/06/2025,8,Apresentação
APT003930,PRJ0050,ANL014,2025-10-20,3,Dashboard
APT009596,PRJ0138,ANL005,29-mai-2026,8,Testes
APT009300,PRJ0133,ANL024,2026-06-15,6.5,Modelagem
APT004028,PRJ0052,ANL004,2026-04-14,4,Reunião com cliente
APT004872,PRJ0065,ANL022,03/20/2026,7,Modelagem
APT002327,PRJ0029,ANL019,2025-07-22,6,Modelagem
APT001574,PRJ0019,ANL016,06-jan-2025,4,Apresentação
APT008710,PRJ0122,ANL021,2025-09-01,7,Documentação
APT007831,PRJ0111,ANL011,23/04/2026,8,Dashboard
APT003005,PRJ0037,ANL004,2025-06-12,5,Testes
APT001089,PRJ0012,ANL005,2026-02-10,6,Modelagem
APT008956,PRJ0128,ANL011,2026-04-02,3,Apresentação
APT002289,PRJ0029,ANL013,08/28/2025,5,ETL
APT008015,PRJ0115,ANL017,07/02/2024,7,Modelagem
APT006929,PRJ0099,ANL009,12-mai-2025,4,Dashboard
APT004589,PRJ0062,ANL011,2024-12-19,4,Modelagem
APT006458,PRJ0089,ANL010,2024-08-29,5.5,Coleta
APT000071,PRJ0003,ANL003,2025-08-26,7,Testes
APT009456,PRJ0136,ANL013,30-mar-2026,6,ETL
APT001271,PRJ0014,ANL014,2024-09-30,6,Coleta
APT009291,PRJ0133,ANL006,2026-06-22,3,Reunião com cliente
APT005751,PRJ0081,ANL011,2026-05-05,2,DASHBOARD
APT004819,PRJ0064,ANL020,2026-05-12,3,Coleta
APT008651,PRJ0122,ANL021,05-set-2025,6.5,TESTES
APT003858,PRJ0049,ANL006,2026-02-10,4,Reunião com cliente
APT002407,PRJ0030,ANL009,14-out-2024,7,Testes
APT000233,PRJ0005,ANL023,2025-03-10,2,Documentação
APT009158,PRJ0131,ANL021,2024-02-26,6,Documentação
APT000390,PRJ0006,ANL020,24/03/2025,5,Reunião com cliente
APT008397,PRJ0120,ANL019,2026-06-12,2,Documentação
APT000284,PRJ0005,ANL005,2025-01-08,6,Documentação
APT004653,PRJ0063,ANL013,25/05/2026,2,Dashboard
APT002632,PRJ0034,ANL006,01/22/2024,3,Reunião com cliente
APT000920,PRJ0012,ANL017,2026-05-15,2,Documentação
APT003192,PRJ0040,ANL006,08/04/2025,4,Modelagem
APT004284,PRJ0056,ANL009,03/27/2025,7,Dashboard
APT003639,PRJ0046,ANL016,23-fev-2024,3,Apresentação
APT005567,PRJ0079,ANL024,2025-06-23,2,Coleta
APT006923,PRJ0098,ANL024,09/01/2025,5.5,ETL
APT000534,PRJ0007,ANL016,2024-12-31,5,Reunião com cliente
APT003027,PRJ0037,ANL004,2025-05-19,3,Documentação
APT005895,PRJ0081,ANL005,2026-05-07,3.5,Coleta
APT008417,PRJ0120,ANL019,2026-05-25,8,Coleta
APT005489,PRJ0078,ANL011,2025-07-15,8.5,Documentação
APT004212,PRJ0055,ANL002,20/06/2024,7.5,Coleta
APT008773,PRJ0124,ANL010,2024-09-25,4,Apresentação
APT007622,PRJ0108,ANL008,25-jun-2024,3.5,Testes
APT001583,PRJ0019,ANL022,2024-12-16,6,Testes
APT007379,PRJ0106,ANL021,2026-06-24,6,Documentação
APT002783,PRJ0034,ANL024,2024-03-04,8,Testes
APT006991,PRJ0100,ANL004,21/05/2026,5,Apresentação
APT003357,PRJ0042,ANL019,2025-09-16,6,ETL
APT007483,PRJ0106,ANL003,06/03/2026,8,Modelagem
APT007167,PRJ0102,ANL019,26-fev-2025,3.5,Coleta
APT001339,PRJ0015,ANL016,2025-09-29,"6,5",Apresentação
APT003803,PRJ0048,ANL023,2024-12-30,5,Apresentação
APT001812,PRJ0024,ANL023,20-ago-2025,5,Documentação
APT000106,PRJ0003,ANL015,2025-08-18,8,Apresentação
APT006291,PRJ0086,ANL003,15/05/2026,2,Apresentação
APT006064,PRJ0083,ANL003,2025-07-08,5,Testes
APT004172,PRJ0055,ANL014,10/07/2024,4,Dashboard
APT006597,PRJ0093,ANL008,2024-09-12,2.5,Dashboard
APT007576,PRJ0106,ANL003,2026-04-30,6,DOCUMENTAÇÃO
APT001066,PRJ0012,ANL005,2026-05-04,4,Apresentação
APT005976,PRJ0082,ANL016,25/03/2025,5.5,REUNIÃO COM CLIENTE
APT007533,PRJ0106,ANL003,2026-06-22,8,Reunião com cliente
APT003654,PRJ0046,ANL004,02/29/2024,5,Modelagem
APT008489,PRJ0120,ANL019,21/05/2026,8,Modelagem
APT006576,PRJ0093,ANL020,2024-08-30,7,APRESENTAÇÃO
APT005762,PRJ0081,ANL017,2026-05-11,7,Modelagem
APT002903,PRJ0036,ANL001,25/05/2026,6,Documentação
APT007492,PRJ0106,ANL015,2026-05-22,4,Coleta
APT005477,PRJ0078,ANL017,2025-09-22,3,Apresentação
APT005292,PRJ0073,ANL009,02/21/2025,2,Dashboard
APT001451,PRJ0017,ANL022,2025-01-17,8,MODELAGEM
APT007309,PRJ0104,ANL006,2024-05-03,6,Apresentação
APT003225,PRJ0041,ANL023,30/04/2025,2,Reunião com cliente
APT007376,PRJ0106,ANL021,24/06/2026,7,REUNIÃO COM CLIENTE
APT004444,PRJ0059,ANL020,02-abr-2025,3.5,Testes
APT003617,PRJ0046,ANL010,29/01/2024,8,Testes
APT003929,PRJ0050,ANL002,2025-09-15,2,Testes
APT005664,PRJ0079,ANL012,2025-07-01,2,Apresentação
APT009057,PRJ0130,ANL001,11-jun-2025,7,Apresentação
APT006213,PRJ0084,ANL023,2025-08-18,6,Modelagem
APT000244,PRJ0005,ANL023,31-dez-2024,4,ETL
APT009026,PRJ0129,ANL019,2025-12-15,3,DOCUMENTAÇÃO
APT001783,PRJ0023,ANL005,30/03/2026,3,Modelagem
APT004802,PRJ0064,ANL020,05/12/2026,2,Apresentação
APT003280,PRJ0042,ANL001,2025-03-26,7,Documentação
APT000572,PRJ0008,ANL011,09/03/2026,4,Documentação
APT007776,PRJ0110,ANL014,03-fev-2025,7,DASHBOARD
APT006673,PRJ0093,ANL008,2024-09-25,7,Testes
APT005937,PRJ0081,ANL017,2026-06-18,5.5,Reunião com cliente
APT007673,PRJ0109,ANL001,2026-03-16,6.5,ETL
APT007113,PRJ0101,ANL012,2026-05-06,4,Apresentação
APT005685,PRJ0080,ANL009,2024-11-27,2,ETL
APT009452,PRJ0136,ANL001,2026-03-18,7,Apresentação
APT004055,PRJ0052,ANL016,2026-03-10,3.5,Coleta
APT004536,PRJ0061,ANL006,04/28/2025,6.5,Testes
APT002770,PRJ0034,ANL006,18/03/2024,6,ETL
APT007795,PRJ0110,ANL002,2025-02-14,"3,5",Reunião com cliente
APT000369,PRJ0006,ANL020,31/03/2025,6.5,Testes
APT005659,PRJ0079,ANL006,2025-06-06,"6,5",Coleta
APT006548,PRJ0091,ANL015,2025-12-22,3.5,Reunião com cliente
APT002953,PRJ0036,ANL001,04-mai-2026,2,Testes
APT007222,PRJ0103,ANL005,14/02/2025,6,Reunião com cliente
APT002432,PRJ0031,ANL009,2024-10-21,8,ETL
APT009724,PRJ0140,ANL024,2025-11-19,5.5,Dashboard
APT003424,PRJ0042,ANL001,2025-05-06,4,Documentação
APT005040,PRJ0069,ANL024,09/05/2024,6.5,Dashboard
APT002504,PRJ0032,ANL024,04/03/2026,6,Coleta
APT008704,PRJ0122,ANL009,2025-11-11,8.5,Coleta
APT001520,PRJ0018,ANL005,2025-10-06,7.5,Modelagem
APT005430,PRJ0077,ANL014,05/11/2024,6,ETL
APT006977,PRJ0099,ANL003,30/06/2025,4.5,ETL
APT000593,PRJ0008,ANL011,01/06/2026,4,Modelagem
APT000133,PRJ0003,ANL009,07/21/2025,"4,5",Testes
APT007931,PRJ0114,ANL005,04/26/2024,2,Documentação
APT009350,PRJ0134,ANL021,05/01/2026,6,Coleta
APT009383,PRJ0135,ANL020,2024-03-05,4,Coleta
APT000894,PRJ0011,ANL008,01/09/2025,6,Apresentação
APT008104,PRJ0118,ANL002,09/02/2026,4,Modelagem
APT009693,PRJ0140,ANL006,02/02/2026,2,Dashboard
APT009498,PRJ0136,ANL013,09-mar-2026,6,Dashboard
APT002404,PRJ0030,ANL015,2024-10-14,5.5,Dashboard
APT000862,PRJ0010,ANL007,2024-07-15,3,Modelagem
APT004572,PRJ0062,ANL023,2024-11-26,6,Reunião com cliente
APT003887,PRJ0050,ANL020,2025-10-13,4,Dashboard
APT008648,PRJ0122,ANL015,2025-09-08,4,Testes
APT009124,PRJ0130,ANL007,2025-04-16,4.5,Dashboard
APT002002,PRJ0026,ANL021,10/13/2025,5,Modelagem
APT009136,PRJ0130,ANL001,2025-05-23,4,Apresentação
APT003442,PRJ0042,ANL001,04/08/2025,6,Modelagem
APT007023,PRJ0101,ANL012,2026-05-08,8.5,Reunião com cliente
APT007333,PRJ0104,ANL012,2024-05-16,"5,5",Dashboard
APT001167,PRJ0013,ANL023,09/12/2024,2,Reunião com cliente
APT001480,PRJ0017,ANL022,2025-01-15,3,Coleta
APT008482,PRJ0120,ANL019,06/04/2026,6,Coleta
APT006633,PRJ0093,ANL014,2024-09-06,6,Documentação
APT001638,PRJ0021,ANL008,12/03/2025,3,Reunião com cliente
APT002948,PRJ0036,ANL007,2026-04-28,6.5,Modelagem
APT007470,PRJ0106,ANL003,2026-06-25,6.5,Testes
APT004944,PRJ0066,ANL009,2024-12-03,8.5,Testes
APT007361,PRJ0106,ANL015,2026-05-27,6,ETL
APT008999,PRJ0129,ANL013,2026-01-28,8,Coleta
APT002064,PRJ0026,ANL021,28-out-2025,2,Dashboard
APT002366,PRJ0029,ANL001,06/20/2025,4.5,Coleta
APT008685,PRJ0122,ANL009,14/11/2025,6,Reunião com cliente
APT003118,PRJ0039,ANL013,2024-11-04,7,Coleta
APT006470,PRJ0089,ANL022,2024-08-28,6.5,Reunião com cliente
APT007602,PRJ0107,ANL017,04/21/2025,7,Documentação
APT009560,PRJ0137,ANL019,14/07/2025,2,Modelagem
APT001612,PRJ0020,ANL022,2024-03-14,6,Documentação
APT004627,PRJ0063,ANL007,06/26/2026,6,Testes
APT005442,PRJ0077,ANL008,2024-10-22,6.5,Modelagem
APT004143,PRJ0053,ANL002,31-mar-2026,4,Modelagem
APT004644,PRJ0063,ANL007,2026-06-15,6,Modelagem
APT008181,PRJ0119,ANL012,29/02/2024,3,ETL
APT004334,PRJ0056,ANL009,2025-04-21,7,Testes
APT001159,PRJ0013,ANL023,2024-11-25,"3,5",Dashboard
APT008294,PRJ0120,ANL001,22-abr-2026,5,Coleta
APT000472,PRJ0007,ANL016,2025-02-14,7,Modelagem
APT003547,PRJ0043,ANL005,02/12/2025,"7,5",ETL
APT001592,PRJ0019,ANL004,2025-02-10,4.5,Reunião com cliente
APT000514,PRJ0007,ANL016,2025-01-13,8.5,Dashboard
APT004686,PRJ0063,ANL001,2026-05-28,5,Coleta
APT007448,PRJ0106,ANL015,05/04/2026,6,Modelagem
APT000171,PRJ0004,ANL017,2024-04-24,3,Documentação
APT005159,PRJ0070,ANL010,05/20/2025,7,Documentação
APT003963,PRJ0051,ANL005,2024-11-25,2,Modelagem
APT000367,PRJ0006,ANL020,2025-05-19,2,Reunião com cliente
APT007863,PRJ0113,ANL010,2024-05-29,6,Modelagem
APT003350,PRJ0042,ANL007,2025-09-12,4,Apresentação
APT008318,PRJ0120,ANL019,2026-05-20,6.5,Testes
APT007357,PRJ0106,ANL015,04/01/2026,"4,5",Apresentação
APT002163,PRJ0026,ANL021,09/18/2025,4,Dashboard
APT007231,PRJ0103,ANL023,02/14/2025,"8,5",Apresentação
APT002486,PRJ0032,ANL018,2026-06-02,8,Documentação
APT006650,PRJ0093,ANL002,11/14/2024,2,Reunião com cliente
APT002259,PRJ0029,ANL001,09/10/2025,4,Apresentação
APT004390,PRJ0057,ANL018,2026-03-23,7,Documentação
APT005498,PRJ0078,ANL011,2025-10-22,3,Modelagem
APT002239,PRJ0028,ANL022,07-out-2024,"7,5",Coleta
APT004933,PRJ0066,ANL015,01/11/2024,6,Testes
APT000125,PRJ0003,ANL021,18-jun-2025,4,ETL
APT007750,PRJ0109,ANL019,2026-05-11,3,Dashboard
APT004797,PRJ0064,ANL008,2026-04-06,8,Coleta
APT005162,PRJ0070,ANL022,2025-07-07,2,Testes
APT009653,PRJ0139,ANL011,12/10/2024,2.5,Coleta
APT004503,PRJ0060,ANL018,2025-05-12,6,Modelagem
APT001983,PRJ0025,ANL004,2025-02-21,5,Documentação
APT005619,PRJ0079,ANL006,14/05/2025,2,Coleta
APT000597,PRJ0008,ANL023,2026-04-29,5,Coleta
APT003915,PRJ0050,ANL014,2025-10-17,2,Apresentação
APT006006,PRJ0082,ANL022,04/14/2025,4,Testes
APT004352,PRJ0056,ANL009,07/04/2025,6,Coleta
APT003053,PRJ0039,ANL007,2025-02-03,8.5,Documentação
APT001745,PRJ0023,ANL023,2026-03-09,6.5,Coleta
APT001410,PRJ0016,ANL004,2026-06-04,2,ETL
APT009084,PRJ0130,ANL001,16/06/2025,6,Documentação
APT000474,PRJ0007,ANL022,01/10/2024,6.5,Documentação
APT001120,PRJ0013,ANL023,10/30/2024,4.5,Coleta
APT003934,PRJ0050,ANL002,10/01/2025,8,Coleta
APT000234,PRJ0005,ANL011,2025-02-13,8,Documentação
APT005879,PRJ0081,ANL005,05-mai-2026,7,Modelagem
APT007700,PRJ0109,ANL019,04/24/2026,3,Testes
APT001658,PRJ0021,ANL020,22-dez-2025,8,Coleta
APT004978,PRJ0066,ANL003,2024-10-22,4,Reunião com cliente
APT004987,PRJ0067,ANL001,2024-06-03,8,Apresentação
APT005276,PRJ0072,ANL012,10/10/2025,3.5,COLETA
APT002757,PRJ0034,ANL018,09-abr-2024,6,Dashboard
APT000511,PRJ0007,ANL010,11/15/2024,"2,5",Apresentação
APT004633,PRJ0063,ANL001,02-jun-2026,4,Documentação
APT007882,PRJ0113,ANL010,04/29/2024,3,Dashboard
APT001449,PRJ0017,ANL022,02/20/2025,8,Coleta
APT004956,PRJ0066,ANL021,12/10/2024,6,Documentação
APT000939,PRJ0012,ANL017,2026-04-20,6,Modelagem
APT003590,PRJ0045,ANL016,11-mar-2025,3,Testes
APT004171,PRJ0055,ANL002,15-jul-2024,5,Reunião com cliente
APT001683,PRJ0022,ANL003,2026-02-20,6.5,Dashboard
APT002344,PRJ0029,ANL013,25-ago-2025,2.5,Modelagem
APT005454,PRJ0078,ANL005,2025-06-16,5.5,Testes
APT003338,PRJ0042,ANL013,28-abr-2025,6,ETL
APT007255,PRJ0103,ANL005,2025-01-31,6,Documentação
APT003834,PRJ0048,ANL023,10/12/2024,8,Apresentação
APT004720,PRJ0063,ANL013,2026-06-01,4,Dashboard
APT006388,PRJ0089,ANL022,2024-06-25,4.5,Testes
APT006413,PRJ0089,ANL016,2024-08-26,7,Dashboard
APT000135,PRJ0003,ANL015,2025-10-14,5.5,Reunião com cliente
APT007055,PRJ0101,ANL006,20-abr-2026,7,Coleta
APT006565,PRJ0092,ANL007,14-ago-2024,6,Testes
APT004887,PRJ0065,ANL022,2026-02-18,6.5,Apresentação
APT009003,PRJ0129,ANL013,2025-12-03,6,Dashboard
APT002304,PRJ0029,ANL019,2025-09-24,3,Testes
APT005569,PRJ0079,ANL006,2025-05-22,"6,5",Testes
APT006544,PRJ0091,ANL015,04-dez-2025,4,Reunião com cliente
APT007547,PRJ0106,ANL015,2026-04-09,2.5,Testes
APT004247,PRJ0055,ANL002,18/07/2024,2,Dashboard
APT008453,PRJ0120,ANL007,2026-06-15,2,Modelagem
APT002039,PRJ0026,ANL003,2025-09-29,6.5,Apresentação
APT007402,PRJ0106,ANL009,2026-04-06,6,Documentação
APT002016,PRJ0026,ANL021,01/08/2026,4.5,Apresentação
APT005205,PRJ0070,ANL004,2025-04-11,5,Reunião com cliente
APT005363,PRJ0075,ANL014,2025-08-05,3,Testes
APT001875,PRJ0024,ANL017,16-set-2025,6.5,Modelagem
APT008930,PRJ0127,ANL012,06/11/2025,3,Coleta
APT007319,PRJ0104,ANL006,2024-04-30,2,Testes
APT006666,PRJ0093,ANL002,2024-09-30,6,Coleta
APT007256,PRJ0103,ANL017,2025-01-27,3,Testes
APT003297,PRJ0042,ANL001,06/02/2025,8.5,Testes
APT003085,PRJ0039,ANL001,22/01/2025,4,Coleta
APT000164,PRJ0004,ANL017,2024-03-25,7.5,ETL
APT004747,PRJ0064,ANL008,2026-05-11,7,Apresentação
APT005656,PRJ0079,ANL024,06/23/2025,3,Coleta
APT001143,PRJ0013,ANL011,2024-10-28,2.5,Apresentação
APT005853,PRJ0081,ANL017,2026-06-08,4,Testes
APT005383,PRJ0076,ANL021,05/20/2024,7,Reunião com cliente
APT002372,PRJ0029,ANL013,10-nov-2025,4,ETL
APT003758,PRJ0047,ANL024,12-dez-2024,8,Reunião com cliente
APT001194,PRJ0014,ANL002,2024-10-03,2,Reunião com cliente
APT006601,PRJ0093,ANL008,09/04/2024,4,REUNIÃO COM CLIENTE
APT000294,PRJ0005,ANL017,03/04/2025,4.5,Reunião com cliente
APT005830,PRJ0081,ANL023,19-jun-2026,6,Dashboard
APT002881,PRJ0036,ANL019,2026-04-22,8,Coleta
APT001800,PRJ0024,ANL023,2025-10-14,4,Apresentação
APT006324,PRJ0086,ANL015,2026-04-20,6,Dashboard
APT000861,PRJ0010,ANL013,08/05/2024,6,Apresentação
APT003894,PRJ0050,ANL020,2025-11-06,2,Coleta
APT004520,PRJ0060,ANL012,12/05/2025,3.5,Reunião com cliente
APT008779,PRJ0124,ANL010,2024-10-16,6,Reunião com cliente
APT008760,PRJ0123,ANL008,2025-07-17,7.5,ETL
APT000854,PRJ0010,ANL019,07/30/2024,2,ETL
APT008664,PRJ0122,ANL021,20/10/2025,6.5,Coleta
APT008719,PRJ0122,ANL021,2025-09-05,2,Apresentação
APT008501,PRJ0121,ANL003,2026-06-04,8,ETL
APT000498,PRJ0007,ANL016,2025-01-29,4.5,ETL
APT001632,PRJ0021,ANL020,2025-10-17,3,Coleta
APT001852,PRJ0024,ANL005,2025-08-20,4.5,Coleta
APT003862,PRJ0049,ANL018,20/01/2026,6,ETL
APT005433,PRJ0077,ANL020,2024-11-22,6,Coleta
APT007066,PRJ0101,ANL018,2026-05-15,6.5,Dashboard
APT002683,PRJ0034,ANL012,2024-05-02,5,Coleta
APT001138,PRJ0013,ANL005,2024-10-30,7,Apresentação
APT008663,PRJ0122,ANL003,2025-09-22,6,Reunião com cliente
APT000562,PRJ0007,ANL004,2024-09-19,4.5,Modelagem
APT001482,PRJ0017,ANL004,05/03/2025,4,Testes
APT001755,PRJ0023,ANL011,23/01/2026,3,ETL
APT001192,PRJ0014,ANL020,2024-09-10,6,Modelagem
APT002803,PRJ0035,ANL016,2025-03-11,8,Testes
APT007098,PRJ0101,ANL018,05/28/2026,2,ETL
APT009669,PRJ0139,ANL017,2024-11-25,8.5,Testes
APT008849,PRJ0126,ANL023,2026-02-04,5,Apresentação
APT009006,PRJ0129,ANL007,2025-12-24,4,ETL
APT006797,PRJ0096,ANL003,04/27/2026,6,ETL
APT009585,PRJ0138,ANL017,2026-05-22,8,Coleta
APT001220,PRJ0014,ANL008,2024-07-08,2,Modelagem
APT005709,PRJ0080,ANL021,2024-11-20,6,Coleta
APT000351,PRJ0006,ANL014,2025-07-07,6,ETL
APT000038,PRJ0001,ANL022,2024-05-07,5,Documentação
APT003160,PRJ0039,ANL019,2025-01-13,6,Dashboard
APT007856,PRJ0112,ANL015,2025-08-06,4,Apresentação
APT006961,PRJ0099,ANL003,2025-06-16,6,Reunião com cliente
APT008534,PRJ0121,ANL015,2026-05-28,3.5,Testes
APT005212,PRJ0070,ANL022,2025-06-23,8.5,ETL
APT009726,PRJ0140,ANL024,2025-11-24,2,DOCUMENTAÇÃO
APT006112,PRJ0083,ANL009,2025-08-06,2,ETL
APT000159,PRJ0004,ANL023,04/04/2024,4,Documentação
APT005537,PRJ0078,ANL005,10/16/2025,3.5,Dashboard
APT008200,PRJ0119,ANL006,2024-04-23,6,Dashboard
APT005183,PRJ0070,ANL016,2025-05-13,4,Dashboard
APT004496,PRJ0060,ANL012,2025-05-06,8,Dashboard
APT004493,PRJ0059,ANL008,17-mar-2025,4,Modelagem
APT004861,PRJ0064,ANL014,2026-03-26,"4,5",Modelagem
APT007320,PRJ0104,ANL018,13/05/2024,7,Documentação
APT001387,PRJ0016,ANL004,2026-05-18,6,Documentação
APT007860,PRJ0112,ANL021,03-jul-2025,6,Coleta
APT005178,PRJ0070,ANL016,21/03/2025,6.5,ETL
APT000310,PRJ0006,ANL020,2025-04-28,3,Apresentação
APT008800,PRJ0124,ANL016,2024-10-14,6.5,ETL
APT004273,PRJ0056,ANL021,2025-03-03,6,Reunião com cliente
APT007568,PRJ0106,ANL021,2026-06-18,4,Apresentação
APT007753,PRJ0109,ANL013,2026-03-25,"4,5",Coleta
APT009301,PRJ0133,ANL018,01/06/2026,"6,5",ETL
APT008107,PRJ0118,ANL002,2026-02-02,"4,5",Dashboard
APT005218,PRJ0070,ANL016,2025-06-30,7,Reunião com cliente
APT005655,PRJ0079,ANL024,10-jul-2025,6,Reunião com cliente
APT001951,PRJ0025,ANL016,04/04/2025,8,COLETA
APT006684,PRJ0094,ANL016,21-ago-2025,5.5,Coleta
APT001515,PRJ0018,ANL011,2025-10-06,6,Apresentação
APT005965,PRJ0081,ANL017,2026-04-08,4,Reunião com cliente
APT004554,PRJ0062,ANL023,2024-11-14,6,ETL
APT007031,PRJ0101,ANL024,2026-06-08,5,Testes
APT005490,PRJ0078,ANL011,2025-07-01,8.5,Modelagem
APT001815,PRJ0024,ANL005,2025-09-22,8,Documentação
APT002989,PRJ0037,ANL016,06/09/2025,6,Reunião com cliente
APT001452,PRJ0017,ANL010,2025-03-13,8,ETL
APT005266,PRJ0072,ANL006,2025-11-03,5.5,Reunião com cliente
APT009271,PRJ0133,ANL024,2026-06-03,6,Apresentação
APT000928,PRJ0012,ANL023,2026-04-27,5.5,Dashboard
APT001236,PRJ0014,ANL002,2024-07-31,6,Dashboard
APT006315,PRJ0086,ANL015,2026-03-16,6,Modelagem
APT008254,PRJ0119,ANL018,2024-01-16,7,Coleta
APT002752,PRJ0034,ANL006,2024-06-03,5.5,ETL
APT002325,PRJ0029,ANL001,2025-09-19,7,Dashboard
APT007419,PRJ0106,ANL021,06-abr-2026,5.5,Modelagem
APT007846,PRJ0112,ANL015,07-jul-2025,6,Apresentação
APT000995,PRJ0012,ANL023,2026-05-13,6,ETL
APT009197,PRJ0131,ANL009,14-mar-2024,6,Dashboard
APT007682,PRJ0109,ANL007,2026-06-10,6,Testes
APT006757,PRJ0095,ANL008,2025-02-19,"3,5",Apresentação
APT000439,PRJ0007,ANL022,14/02/2025,4,Modelagem
APT009333,PRJ0134,ANL003,2026-02-03,4,ETL
APT007684,PRJ0109,ANL019,17/04/2026,6,Coleta
APT006753,PRJ0095,ANL014,23/04/2025,6.5,Coleta
APT008752,PRJ0123,ANL002,2025-06-27,4,ETL
APT006041,PRJ0082,ANL004,05/12/2025,6,Dashboard
APT008803,PRJ0124,ANL016,2024-11-04,4,Reunião com cliente
APT005543,PRJ0078,ANL011,16-jun-2025,5,ETL
APT001878,PRJ0024,ANL017,2025-09-01,3,Apresentação
APT007897,PRJ0113,ANL004,2024-06-03,7,ETL
APT007380,PRJ0106,ANL009,2026-06-02,7,Testes
APT009603,PRJ0138,ANL017,28-mai-2026,2,Testes
APT008823,PRJ0126,ANL005,2026-03-31,7,Coleta
APT001554,PRJ0019,ANL022,02/07/2025,4,Testes
APT008429,PRJ0120,ANL019,2026-04-01,5.5,ETL
APT003385,PRJ0042,ANL001,2025-08-18,3,Testes
APT000944,PRJ0012,ANL017,13-fev-2026,7,Documentação
APT001483,PRJ0017,ANL010,07-fev-2025,8,Dashboard
APT002135,PRJ0026,ANL021,11/06/2025,5.5,Testes
APT003629,PRJ0046,ANL016,2024-01-29,3,Modelagem
APT004543,PRJ0062,ANL017,01/31/2025,5,Coleta
APT002489,PRJ0032,ANL018,2026-03-11,7.5,Testes
APT004542,PRJ0062,ANL023,02-dez-2024,7.5,Dashboard
APT006876,PRJ0098,ANL024,2025-08-12,2,DASHBOARD
APT003064,PRJ0039,ANL007,09/12/2024,4.5,Apresentação
APT005571,PRJ0079,ANL006,16-jul-2025,3,Dashboard
APT007696,PRJ0109,ANL013,2026-05-27,4,Coleta
APT002896,PRJ0036,ANL007,16/06/2026,4.5,Coleta
APT007862,PRJ0113,ANL004,2024-04-29,3,Apresentação
APT002829,PRJ0036,ANL007,2026-05-06,8,ETL
APT002817,PRJ0035,ANL022,2025-03-10,8,Dashboard
APT006263,PRJ0085,ANL024,29/09/2025,5.5,Reunião com cliente
APT009776,PRJ0140,ANL024,2026-01-06,6,COLETA
APT002897,PRJ0036,ANL019,02-mar-2026,8.5,Testes
APT008369,PRJ0120,ANL013,2026-05-01,8,Coleta
APT008975,PRJ0129,ANL007,2025-12-23,2.5,Apresentação
APT007644,PRJ0109,ANL007,04/13/2026,4.5,Reunião com cliente
APT007172,PRJ0102,ANL001,2025-01-17,4.5,Modelagem
APT002483,PRJ0032,ANL024,13/04/2026,4,Coleta
APT008042,PRJ0115,ANL023,12-jun-2024,4,Documentação
APT008890,PRJ0126,ANL017,03/10/2026,4,ETL
APT003220,PRJ0041,ANL005,06/23/2025,6,Modelagem
APT004993,PRJ0067,ANL013,2024-06-10,4,ETL
APT007801,PRJ0110,ANL002,2025-02-07,4,DASHBOARD
APT002715,PRJ0034,ANL006,03-abr-2024,6,Modelagem
APT001034,PRJ0012,ANL011,25/03/2026,6,ETL
APT009607,PRJ0139,ANL011,2024-10-01,2,Coleta
APT002389,PRJ0029,ANL001,2025-06-05,4,Modelagem
APT004389,PRJ0057,ANL018,03/09/2026,7,ETL
APT005282,PRJ0072,ANL018,2025-10-13,2.5,Coleta
APT003732,PRJ0047,ANL018,2024-11-22,2,ETL
APT006021,PRJ0082,ANL004,2025-03-31,8,Apresentação
APT007341,PRJ0105,ANL002,18/11/2025,5.5,Documentação
APT008210,PRJ0119,ANL024,18-jan-2024,2,Reunião com cliente
APT006076,PRJ0083,ANL003,07/16/2025,7.5,ETL
APT006631,PRJ0093,ANL020,2024-09-02,4,ETL
APT006500,PRJ0089,ANL010,2024-07-25,4,Reunião com cliente
APT002007,PRJ0026,ANL003,31/10/2025,5.5,Modelagem
APT006240,PRJ0084,ANL023,2025-08-07,8,Dashboard
APT006174,PRJ0083,ANL015,05/12/2025,6,Reunião com cliente
APT003709,PRJ0047,ANL006,19-ago-2024,2,Coleta
APT002346,PRJ0029,ANL019,2025-06-23,6,Testes
APT001992,PRJ0026,ANL003,2026-01-08,7,Apresentação
APT004037,PRJ0052,ANL010,05/03/2026,6,Documentação
APT006824,PRJ0097,ANL006,24-jun-2024,6,Apresentação
APT005593,PRJ0079,ANL018,07/14/2025,3,Documentação
APT003733,PRJ0047,ANL018,2024-12-11,3,Documentação
APT001902,PRJ0025,ANL016,13/03/2025,6,Testes
APT004149,PRJ0053,ANL020,02/03/2026,6,Coleta
APT003535,PRJ0042,ANL019,05/23/2025,"7,5",Coleta
APT001262,PRJ0014,ANL008,2024-08-15,5,Modelagem
APT002895,PRJ0036,ANL001,2026-04-01,5,Coleta
APT006037,PRJ0082,ANL010,2025-05-05,8,Reunião com cliente
APT000226,PRJ0005,ANL017,2024-12-16,2.5,TESTES
APT000860,PRJ0010,ANL013,01-out-2024,2,Reunião com cliente
APT007527,PRJ0106,ANL003,2026-04-16,2,Coleta
APT004546,PRJ0062,ANL005,2024-11-14,5,Testes
APT004713,PRJ0063,ANL007,2026-05-27,6,Documentação
APT005611,PRJ0079,ANL024,2025-06-02,3,Dashboard
APT000897,PRJ0011,ANL008,2025-08-13,7,Coleta
APT002068,PRJ0026,ANL009,2025-12-01,6,Testes
APT001754,PRJ0023,ANL023,2026-02-16,5,Dashboard
APT001721,PRJ0022,ANL009,26-mar-2026,8,Testes
APT000591,PRJ0008,ANL005,2026-05-25,4,Testes
APT001752,PRJ0023,ANL011,2026-01-16,3,Modelagem
APT000073,PRJ0003,ANL003,2025-08-11,6,ETL
APT009638,PRJ0139,ANL005,13-dez-2024,4,Apresentação
APT007269,PRJ0103,ANL011,2025-02-07,8,Modelagem
APT007189,PRJ0103,ANL023,04/09/2025,5,Apresentação
APT003987,PRJ0051,ANL011,2024-11-27,7.5,Coleta
APT007045,PRJ0101,ANL024,2026-04-20,"7,5",Apresentação
APT003127,PRJ0039,ANL007,03/02/2025,"4,5",Apresentação
APT003827,PRJ0048,ANL011,26/12/2024,8.5,Reunião com cliente
APT004893,PRJ0065,ANL004,03/10/2026,3,Testes
APT002213,PRJ0027,ANL007,2024-10-15,4.5,Modelagem
APT007230,PRJ0103,ANL011,27-mar-2025,7,Modelagem
APT003785,PRJ0048,ANL011,25/11/2024,2,Testes
APT003205,PRJ0041,ANL023,21-abr-2025,7,ETL
APT001178,PRJ0014,ANL002,2024-08-28,6.5,Dashboard
APT000580,PRJ0008,ANL011,20-abr-2026,5.5,Modelagem
APT005422,PRJ0077,ANL014,2024-11-18,4,Modelagem
APT005915,PRJ0081,ANL011,05/05/2026,8,Dashboard
APT009315,PRJ0133,ANL012,02/06/2026,7.5,Dashboard
APT001254,PRJ0014,ANL008,2024-08-26,7,Coleta
APT007589,PRJ0106,ANL015,2026-04-13,2,Coleta
APT000246,PRJ0005,ANL017,2025-02-17,7,Dashboard
APT009111,PRJ0130,ANL019,2025-05-12,7,Coleta
APT009768,PRJ0140,ANL012,2026-01-13,7.5,Apresentação
APT003266,PRJ0042,ANL019,2025-08-27,6,Reunião com cliente
APT005874,PRJ0081,ANL017,2026-04-10,4,Coleta
APT008442,PRJ0120,ANL013,06/03/2026,6.5,Dashboard
APT005060,PRJ0069,ANL018,30-out-2024,5,Apresentação
APT009444,PRJ0136,ANL013,2026-02-16,4.5,Reunião com cliente
APT001980,PRJ0025,ANL016,06-fev-2025,8,ETL
APT009120,PRJ0130,ANL013,16-abr-2025,6.5,Apresentação
APT008863,PRJ0126,ANL023,2026-03-09,5,Coleta
APT009551,PRJ0136,ANL007,2026-06-01,6,COLETA
APT005584,PRJ0079,ANL006,12/06/2025,4,Dashboard
APT003911,PRJ0050,ANL014,22/09/2025,4.5,Apresentação
APT002271,PRJ0029,ANL007,2025-10-20,6,Coleta
APT005983,PRJ0082,ANL010,15/04/2025,3,Modelagem
APT004820,PRJ0064,ANL002,2026-02-26,6,Modelagem
APT007089,PRJ0101,ANL024,24/04/2026,7,Coleta
APT001053,PRJ0012,ANL017,2026-03-17,5,Coleta
APT002652,PRJ0034,ANL012,21-mai-2024,4,Reunião com cliente
APT002466,PRJ0032,ANL006,2026-06-12,2,Dashboard
APT004902,PRJ0065,ANL016,2026-02-26,2.5,Documentação
APT001706,PRJ0022,ANL021,23/03/2026,6.5,ETL
APT002987,PRJ0037,ANL010,28/04/2025,5,Apresentação
APT007716,PRJ0109,ANL001,2026-03-24,7.5,Apresentação
APT008994,PRJ0129,ANL001,13-jan-2026,4.5,Modelagem
APT009360,PRJ0134,ANL003,2026-01-21,5,Coleta
APT001258,PRJ0014,ANL002,03/10/2024,4,Documentação
APT007785,PRJ0110,ANL002,2025-01-20,4,Reunião com cliente
APT009520,PRJ0136,ANL019,04/06/2026,4,Dashboard
APT009529,PRJ0136,ANL001,2026-04-15,4,Apresentação
APT002310,PRJ0029,ANL007,07/15/2025,3.5,Dashboard
APT003403,PRJ0042,ANL007,2025-09-11,2,Dashboard
APT000154,PRJ0003,ANL021,07/16/2025,5,Testes
APT002427,PRJ0031,ANL021,25/10/2024,5,Testes
APT004560,PRJ0062,ANL011,2024-12-12,3,Apresentação
APT002056,PRJ0026,ANL021,17/12/2025,5.5,Documentação
APT002516,PRJ0032,ANL018,2026-05-12,8,ETL
APT008923,PRJ0127,ANL018,28/10/2025,4,ETL
APT005497,PRJ0078,ANL023,2025-06-23,"6,5",Coleta
APT007390,PRJ0106,ANL003,18/05/2026,6.5,Apresentação
APT008340,PRJ0120,ANL007,2026-04-06,7.5,Reunião com cliente
APT007314,PRJ0104,ANL012,13-mai-2024,6,Reunião com cliente
APT001768,PRJ0023,ANL011,2026-01-12,4,Documentação
APT005595,PRJ0079,ANL006,2025-05-19,4,Modelagem
APT005747,PRJ0081,ANL005,04/09/2026,3,Apresentação
APT004214,PRJ0055,ANL014,07/24/2024,5,Coleta
APT001351,PRJ0015,ANL004,11/18/2025,"6,5",DASHBOARD
APT004092,PRJ0053,ANL014,2026-03-09,7,Testes
APT003311,PRJ0042,ANL013,05/07/2025,2.5,Dashboard
APT001533,PRJ0018,ANL017,09/15/2025,6,ETL
APT008918,PRJ0127,ANL012,12/05/2025,7.5,Reunião com cliente
APT006003,PRJ0082,ANL010,2025-06-09,7,Coleta
APT006789,PRJ0096,ANL009,30-mar-2026,8.5,Testes
APT001840,PRJ0024,ANL005,29-ago-2025,2,Coleta
APT004522,PRJ0061,ANL006,04/28/2025,6,ETL
APT001218,PRJ0014,ANL002,09/18/2024,7.5,Documentação
APT003342,PRJ0042,ANL019,2025-09-29,2,Coleta
APT005645,PRJ0079,ANL024,2025-07-15,6,Apresentação
APT001201,PRJ0014,ANL020,2024-06-17,8,COLETA
APT003141,PRJ0039,ANL001,30/12/2024,8,Testes
APT006340,PRJ0086,ANL015,25/05/2026,7.5,Dashboard
APT004401,PRJ0058,ANL013,12/03/2024,5.5,APRESENTAÇÃO
APT001601,PRJ0020,ANL022,06/03/2024,4,APRESENTAÇÃO
APT008900,PRJ0127,ANL012,2025-09-26,6,ETL
APT007248,PRJ0103,ANL023,2025-03-03,7.5,ETL
APT003038,PRJ0037,ANL016,03/26/2025,4,Coleta
APT004921,PRJ0066,ANL015,12/02/2024,"2,5",Apresentação
APT000114,PRJ0003,ANL003,2025-08-22,5,Testes
APT005118,PRJ0070,ANL016,2025-05-05,3,Documentação
APT005347,PRJ0075,ANL002,05-ago-2025,6,Apresentação
APT007811,PRJ0111,ANL017,20-abr-2026,7,ETL
APT005295,PRJ0073,ANL003,2025-02-17,4,Apresentação
APT004050,PRJ0052,ANL016,2026-04-20,4,ETL
APT008631,PRJ0122,ANL015,09/01/2025,8,Dashboard
APT008440,PRJ0120,ANL013,17/04/2026,2,Coleta
APT009045,PRJ0130,ANL001,2025-06-05,2,Dashboard
APT004772,PRJ0064,ANL014,02/03/2026,4,Testes
APT000406,PRJ0006,ANL014,07/01/2025,6,Reunião com cliente
APT004406,PRJ0058,ANL007,2024-03-12,3,ETL
APT009324,PRJ0134,ANL021,01/08/2026,2,Reunião com cliente
APT009121,PRJ0130,ANL007,06/17/2025,4,Documentação
APT009179,PRJ0131,ANL021,2024-04-05,3,Dashboard
APT002601,PRJ0033,ANL002,2024-02-05,4,APRESENTAÇÃO
APT006724,PRJ0095,ANL002,2025-02-05,2,Apresentação
APT009689,PRJ0140,ANL012,2026-01-15,4,Coleta
APT004752,PRJ0064,ANL008,09-mar-2026,3,Reunião com cliente
APT002887,PRJ0036,ANL019,2026-06-23,3,Documentação
APT002129,PRJ0026,ANL003,2025-10-03,8.5,Reunião com cliente
APT001616,PRJ0020,ANL022,04-mar-2024,3,ETL
APT002063,PRJ0026,ANL015,21/07/2025,4,Testes
APT008967,PRJ0128,ANL011,05/11/2026,6.5,Testes
APT005041,PRJ0069,ANL006,2024-11-04,6,Modelagem
APT005710,PRJ0080,ANL003,28/10/2024,4,Apresentação
APT000397,PRJ0006,ANL002,30/06/2025,6,Modelagem
APT005298,PRJ0073,ANL003,10-mar-2025,3,ETL
APT007339,PRJ0105,ANL008,2025-11-26,"8,5",Modelagem
APT002672,PRJ0034,ANL024,26/03/2024,6,Documentação
APT001705,PRJ0022,ANL015,2026-02-16,8,Dashboard
APT008982,PRJ0129,ANL001,2026-01-12,7,Documentação
APT001456,PRJ0017,ANL010,02/17/2025,5,Coleta
APT003723,PRJ0047,ANL018,07-out-2024,7,Documentação
APT005838,PRJ0081,ANL023,05/21/2026,8,Apresentação
APT007582,PRJ0106,ANL021,2026-06-09,7,Dashboard
APT004326,PRJ0056,ANL003,03/24/2025,7.5,MODELAGEM
APT006099,PRJ0083,ANL021,2025-08-07,8,Modelagem
APT005256,PRJ0071,ANL011,27-jan-2025,4,Modelagem
APT008274,PRJ0119,ANL012,02/08/2024,4,Coleta
APT002667,PRJ0034,ANL012,05/22/2024,2,Testes
APT005349,PRJ0075,ANL008,2025-08-08,2,Modelagem
APT003537,PRJ0043,ANL005,2025-12-02,2,Apresentação
APT001126,PRJ0013,ANL005,16-out-2024,8,DOCUMENTAÇÃO
APT006708,PRJ0095,ANL014,2025-04-16,6,ETL
APT003042,PRJ0037,ANL004,2025-06-19,7,Modelagem
APT003976,PRJ0051,ANL011,11/26/2024,8.5,COLETA
APT007989,PRJ0115,ANL005,2024-05-20,6.5,Reunião com cliente
APT008559,PRJ0121,ANL021,04/06/2026,4,ETL
APT003651,PRJ0046,ANL022,2024-02-19,2,COLETA
APT004938,PRJ0066,ANL015,2024-11-04,4,Testes
APT002357,PRJ0029,ANL007,04/09/2025,6.5,Modelagem
APT000031,PRJ0001,ANL004,2024-04-24,3,Apresentação
APT006285,PRJ0086,ANL003,02-mar-2026,6,Apresentação
APT002053,PRJ0026,ANL009,2025-09-05,"2,5",Reunião com cliente
APT000134,PRJ0003,ANL003,2025-07-28,6,Coleta
APT001695,PRJ0022,ANL003,2026-02-17,3,Apresentação
APT002645,PRJ0034,ANL018,22-mai-2024,2,ETL
APT001002,PRJ0012,ANL011,2026-06-22,4.5,Apresentação
APT009780,PRJ0140,ANL006,2025-09-18,2,ETL
APT008532,PRJ0121,ANL009,26-mar-2026,8,Dashboard
APT006604,PRJ0093,ANL020,2024-10-23,8.5,Dashboard
APT002112,PRJ0026,ANL015,28/08/2025,2,ETL
APT007940,PRJ0114,ANL017,2024-04-29,6,Reunião com cliente
APT002457,PRJ0032,ANL012,05/04/2026,3,Testes
APT001908,PRJ0025,ANL004,2025-03-17,4,Reunião com cliente
APT007955,PRJ0114,ANL017,2024-05-06,3.5,Reunião com cliente
APT003957,PRJ0051,ANL011,2024-12-19,6,Apresentação
APT001839,PRJ0024,ANL011,01/12/2025,7,Modelagem
APT009326,PRJ0134,ANL009,2026-01-26,4.5,TESTES
APT003216,PRJ0041,ANL017,2025-05-15,4,Reunião com cliente
APT009485,PRJ0136,ANL019,05/11/2026,4.5,Documentação
APT008190,PRJ0119,ANL018,05/20/2024,6.5,Modelagem
APT000889,PRJ0011,ANL008,08/27/2025,4,Modelagem
APT004360,PRJ0056,ANL003,20-mar-2025,7,Documentação
APT003268,PRJ0042,ANL001,04-ago-2025,3.5,Reunião com cliente
APT003762,PRJ0047,ANL006,2024-09-02,6,Dashboard
APT001481,PRJ0017,ANL022,2025-01-21,4,Coleta
APT006882,PRJ0098,ANL006,2025-09-22,6,Documentação
APT004066,PRJ0052,ANL022,06-abr-2026,6,Modelagem
APT006177,PRJ0083,ANL003,2025-06-30,3.5,ETL
APT006170,PRJ0083,ANL015,2025-10-29,4.5,Dashboard
APT006566,PRJ0093,ANL020,10/14/2024,5,Dashboard
APT005474,PRJ0078,ANL023,07/30/2025,4.5,Apresentação
APT008950,PRJ0128,ANL023,2026-04-17,2,ETL
APT003018,PRJ0037,ANL022,2025-04-15,4,Modelagem
APT005350,PRJ0075,ANL020,2025-08-04,4,Coleta
APT006707,PRJ0095,ANL002,2025-04-14,2,Reunião com cliente
APT004226,PRJ0055,ANL014,19/06/2024,3,DASHBOARD
APT001061,PRJ0012,ANL017,2026-03-09,4,ETL
APT001253,PRJ0014,ANL008,09/16/2024,5,ETL
APT009221,PRJ0132,ANL016,2024-10-28,2,Testes
APT004498,PRJ0060,ANL006,2025-05-05,8.5,Dashboard
APT006812,PRJ0096,ANL009,2026-04-17,-4.0,ETL
APT006568,PRJ0093,ANL008,2024-11-12,8,Dashboard
APT000274,PRJ0005,ANL023,2024-12-13,4,Testes
APT008515,PRJ0121,ANL009,2026-04-02,4,Coleta
APT007883,PRJ0113,ANL022,2024-04-25,3,Documentação
APT009555,PRJ0137,ANL001,06/23/2025,8.5,Dashboard
APT003738,PRJ0047,ANL006,09/27/2024,6,Coleta
APT005233,PRJ0071,ANL023,2025-01-23,8,Reunião com cliente
APT009501,PRJ0136,ANL013,2026-01-27,7,DOCUMENTAÇÃO
APT003145,PRJ0039,ANL013,2024-11-19,3,Modelagem
APT005878,PRJ0081,ANL005,14/05/2026,7,Coleta
APT004151,PRJ0053,ANL014,03/12/2026,2,APRESENTAÇÃO
APT006145,PRJ0083,ANL021,15-set-2025,5,Coleta
APT000393,PRJ0006,ANL002,2025-03-27,3,Modelagem
APT008219,PRJ0119,ANL024,2024-03-18,4,Testes
APT000267,PRJ0005,ANL011,2024-12-16,4,Testes
APT003972,PRJ0051,ANL005,2024-11-11,7,ETL
APT007736,PRJ0109,ANL007,2026-05-14,5,ETL
APT002410,PRJ0030,ANL009,2024-09-24,4,ETL
APT005735,PRJ0081,ANL023,2026-05-28,7,ETL
APT008636,PRJ0122,ANL015,06/10/2025,3,Coleta
APT004628,PRJ0063,ANL013,2026-06-18,3,Documentação
APT001977,PRJ0025,ANL010,2025-02-24,3,Coleta
APT006595,PRJ0093,ANL020,2024-11-12,6,Dashboard
APT006723,PRJ0095,ANL002,2025-03-14,4,Documentação
APT001261,PRJ0014,ANL008,2024-10-29,4,Documentação
APT004385,PRJ0057,ANL024,2026-02-17,8,Apresentação
APT004172,PRJ0055,ANL014,10/07/2024,4,Dashboard
APT008176,PRJ0119,ANL024,03/26/2024,4,COLETA
APT005551,PRJ0078,ANL005,10/06/2025,7,APRESENTAÇÃO
APT005343,PRJ0074,ANL016,2025-11-03,5.5,Dashboard
APT007403,PRJ0106,ANL021,2026-06-22,2.5,Apresentação
APT001792,PRJ0024,ANL017,08/20/2025,8,Testes
APT002653,PRJ0034,ANL006,04/24/2024,6,Modelagem
APT000599,PRJ0008,ANL017,2026-04-13,6.5,Apresentação
APT007983,PRJ0115,ANL017,2024-07-05,8,Documentação
APT000305,PRJ0006,ANL008,2025-03-24,3,Testes
APT001714,PRJ0022,ANL009,20-mar-2026,2.5,Apresentação
APT008886,PRJ0126,ANL017,2026-05-25,2.5,ETL
APT007311,PRJ0104,ANL018,2024-06-11,4,ETL
APT001121,PRJ0013,ANL017,2024-11-15,7,Modelagem
APT003755,PRJ0047,ANL018,2024-09-03,8,Dashboard
APT008706,PRJ0122,ANL003,01/12/2025,4,Testes
APT009696,PRJ0140,ANL012,2025-10-21,3.5,Dashboard
APT004382,PRJ0057,ANL024,03/10/2026,7,Coleta
APT003884,PRJ0050,ANL002,06-out-2025,5,Testes
APT002629,PRJ0034,ANL006,2024-05-01,4,Reunião com cliente
APT005143,PRJ0070,ANL010,14/03/2025,5,Modelagem
APT000717,PRJ0009,ANL023,2025-10-20,8,Reunião com cliente
APT000429,PRJ0007,ANL004,2024-12-19,8,Documentação
APT001095,PRJ0012,ANL023,2026-06-08,4.5,Coleta
APT005716,PRJ0080,ANL009,2024-10-25,3.5,ETL
APT001101,PRJ0012,ANL023,2026-04-09,2,DOCUMENTAÇÃO
APT005720,PRJ0080,ANL021,2024-10-21,4,Coleta
APT003719,PRJ0047,ANL018,2024-10-11,6,Dashboard
APT006917,PRJ0098,ANL012,2025-10-13,8.5,Reunião com cliente
APT004665,PRJ0063,ANL019,2026-05-12,6.5,Dashboard
APT002970,PRJ0036,ANL013,2026-06-08,7,Dashboard
APT006690,PRJ0094,ANL010,04/09/2025,2.5,Documentação
APT009503,PRJ0136,ANL001,2026-03-09,3,Reunião com cliente
APT002070,PRJ0026,ANL009,31/12/2025,6.5,Testes
APT001762,PRJ0023,ANL005,11/03/2026,5,Apresentação
APT001686,PRJ0022,ANL015,01-abr-2026,5,Dashboard
APT000118,PRJ0003,ANL015,13-ago-2025,4,ETL
APT008217,PRJ0119,ANL018,14-mai-2024,3,Coleta
APT008777,PRJ0124,ANL022,07-out-2024,2,Apresentação
APT003345,PRJ0042,ANL007,01-jul-2025,6.5,Modelagem
APT000168,PRJ0004,ANL023,04/15/2024,4,Testes
APT006394,PRJ0089,ANL004,2024-08-12,5.5,Documentação
APT009496,PRJ0136,ANL019,2026-04-29,6,ETL
APT009295,PRJ0133,ANL018,30-abr-2026,4,Testes
APT003669,PRJ0046,ANL016,2024-02-28,7,Testes
APT005173,PRJ0070,ANL022,07/09/2025,7,Reunião com cliente
APT007617,PRJ0108,ANL020,2024-06-17,8,Apresentação
APT007943,PRJ0114,ANL017,29/04/2024,8,Testes
APT006680,PRJ0094,ANL016,2025-09-25,7,Reunião com cliente
APT004032,PRJ0052,ANL016,03/31/2026,8,Documentação
APT006409,PRJ0089,ANL004,2024-07-15,6,Reunião com cliente
APT002594,PRJ0033,ANL002,2024-02-05,5,Dashboard
APT003996,PRJ0051,ANL005,24-dez-2024,5,Apresentação
APT004480,PRJ0059,ANL002,02/19/2025,6.5,Testes
APT002571,PRJ0032,ANL006,2026-03-17,6,Modelagem
APT006947,PRJ0099,ANL003,2025-05-09,6,Documentação
APT006545,PRJ0091,ANL021,12/29/2025,8.5,Documentação
APT005255,PRJ0071,ANL023,24/02/2025,8.5,ETL
APT004907,PRJ0065,ANL016,03/23/2026,4,Coleta
APT003453,PRJ0042,ANL001,2025-04-25,4.5,Documentação
APT009794,PRJ0140,ANL012,2025-10-27,6,ETL
APT004428,PRJ0059,ANL014,2025-03-13,3.5,ETL
APT008339,PRJ0120,ANL019,2026-04-02,6.5,ETL
APT002171,PRJ0026,ANL021,2025-10-20,2.5,Testes
APT002154,PRJ0026,ANL015,28/07/2025,8,Coleta
APT005703,PRJ0080,ANL009,21/11/2024,6,Testes
APT002062,PRJ0026,ANL021,2025-09-29,5,Apresentação
APT005328,PRJ0073,ANL021,2025-01-22,7.5,Apresentação
APT005906,PRJ0081,ANL005,23/04/2026,6,Testes
APT000917,PRJ0012,ANL005,02/16/2026,3.5,Testes
APT006835,PRJ0097,ANL018,2024-06-24,2,Testes
APT009072,PRJ0130,ANL007,05/27/2025,2,Coleta
APT000257,PRJ0005,ANL011,20/01/2025,7,ETL
APT001130,PRJ0013,ANL023,2024-10-16,5,Apresentação
APT006450,PRJ0089,ANL010,2024-09-02,3.5,Dashboard
APT009775,PRJ0140,ANL006,2026-01-12,"2,5",Coleta
APT001919,PRJ0025,ANL016,2025-03-03,6,ETL
APT007458,PRJ0106,ANL015,2026-04-27,5,Coleta
APT003284,PRJ0042,ANL001,2025-06-25,4.5,Modelagem
APT004878,PRJ0065,ANL022,06-mar-2026,6,Apresentação
APT005280,PRJ0072,ANL024,2025-10-24,5.5,Reunião com cliente
APT002677,PRJ0034,ANL024,2024-02-28,6,Dashboard
APT002910,PRJ0036,ANL001,21/04/2026,8,Dashboard
APT007396,PRJ0106,ANL009,2026-04-20,6,Documentação
APT000198,PRJ0004,ANL017,2024-04-11,7.5,Coleta
APT006532,PRJ0091,ANL015,2025-12-18,3,ETL
APT000767,PRJ0010,ANL001,2024-08-19,7,Dashboard
APT009259,PRJ0133,ANL018,22/05/2026,6,Documentação
APT008587,PRJ0121,ANL021,07/04/2026,2,Testes
APT007692,PRJ0109,ANL007,13-mai-2026,8.5,ETL
APT005315,PRJ0073,ANL015,2025-02-24,5,Apresentação
APT008542,PRJ0121,ANL015,2026-06-01,2,Coleta
APT000346,PRJ0006,ANL002,2025-04-21,5.5,Coleta
APT005327,PRJ0073,ANL021,02/03/2025,8,Apresentação
APT007132,PRJ0101,ANL024,04-mai-2026,8.5,Documentação
APT005850,PRJ0081,ANL011,27/04/2026,2,Coleta
APT000438,PRJ0007,ANL016,2024-10-03,7,Dashboard
APT004193,PRJ0055,ANL020,07/12/2024,3,Documentação
APT003960,PRJ0051,ANL023,19/11/2024,8.5,Coleta
APT007758,PRJ0109,ANL001,2026-06-09,4,Testes
APT003725,PRJ0047,ANL018,2024-12-02,2,Modelagem
APT009346,PRJ0134,ANL015,2026-01-26,4.5,Modelagem
APT006400,PRJ0089,ANL022,2024-09-16,8.5,Testes
APT004994,PRJ0067,ANL019,2024-07-03,4,Dashboard
APT007914,PRJ0113,ANL010,2024-05-13,4,Apresentação
APT002574,PRJ0032,ANL018,16/03/2026,4,ETL
APT005731,PRJ0081,ANL011,20/04/2026,5,Documentação
APT003644,PRJ0046,ANL022,2024-01-17,7.5,Coleta
APT007647,PRJ0109,ANL001,2026-04-13,6,Documentação
APT004946,PRJ0066,ANL021,2024-11-25,6.5,Coleta
APT007766,PRJ0109,ANL001,2026-03-27,2.5,Reunião com cliente
APT004615,PRJ0063,ANL013,2026-05-15,"2,5",Testes
APT008841,PRJ0126,ANL023,03/23/2026,5,Dashboard
APT002248,PRJ0028,ANL004,2024-10-22,4.5,Documentação
APT004815,PRJ0064,ANL014,31-mar-2026,2,ETL
APT002695,PRJ0034,ANL018,03/07/2024,"3,5",ETL
APT006421,PRJ0089,ANL016,2024-07-19,7,Documentação
APT006186,PRJ0083,ANL021,02/07/2025,8,Reunião com cliente
APT005600,PRJ0079,ANL024,06/03/2025,6,Apresentação
APT006984,PRJ0099,ANL021,12/05/2025,5,Coleta
APT000252,PRJ0005,ANL011,01/31/2025,7,Reunião com cliente
APT004730,PRJ0063,ANL007,02/06/2026,8,Modelagem
APT001219,PRJ0014,ANL008,2024-06-18,7,ETL
APT002797,PRJ0035,ANL004,2025-03-13,4,Dashboard
APT007928,PRJ0114,ANL017,2024-05-06,8,Documentação
APT006910,PRJ0098,ANL024,2025-09-02,4,Modelagem
APT000199,PRJ0004,ANL005,2024-03-25,7,Testes
APT001942,PRJ0025,ANL004,2025-03-05,2,Testes
APT009422,PRJ0136,ANL001,05/25/2026,3,Testes
APT009071,PRJ0130,ANL001,27-mai-2025,6,Coleta
APT001900,PRJ0025,ANL022,2025-02-10,3,Apresentação
APT004623,PRJ0063,ANL013,2026-05-22,6,Modelagem
APT000811,PRJ0010,ANL019,22-jul-2024,8,Documentação
APT009476,PRJ0136,ANL007,12/01/2026,6.5,TESTES
APT007567,PRJ0106,ANL009,06/15/2026,6,Apresentação
APT009214,PRJ0132,ANL022,2024-11-07,2.5,Modelagem
APT001472,PRJ0017,ANL004,2025-02-19,6,ETL
APT006206,PRJ0083,ANL003,2025-07-14,4,Testes
APT005922,PRJ0081,ANL011,05/19/2026,4,Coleta
APT004126,PRJ0053,ANL020,2026-03-03,3,DASHBOARD
APT008206,PRJ0119,ANL006,2024-04-23,5.5,Testes
APT008735,PRJ0123,ANL002,27-jun-2025,8,Reunião com cliente
APT006069,PRJ0083,ANL015,11/21/2025,4,Testes
APT002515,PRJ0032,ANL024,2026-02-19,8,Reunião com cliente
APT004133,PRJ0053,ANL020,2026-03-23,2,Coleta
APT004294,PRJ0056,ANL015,2025-03-10,4,Apresentação
APT000260,PRJ0005,ANL011,2024-12-24,8,Apresentação
APT005263,PRJ0072,ANL012,13-out-2025,"6,5",Coleta
APT008006,PRJ0115,ANL005,08/07/2024,5,Coleta
APT008421,PRJ0120,ANL019,03/26/2026,5,Documentação
APT005714,PRJ0080,ANL015,2024-10-18,4,Reunião com cliente
APT007209,PRJ0103,ANL023,10-fev-2025,4,Reunião com cliente
APT001045,PRJ0012,ANL005,2026-04-13,"6,5",Coleta
APT004709,PRJ0063,ANL001,24/06/2026,4.5,Documentação
APT006863,PRJ0098,ANL024,2025-08-21,3,Documentação
APT000059,PRJ0002,ANL019,2024-10-08,2,Dashboard
APT008741,PRJ0123,ANL002,28/07/2025,6.5,Dashboard
APT004723,PRJ0063,ANL019,18/05/2026,6,Reunião com cliente
APT009428,PRJ0136,ANL007,16-fev-2026,7,Modelagem
APT005772,PRJ0081,ANL011,2026-05-04,2,Documentação
APT002396,PRJ0029,ANL013,2025-06-10,4,Dashboard
APT003113,PRJ0039,ANL001,13/02/2025,6,Dashboard
APT007540,PRJ0106,ANL021,2026-05-11,4.5,Documentação
APT005024,PRJ0068,ANL017,26/02/2025,6,ETL
APT009251,PRJ0133,ANL018,2026-06-02,8.5,DOCUMENTAÇÃO
APT002348,PRJ0029,ANL013,2025-09-17,6,Testes
APT009348,PRJ0134,ANL009,2026-01-14,8,Coleta
APT009618,PRJ0139,ANL023,11/21/2024,7,Modelagem
APT001671,PRJ0021,ANL002,22/10/2025,6,Documentação
APT002787,PRJ0034,ANL006,2024-02-23,2,Apresentação
APT005441,PRJ0077,ANL014,2024-11-18,7,Apresentação
APT007456,PRJ0106,ANL015,2026-05-11,8,Coleta
APT006298,PRJ0086,ANL015,18/05/2026,2,Modelagem
APT005018,PRJ0068,ANL017,14-mar-2025,5,Dashboard
APT002287,PRJ0029,ANL001,13/10/2025,2,Modelagem
APT001782,PRJ0023,ANL005,2026-01-29,6,Coleta
APT005816,PRJ0081,ANL017,20-abr-2026,8,Modelagem
APT004248,PRJ0055,ANL008,28-ago-2024,2,Coleta
APT007105,PRJ0101,ANL018,04/20/2026,"4,5",Coleta
APT003797,PRJ0048,ANL005,2024-12-26,3.5,Apresentação
APT006795,PRJ0096,ANL015,18/05/2026,3,ETL
APT003230,PRJ0041,ANL011,2025-06-06,8,Modelagem
APT005093,PRJ0070,ANL022,2025-04-28,3.5,Coleta
APT008130,PRJ0118,ANL002,2025-12-19,3,Coleta
APT003411,PRJ0042,ANL007,2025-07-14,4,ETL
APT007254,PRJ0103,ANL011,2025-03-11,5,Documentação
APT002116,PRJ0026,ANL021,2025-09-02,7,ETL
APT001310,PRJ0014,ANL008,2024-09-03,6,Testes
APT000693,PRJ0008,ANL023,03/02/2026,4,Testes
APT009751,PRJ0140,ANL024,01/07/2026,"2,5",REUNIÃO COM CLIENTE
APT001648,PRJ0021,ANL002,2025-11-17,4,Modelagem
APT004957,PRJ0066,ANL021,2024-12-10,8,Reunião com cliente
APT003416,PRJ0042,ANL001,05/12/2025,3,Apresentação
APT004184,PRJ0055,ANL020,29/07/2024,4,Testes
APT002902,PRJ0036,ANL007,2026-04-29,6,Apresentação
APT009258,PRJ0133,ANL006,2026-05-04,4,Coleta
APT008808,PRJ0124,ANL004,2024-10-07,8,Modelagem
APT005912,PRJ0081,ANL023,2026-04-07,5,Dashboard
APT007689,PRJ0109,ANL013,2026-03-30,8,Testes
APT007297,PRJ0104,ANL012,2024-05-17,2,Testes
APT002706,PRJ0034,ANL024,2024-01-26,6,Coleta
APT006239,PRJ0084,ANL023,2025-09-08,6.5,ETL
APT006531,PRJ0091,ANL015,12/26/2025,8,Testes
APT006583,PRJ0093,ANL002,2024-09-23,2,Documentação
APT004998,PRJ0067,ANL007,06/03/2024,4,Documentação
APT006701,PRJ0094,ANL022,2025-09-26,6,ETL
APT008785,PRJ0124,ANL022,10/21/2024,8,Apresentação
APT007609,PRJ0107,ANL011,04/14/2025,"5,5",Testes
APT004290,PRJ0056,ANL015,21-abr-2025,4,Modelagem
APT003876,PRJ0049,ANL018,16/02/2026,7,APRESENTAÇÃO
APT006519,PRJ0090,ANL017,2024-10-25,5,Reunião com cliente
APT008645,PRJ0122,ANL003,09/17/2025,6.5,Coleta
APT004829,PRJ0064,ANL020,12-mar-2026,2,Dashboard
APT006387,PRJ0089,ANL016,2024-08-27,2,Documentação
APT006672,PRJ0093,ANL014,2024-09-09,8,Documentação
APT000922,PRJ0012,ANL011,26/05/2026,7,Testes
APT004952,PRJ0066,ANL021,2024-10-21,5,Modelagem
APT002932,PRJ0036,ANL019,22-abr-2026,3.5,Coleta
APT000563,PRJ0007,ANL016,2024-11-28,7,Apresentação
APT006781,PRJ0096,ANL021,23/03/2026,5,Reunião com cliente
APT003052,PRJ0039,ANL013,11/14/2024,3,Coleta
APT005228,PRJ0071,ANL011,03-fev-2025,6,Dashboard
APT008127,PRJ0118,ANL014,10/29/2025,7.5,Coleta
APT004009,PRJ0051,ANL023,25/11/2024,6,Modelagem
APT001256,PRJ0014,ANL014,2024-10-09,6.5,Apresentação
APT008479,PRJ0120,ANL019,2026-04-24,"3,5",Modelagem
APT004450,PRJ0059,ANL002,07/04/2025,6,Apresentação
APT005491,PRJ0078,ANL017,2025-09-01,"4,5",Testes
APT001817,PRJ0024,ANL017,2025-08-28,8,Dashboard
APT009004,PRJ0129,ANL013,2025-12-10,6,Dashboard
APT005962,PRJ0081,ANL005,03/06/2026,7,Coleta
APT004626,PRJ0063,ANL013,18-mai-2026,7,ETL
APT007434,PRJ0106,ANL021,05/11/2026,3,Coleta
APT007749,PRJ0109,ANL007,03/16/2026,6,Apresentação
APT002565,PRJ0032,ANL006,2026-03-05,6,ETL
APT004264,PRJ0056,ANL021,2025-03-25,4,Coleta
APT004005,PRJ0051,ANL017,2024-11-11,6,Coleta
APT007851,PRJ0112,ANL003,2025-07-07,7,REUNIÃO COM CLIENTE
APT003101,PRJ0039,ANL013,02/05/2025,5,DASHBOARD
APT008775,PRJ0124,ANL004,2024-11-04,2.5,Documentação
APT000431,PRJ0007,ANL004,2024-08-16,8,Testes
APT004613,PRJ0062,ANL017,01/21/2025,6,Documentação
APT000178,PRJ0004,ANL011,2024-04-24,6.5,Apresentação
APT003974,PRJ0051,ANL011,24/12/2024,3.5,Coleta
APT007671,PRJ0109,ANL013,07-abr-2026,3,ETL
APT001012,PRJ0012,ANL017,2026-02-16,2,Reunião com cliente
APT007182,PRJ0103,ANL005,04/15/2025,3,Reunião com cliente
APT007042,PRJ0101,ANL012,06/26/2026,8.5,Modelagem
APT008567,PRJ0121,ANL003,27-abr-2026,5.5,Modelagem
APT009063,PRJ0130,ANL013,24/04/2025,7,ETL
APT006399,PRJ0089,ANL010,2024-09-05,5,Modelagem
APT007088,PRJ0101,ANL018,2026-05-13,8,ETL
APT001845,PRJ0024,ANL017,2025-09-10,4,Testes
APT001848,PRJ0024,ANL011,10/10/2025,5,Documentação
APT009704,PRJ0140,ANL018,2025-12-15,6,Modelagem
APT003904,PRJ0050,ANL014,05/11/2025,7,Coleta
APT004885,PRJ0065,ANL010,18-fev-2026,2,Dashboard
APT004516,PRJ0060,ANL024,2025-05-07,3,ETL
APT005493,PRJ0078,ANL017,16/06/2025,4,Coleta
APT004013,PRJ0051,ANL005,2024-12-02,4,Modelagem
APT003607,PRJ0046,ANL010,2024-01-25,4,ETL
APT000380,PRJ0006,ANL002,2025-03-25,2,Testes
APT000720,PRJ0009,ANL005,27-out-2025,5,ETL
APT006665,PRJ0093,ANL020,2024-09-02,6,ETL
APT006366,PRJ0087,ANL024,2025-11-13,5,Testes
APT002003,PRJ0026,ANL021,2026-01-22,2.5,Testes
APT004712,PRJ0063,ANL007,2026-06-16,2,Modelagem
APT005902,PRJ0081,ANL011,2026-04-20,6.5,Dashboard
APT007073,PRJ0101,ANL024,2026-05-27,4,Modelagem
APT004291,PRJ0056,ANL009,02/05/2025,4,Coleta
APT000804,PRJ0010,ANL019,06-set-2024,5,Coleta
APT002719,PRJ0034,ANL018,2024-04-01,5,Reunião com cliente
APT003664,PRJ0046,ANL022,2024-03-04,7,Coleta
APT000598,PRJ0008,ANL005,2026-04-16,3,Apresentação
APT001032,PRJ0012,ANL011,2026-03-09,4,Testes
APT009445,PRJ0136,ANL007,2026-04-10,3,Apresentação
APT000985,PRJ0012,ANL017,16/02/2026,2,Documentação
APT008632,PRJ0122,ANL021,2025-12-03,4.5,Testes
APT001545,PRJ0019,ANL010,08/01/2025,6,Coleta
APT001805,PRJ0024,ANL011,26-ago-2025,6,Documentação
APT003697,PRJ0047,ANL012,2024-08-26,3,Modelagem
APT001553,PRJ0019,ANL010,18-dez-2024,2.5,Modelagem
APT001360,PRJ0015,ANL010,2025-11-10,4,Coleta
APT000085,PRJ0003,ANL015,2025-08-19,5,Documentação
APT006942,PRJ0099,ANL003,21/05/2025,6,Apresentação
APT004822,PRJ0064,ANL008,06-abr-2026,7,Coleta
APT004157,PRJ0054,ANL010,06-out-2025,6,ETL
APT002392,PRJ0029,ANL019,29/10/2025,8,Dashboard
APT000110,PRJ0003,ANL003,07/08/2025,4,Modelagem
APT005068,PRJ0069,ANL018,11/04/2024,5,Modelagem
APT008998,PRJ0129,ANL019,2025-12-11,6.5,Testes
APT002019,PRJ0026,ANL003,2026-01-02,6.5,Documentação
APT006212,PRJ0084,ANL011,2025-09-05,4,Testes
APT005104,PRJ0070,ANL004,2025-05-12,6,Documentação
APT006998,PRJ0100,ANL010,22/05/2026,4,Documentação
APT001761,PRJ0023,ANL011,2026-04-03,4,Apresentação
APT007281,PRJ0104,ANL018,2024-06-07,8,Dashboard
APT007717,PRJ0109,ANL019,2026-04-07,3,Reunião com cliente
APT006192,PRJ0083,ANL021,2025-07-25,7.5,Reunião com cliente
APT008575,PRJ0121,ANL015,05/01/2026,"3,5",Dashboard
APT007127,PRJ0101,ANL006,2026-05-18,5.5,Dashboard
APT000090,PRJ0003,ANL009,07-jul-2025,5.5,Apresentação
APT004571,PRJ0062,ANL017,12/27/2024,8,Documentação
APT001014,PRJ0012,ANL005,16-mar-2026,4,Reunião com cliente
APT001198,PRJ0014,ANL008,2024-07-10,5.5,Dashboard
APT006572,PRJ0093,ANL002,14-out-2024,7,Documentação
APT005022,PRJ0068,ANL017,2025-02-24,8,Apresentação
APT001547,PRJ0019,ANL010,12/16/2024,6,Reunião com cliente
APT009505,PRJ0136,ANL019,20-jan-2026,"6,5",Modelagem
APT004905,PRJ0065,ANL010,18/03/2026,4,Testes
APT003967,PRJ0051,ANL023,23/12/2024,"8,5",Documentação
APT002885,PRJ0036,ANL007,2026-04-13,6,Coleta
APT005561,PRJ0078,ANL017,2025-09-15,8,Reunião com cliente
APT007678,PRJ0109,ANL001,10-abr-2026,6,Modelagem
APT007292,PRJ0104,ANL024,21/05/2024,4,Modelagem
APT004136,PRJ0053,ANL002,12-fev-2026,8,Apresentação
APT006482,PRJ0089,ANL004,08/05/2024,6.5,Modelagem
APT005486,PRJ0078,ANL017,04/08/2025,6,Dashboard
APT001696,PRJ0022,ANL021,2026-02-23,5,Apresentação
APT000745,PRJ0010,ANL007,2024-07-09,8,Documentação
APT002380,PRJ0029,ANL019,08/29/2025,2,Documentação
APT004782,PRJ0064,ANL014,2026-03-02,2,Dashboard
APT005420,PRJ0077,ANL008,2024-12-02,6,Dashboard
APT000842,PRJ0010,ANL001,2024-07-30,2,Apresentação
APT002755,PRJ0034,ANL024,2024-02-29,2,Documentação
APT003478,PRJ0042,ANL007,14-abr-2025,7,ETL
APT005884,PRJ0081,ANL023,2026-06-26,4.5,Testes
APT005796,PRJ0081,ANL011,03/30/2026,3,Testes
APT001600,PRJ0020,ANL016,2024-03-04,3.5,Reunião com cliente
APT004827,PRJ0064,ANL008,2026-03-10,4,Dashboard
APT002242,PRJ0028,ANL022,2024-10-28,7,Testes
APT005778,PRJ0081,ANL005,2026-06-26,2,Reunião com cliente
APT001877,PRJ0024,ANL017,2025-10-23,6,Reunião com cliente
APT001085,PRJ0012,ANL005,03/26/2026,4.5,ETL
APT008265,PRJ0119,ANL024,29/03/2024,6,Reunião com cliente
APT000427,PRJ0007,ANL010,02/11/2025,8,Dashboard
APT007044,PRJ0101,ANL012,2026-05-19,8,Documentação
APT003247,PRJ0041,ANL017,10-abr-2025,"2,5",Reunião com cliente
APT008818,PRJ0125,ANL015,14/04/2025,8,Reunião com cliente
APT004992,PRJ0067,ANL007,2024-06-14,5,Reunião com cliente
APT002738,PRJ0034,ANL018,2024-02-27,4,Documentação
APT008725,PRJ0122,ANL003,2025-08-18,4,ETL
APT001427,PRJ0017,ANL022,03-fev-2025,4.5,ETL
APT006769,PRJ0095,ANL014,02/13/2025,2,Apresentação
APT006271,PRJ0085,ANL012,15-out-2025,7,Dashboard
APT002417,PRJ0030,ANL021,2024-10-14,4.5,Coleta
APT004062,PRJ0052,ANL022,2026-04-10,2,Reunião com cliente
APT002206,PRJ0027,ANL001,2024-10-22,5.5,Reunião com cliente
APT006402,PRJ0089,ANL010,2024-07-22,4,ETL
APT009746,PRJ0140,ANL006,2025-11-24,5,Reunião com cliente
APT009423,PRJ0136,ANL001,2026-02-02,8,Coleta
APT004966,PRJ0066,ANL003,2024-12-05,4.5,ETL
APT006816,PRJ0096,ANL015,21/05/2026,7,Modelagem
APT002133,PRJ0026,ANL015,10/09/2025,5.5,Documentação
APT005601,PRJ0079,ANL018,2025-06-10,7,APRESENTAÇÃO
APT009534,PRJ0136,ANL001,05/27/2026,6.5,ETL
APT004344,PRJ0056,ANL021,2025-03-17,3.5,Documentação
APT004899,PRJ0065,ANL022,20-fev-2026,3,Dashboard
APT000801,PRJ0010,ANL001,2024-07-15,5,MODELAGEM
APT000915,PRJ0012,ANL017,03/06/2026,6,Coleta
APT005718,PRJ0080,ANL009,22-nov-2024,4.5,ETL
APT000015,PRJ0001,ANL004,2024-04-01,6,Reunião com cliente
APT001429,PRJ0017,ANL016,2025-03-07,5,Modelagem
APT000401,PRJ0006,ANL014,2025-06-18,2,DOCUMENTAÇÃO
APT003269,PRJ0042,ANL007,09/25/2025,6,ETL
APT006768,PRJ0095,ANL002,03-mar-2025,7,Modelagem
APT007274,PRJ0103,ANL017,2025-02-10,8,Apresentação
APT001981,PRJ0025,ANL016,02/04/2025,7,Dashboard
APT005617,PRJ0079,ANL018,2025-07-07,"4,5",ETL
APT006033,PRJ0082,ANL022,16-jun-2025,6.5,Coleta
APT003389,PRJ0042,ANL013,2025-04-15,8.5,Documentação
APT009106,PRJ0130,ANL019,20-jun-2025,6.5,Reunião com cliente
APT006722,PRJ0095,ANL014,2025-02-10,7,Documentação
APT008943,PRJ0128,ANL017,2026-05-21,6,Coleta
APT003289,PRJ0042,ANL013,08-jul-2025,6,Reunião com cliente
APT008713,PRJ0122,ANL003,01/08/2025,"5,5",Apresentação
APT005743,PRJ0081,ANL011,2026-06-11,6,Apresentação
APT004365,PRJ0057,ANL018,2026-04-20,4,Coleta
APT002950,PRJ0036,ANL019,2026-05-19,3.5,Apresentação
APT009380,PRJ0135,ANL020,03/11/2024,6,Coleta
APT001180,PRJ0014,ANL002,2024-11-01,7,Apresentação
APT001296,PRJ0014,ANL002,2024-09-23,4.5,Coleta
APT006586,PRJ0093,ANL008,08-out-2024,6,Testes
APT009488,PRJ0136,ANL007,2026-01-27,6.5,Testes
APT008419,PRJ0120,ANL001,04/05/2026,8,Documentação
APT002196,PRJ0027,ANL007,14/10/2024,4,Modelagem
APT000685,PRJ0008,ANL023,22-mai-2026,"4,5",Apresentação
APT000493,PRJ0007,ANL004,2024-11-18,6,Reunião com cliente
APT007243,PRJ0103,ANL023,11/03/2025,"7,5",Apresentação
APT007438,PRJ0106,ANL009,2026-05-12,8.5,Documentação
APT001009,PRJ0012,ANL023,2026-06-08,"7,5",Coleta
APT007866,PRJ0113,ANL022,22/04/2024,4,ETL
APT002345,PRJ0029,ANL007,06/02/2025,7.5,Testes
APT009499,PRJ0136,ANL019,03/23/2026,6,Documentação
APT003391,PRJ0042,ANL019,2025-09-08,"2,5",Testes
APT008366,PRJ0120,ANL019,2026-04-13,8,Dashboard
APT002136,PRJ0026,ANL021,2025-07-15,6,Documentação
APT000954,PRJ0012,ANL011,2026-05-11,6,ETL
APT003369,PRJ0042,ANL001,2025-06-04,4,ETL
APT008495,PRJ0121,ANL003,2026-06-22,6,Dashboard
APT008246,PRJ0119,ANL012,05/20/2024,2.5,ETL
APT001321,PRJ0015,ANL004,01/12/2025,6,Coleta
APT002957,PRJ0036,ANL013,2026-05-27,3,Modelagem
APT007318,PRJ0104,ANL006,2024-05-24,8,Modelagem
APT003093,PRJ0039,ANL019,18-fev-2025,5.5,Testes
APT008983,PRJ0129,ANL007,2025-12-15,6,Apresentação
APT002397,PRJ0029,ANL019,2025-07-02,6,Reunião com cliente
APT009002,PRJ0129,ANL007,12/12/2025,5,Modelagem
APT000440,PRJ0007,ANL010,03-fev-2025,3,ETL
APT001020,PRJ0012,ANL011,10/06/2026,4,Documentação
APT005028,PRJ0068,ANL023,2025-02-24,5,Testes
APT009162,PRJ0131,ANL015,07-mar-2024,7,Documentação
APT005805,PRJ0081,ANL023,2026-05-11,4,Coleta
APT008373,PRJ0120,ANL007,2026-06-11,6.5,Testes
APT003457,PRJ0042,ANL007,28-abr-2025,4,Modelagem
APT004806,PRJ0064,ANL020,2026-05-25,6,Testes
APT007725,PRJ0109,ANL013,2026-06-08,4.5,Coleta
APT002524,PRJ0032,ANL024,2026-05-25,7,Coleta
APT008753,PRJ0123,ANL002,2025-06-20,4,Dashboard
APT005858,PRJ0081,ANL005,01-jun-2026,4.5,Documentação
APT004918,PRJ0066,ANL003,2024-11-05,2,Testes
APT006602,PRJ0093,ANL002,2024-09-09,5,Apresentação
APT006885,PRJ0098,ANL006,2025-08-15,8,Apresentação
APT006682,PRJ0094,ANL022,2025-09-18,7.5,Reunião com cliente
APT007149,PRJ0102,ANL001,2025-01-27,4,ETL
APT000292,PRJ0005,ANL023,20/01/2025,4,Apresentação
APT008530,PRJ0121,ANL015,2026-06-16,3.5,Modelagem
APT003995,PRJ0051,ANL017,13/11/2024,8,Dashboard
APT004758,PRJ0064,ANL008,24/02/2026,6,Reunião com cliente
APT009509,PRJ0136,ANL019,2026-03-17,7.5,Dashboard
APT004530,PRJ0061,ANL018,2025-05-19,6,Reunião com cliente
APT002938,PRJ0036,ANL007,16/03/2026,5.5,ETL
APT004508,PRJ0060,ANL024,05/08/2025,3,Testes
APT008740,PRJ0123,ANL014,2025-06-19,6,Apresentação
APT003022,PRJ0037,ANL022,03/06/2025,5,ETL
APT003239,PRJ0041,ANL023,23/06/2025,3,Reunião com cliente
APT000643,PRJ0008,ANL011,04-mai-2026,"3,5",ETL
APT006165,PRJ0083,ANL003,15/09/2025,7,Reunião com cliente
APT004041,PRJ0052,ANL022,2026-04-13,7,Modelagem
APT008920,PRJ0127,ANL012,2025-09-16,4.5,Dashboard
APT001078,PRJ0012,ANL023,06/08/2026,4,ETL
APT007475,PRJ0106,ANL009,17-abr-2026,6,Modelagem
APT009632,PRJ0139,ANL023,10/11/2024,5,Coleta
APT006541,PRJ0091,ANL015,2025-12-29,4,Modelagem
APT008062,PRJ0116,ANL001,05/06/2025,6,Modelagem
APT007359,PRJ0106,ANL009,2026-06-09,5,ETL
APT003099,PRJ0039,ANL001,06/01/2025,7.5,Reunião com cliente
APT005775,PRJ0081,ANL011,05/11/2026,2.5,Modelagem
APT003163,PRJ0039,ANL001,06-jan-2025,5,ETL
APT002540,PRJ0032,ANL024,05-mai-2026,4,Coleta
APT000835,PRJ0010,ANL019,2024-07-11,"4,5",ETL
APT002519,PRJ0032,ANL012,02-mar-2026,4,Apresentação
APT004033,PRJ0052,ANL010,2026-04-13,8,Coleta
APT003948,PRJ0050,ANL020,10/06/2025,6,Dashboard
APT007691,PRJ0109,ANL019,03/03/2026,6,Coleta
APT007500,PRJ0106,ANL003,2026-06-22,2,Dashboard
APT005928,PRJ0081,ANL011,27-mai-2026,6,Apresentação
APT004277,PRJ0056,ANL021,03/10/2025,6,Documentação
APT000590,PRJ0008,ANL011,2026-06-08,6,Testes
APT000046,PRJ0001,ANL022,2024-03-25,6,ETL
APT007306,PRJ0104,ANL018,19/04/2024,3,Testes
APT002020,PRJ0026,ANL009,2025-11-17,2,Dashboard
APT007720,PRJ0109,ANL013,07-abr-2026,4,Documentação
APT000506,PRJ0007,ANL004,2025-02-14,6.5,Dashboard
APT007580,PRJ0106,ANL009,25-mai-2026,6,Modelagem
APT000926,PRJ0012,ANL011,2026-03-25,8.5,DASHBOARD
APT008470,PRJ0120,ANL019,05/22/2026,4,Reunião com cliente
APT003630,PRJ0046,ANL016,2024-03-08,3.5,Coleta
APT000976,PRJ0012,ANL011,2026-06-22,7.5,REUNIÃO COM CLIENTE
APT001650,PRJ0021,ANL020,19/11/2025,8,Apresentação
APT008572,PRJ0121,ANL003,2026-05-21,7.5,Testes
APT009097,PRJ0130,ANL019,2025-06-26,7,Documentação
APT008418,PRJ0120,ANL007,2026-05-01,4,Apresentação
APT001559,PRJ0019,ANL010,13/01/2025,3.5,Dashboard
APT001311,PRJ0014,ANL008,2024-09-30,3,ETL
APT000077,PRJ0003,ANL009,09/08/2025,6,Testes
APT009609,PRJ0139,ANL017,28/11/2024,6,Coleta
APT007437,PRJ0106,ANL009,2026-05-04,5,Dashboard
APT007114,PRJ0101,ANL018,2026-06-15,3,Modelagem
APT009407,PRJ0135,ANL020,06-mar-2024,8,ETL
APT008616,PRJ0122,ANL003,18-ago-2025,4.5,Dashboard
APT003727,PRJ0047,ANL024,2024-08-27,6,Coleta
APT004316,PRJ0056,ANL003,2025-04-16,7,Reunião com cliente
APT007650,PRJ0109,ANL013,08-jun-2026,7,ETL
APT002359,PRJ0029,ANL001,06/12/2025,2,Documentação
APT003970,PRJ0051,ANL011,2024-12-23,4.5,Apresentação
APT001357,PRJ0015,ANL016,05-dez-2025,"6,5",Testes
APT001389,PRJ0016,ANL022,2026-05-15,8,Testes
APT000739,PRJ0009,ANL005,2025-11-11,6,Reunião com cliente
APT003404,PRJ0042,ANL001,2025-05-26,5,Dashboard
APT001660,PRJ0021,ANL008,2025-11-20,4,Documentação
APT001925,PRJ0025,ANL016,01/24/2025,4.5,Apresentação
APT007918,PRJ0113,ANL004,2024-05-20,3,Coleta
APT007794,PRJ0110,ANL002,2025-01-24,4,ETL
APT004202,PRJ0055,ANL020,2024-08-16,6,Testes
APT007144,PRJ0101,ANL024,2026-06-12,5.5,Reunião com cliente
APT006024,PRJ0082,ANL010,2025-03-31,6.5,Apresentação
APT006155,PRJ0083,ANL015,2025-05-19,6,Modelagem
APT008054,PRJ0115,ANL005,2024-07-05,4,Documentação
APT005237,PRJ0071,ANL023,2025-01-27,7,Apresentação
APT002577,PRJ0032,ANL012,2026-05-18,7.5,Testes
APT004864,PRJ0064,ANL014,23-abr-2026,4,Documentação
APT008272,PRJ0119,ANL018,21/02/2024,7.5,Documentação
APT000016,PRJ0001,ANL004,2024-04-19,7,ETL
APT006871,PRJ0098,ANL012,2025-08-07,"2,5",Modelagem
APT003722,PRJ0047,ANL006,11/12/2024,6.5,ETL
APT004756,PRJ0064,ANL020,2026-03-04,6,Documentação
APT007177,PRJ0102,ANL013,2024-12-30,4,Testes
APT008574,PRJ0121,ANL015,04-jun-2026,2.5,Apresentação
APT002075,PRJ0026,ANL009,2025-12-23,2,ETL
APT000265,PRJ0005,ANL011,12-dez-2024,"6,5",ETL
APT008877,PRJ0126,ANL005,2026-04-29,8,Testes
APT008293,PRJ0120,ANL001,24/03/2026,3,Reunião com cliente
APT005608,PRJ0079,ANL006,2025-06-09,2,Documentação
APT002993,PRJ0037,ANL004,2025-05-12,4,Dashboard
APT008989,PRJ0129,ANL001,2025-12-02,"8,5",Testes
APT008995,PRJ0129,ANL013,12/23/2025,4,ETL
APT002500,PRJ0032,ANL024,2026-02-20,5,Reunião com cliente
APT005935,PRJ0081,ANL005,24-abr-2026,6,Modelagem
APT001374,PRJ0016,ANL004,2026-05-25,2,Documentação
APT007123,PRJ0101,ANL024,2026-05-01,"5,5",Coleta
APT005006,PRJ0067,ANL019,2024-06-03,4,Documentação
APT005389,PRJ0076,ANL015,04-jun-2024,4,Dashboard
APT007216,PRJ0103,ANL017,27-mar-2025,6,Coleta
APT002093,PRJ0026,ANL021,09/29/2025,7,Reunião com cliente
APT006844,PRJ0098,ANL012,12/09/2025,8,Documentação
APT001365,PRJ0015,ANL004,11/24/2025,3,Reunião com cliente
APT006303,PRJ0086,ANL021,2026-04-02,2,Dashboard
APT007872,PRJ0113,ANL004,2024-05-30,5,Apresentação
APT002872,PRJ0036,ANL013,2026-04-28,2,ETL
APT007712,PRJ0109,ANL019,25/05/2026,3,Coleta
APT005827,PRJ0081,ANL023,2026-04-20,"2,5",Dashboard
APT000847,PRJ0010,ANL007,07/16/2024,3,Testes
APT006730,PRJ0095,ANL002,2025-03-21,4.5,Coleta
APT001279,PRJ0014,ANL002,07/10/2024,2,Modelagem
APT001425,PRJ0017,ANL016,2025-03-04,8,Reunião com cliente
APT006888,PRJ0098,ANL012,09/04/2025,7,Modelagem
APT009547,PRJ0136,ANL007,15-mai-2026,4,Modelagem
APT007597,PRJ0106,ANL015,2026-04-30,4,Apresentação
APT008135,PRJ0118,ANL008,2025-10-16,4,Dashboard
APT008165,PRJ0119,ANL018,2024-05-27,5.5,Coleta
APT001084,PRJ0012,ANL005,02-mar-2026,8,Apresentação
APT003680,PRJ0047,ANL006,29/10/2024,6,Modelagem
APT000268,PRJ0005,ANL005,2025-01-27,3,Coleta
APT004012,PRJ0051,ANL017,2024-11-12,2.5,Testes
APT004429,PRJ0059,ANL008,14/04/2025,6,Testes
APT005168,PRJ0070,ANL022,2025-06-16,7,Reunião com cliente
APT001939,PRJ0025,ANL010,02/03/2025,8,Dashboard
APT004392,PRJ0057,ANL024,2026-04-15,5.5,Dashboard
APT003088,PRJ0039,ANL001,2025-01-21,4,Testes
APT005693,PRJ0080,ANL021,2024-10-24,2,ETL
APT003333,PRJ0042,ANL013,2025-08-18,5,Dashboard
APT008170,PRJ0119,ANL006,2024-03-15,5.5,Reunião com cliente
APT006554,PRJ0092,ANL007,2024-08-14,5.5,Testes
APT004322,PRJ0056,ANL009,2025-03-14,5,Reunião com cliente
APT002725,PRJ0034,ANL006,2024-03-05,4,Apresentação
APT008408,PRJ0120,ANL013,2026-06-18,8,Dashboard
APT003931,PRJ0050,ANL014,2025-09-15,4,ETL
APT004351,PRJ0056,ANL009,2025-04-21,5,DASHBOARD
APT002602,PRJ0033,ANL014,26/01/2024,4,Reunião com cliente
APT001501,PRJ0017,ANL022,2025-03-17,"4,5",ETL
APT006607,PRJ0093,ANL008,08-out-2024,7,Dashboard
APT007668,PRJ0109,ANL007,2026-04-13,8.5,Dashboard
APT004080,PRJ0052,ANL016,03-abr-2026,4.5,Reunião com cliente
APT003574,PRJ0044,ANL017,2025-06-09,7.5,Dashboard
APT006845,PRJ0098,ANL018,13-ago-2025,7,Coleta
APT002584,PRJ0032,ANL012,2026-05-11,7,ETL
APT003789,PRJ0048,ANL011,2024-11-27,7,Documentação
APT001994,PRJ0026,ANL009,23-jul-2025,6,Testes
APT006023,PRJ0082,ANL016,2025-06-09,6,Modelagem
APT001306,PRJ0014,ANL008,2024-08-02,4,Dashboard
APT008108,PRJ0118,ANL002,2025-12-18,3,Coleta
APT006709,PRJ0095,ANL008,2025-01-23,"4,5",ETL
APT007772,PRJ0110,ANL020,2025-01-20,4,Dashboard
APT003763,PRJ0047,ANL024,2024-10-22,4,Dashboard
APT006082,PRJ0083,ANL021,11-ago-2025,4.5,Coleta
APT005294,PRJ0073,ANL021,2025-03-04,3,Documentação
APT007408,PRJ0106,ANL021,2026-04-24,3.5,Apresentação
APT005549,PRJ0078,ANL011,06/06/2025,2,Testes
APT007663,PRJ0109,ANL013,04/05/2026,6,Apresentação
APT002548,PRJ0032,ANL024,06/02/2026,8.5,Modelagem
APT001226,PRJ0014,ANL008,2024-10-22,4,COLETA
APT003873,PRJ0049,ANL024,2026-02-06,7,Testes
APT008300,PRJ0120,ANL007,28/05/2026,6,Dashboard
APT001740,PRJ0023,ANL011,2026-04-06,6,Reunião com cliente
APT000654,PRJ0008,ANL011,2026-05-28,4,ETL
APT006273,PRJ0085,ANL024,2025-10-01,4,Documentação
APT000456,PRJ0007,ANL010,2024-12-30,6,Coleta
APT005728,PRJ0081,ANL017,2026-05-22,6,Modelagem
APT006710,PRJ0095,ANL002,2025-01-28,2,Modelagem
APT003791,PRJ0048,ANL011,2024-12-30,7,Coleta
APT008952,PRJ0128,ANL011,14-abr-2026,5,Reunião com cliente
APT004659,PRJ0063,ANL013,2026-06-08,6.5,Coleta
APT001122,PRJ0013,ANL023,2024-10-25,5,Documentação
APT003838,PRJ0049,ANL018,2026-01-19,3,ETL
APT002816,PRJ0035,ANL022,2025-04-02,5,Apresentação
APT005220,PRJ0070,ANL022,16/04/2025,6,Documentação
APT001523,PRJ0018,ANL005,2025-09-15,5,Coleta
APT000999,PRJ0012,ANL017,03/04/2026,6,Reunião com cliente
APT005267,PRJ0072,ANL006,2025-10-23,4,ETL
APT005241,PRJ0071,ANL023,25/02/2025,6.5,Dashboard
APT002253,PRJ0028,ANL004,10-out-2024,6,Dashboard
APT005202,PRJ0070,ANL022,2025-05-15,6,Coleta
APT005881,PRJ0081,ANL005,2026-05-21,2,ETL
APT006439,PRJ0089,ANL010,23-jul-2024,6,Dashboard
APT009041,PRJ0130,ANL013,2025-04-14,7,Coleta
APT007442,PRJ0106,ANL021,2026-05-15,3.5,Documentação
APT006460,PRJ0089,ANL004,09-set-2024,4.5,Modelagem
APT004826,PRJ0064,ANL020,2026-03-26,4,DOCUMENTAÇÃO
APT002418,PRJ0030,ANL015,2024-10-02,4,Testes
APT000602,PRJ0008,ANL017,06/16/2026,4,Testes
APT004400,PRJ0057,ANL024,2026-03-02,8,Dashboard
APT001988,PRJ0025,ANL016,02/21/2025,4,Coleta
APT003593,PRJ0045,ANL016,2025-03-03,6,Modelagem
APT002620,PRJ0034,ANL012,2024-02-08,6,Reunião com cliente
APT003707,PRJ0047,ANL024,2024-10-23,4,Modelagem
APT007041,PRJ0101,ANL024,18-mai-2026,2,Modelagem
APT005466,PRJ0078,ANL023,02-out-2025,3,Apresentação
APT001539,PRJ0019,ANL016,17-dez-2024,3.5,Modelagem
APT001565,PRJ0019,ANL004,2024-12-30,8,Dashboard
APT008535,PRJ0121,ANL015,2026-03-26,8,ETL
APT009790,PRJ0140,ANL006,2025-10-06,5,Modelagem
APT009152,PRJ0131,ANL021,2024-02-12,4,Dashboard
APT002557,PRJ0032,ANL024,2026-03-26,6,Documentação
APT000051,PRJ0001,ANL010,2024-03-21,6.5,REUNIÃO COM CLIENTE
APT005395,PRJ0076,ANL015,10/06/2024,5,Apresentação
APT005545,PRJ0078,ANL017,2025-09-01,"6,5",Dashboard
APT007745,PRJ0109,ANL019,2026-05-06,2,Testes
APT001611,PRJ0020,ANL022,2024-03-18,3.5,Testes
APT001541,PRJ0019,ANL022,2025-01-23,6.5,Apresentação
APT008620,PRJ0122,ANL003,2025-10-13,7,Apresentação
APT007514,PRJ0106,ANL021,2026-05-18,8,Apresentação
APT007857,PRJ0112,ANL021,2025-08-18,4.5,Coleta
APT003943,PRJ0050,ANL002,2025-09-22,"4,5",Modelagem
APT000770,PRJ0010,ANL013,08/02/2024,4,Reunião com cliente
APT005978,PRJ0082,ANL010,07/01/2025,6,Reunião com cliente
APT007584,PRJ0106,ANL021,2026-04-29,6,Apresentação
APT003822,PRJ0048,ANL017,12/27/2024,8.5,Reunião com cliente
APT008357,PRJ0120,ANL001,22-abr-2026,8,ETL
APT000951,PRJ0012,ANL017,14-abr-2026,2,COLETA
APT001214,PRJ0014,ANL020,2024-06-28,4,Coleta
APT006138,PRJ0083,ANL009,29-mai-2025,4,Reunião com cliente
APT000986,PRJ0012,ANL005,16-fev-2026,6.5,Testes
APT007768,PRJ0109,ANL001,18/05/2026,4,Documentação
APT001200,PRJ0014,ANL014,2024-07-15,5,Dashboard
APT003032,PRJ0037,ANL022,2025-03-31,5.5,Apresentação
APT006953,PRJ0099,ANL009,2025-06-17,5,Modelagem
APT004445,PRJ0059,ANL008,03/31/2025,3,Documentação
APT009358,PRJ0134,ANL015,30-jan-2026,6,Reunião com cliente
APT001874,PRJ0024,ANL005,18/09/2025,7,Testes
APT000741,PRJ0010,ANL001,22-jul-2024,8,Reunião com cliente
APT001747,PRJ0023,ANL017,2026-03-30,5,Modelagem
APT005625,PRJ0079,ANL012,2025-06-16,4,Apresentação
APT004235,PRJ0055,ANL008,08/14/2024,2,ETL
APT000273,PRJ0005,ANL023,01/01/2025,5,Modelagem
APT001941,PRJ0025,ANL010,2025-02-03,8.5,Testes
APT004541,PRJ0062,ANL017,29/11/2024,4,Reunião com cliente
APT007833,PRJ0112,ANL015,08/20/2025,3.5,Testes
APT005370,PRJ0075,ANL020,2025-08-22,8,Coleta
APT005358,PRJ0075,ANL002,2025-07-29,6,Modelagem
APT006735,PRJ0095,ANL014,2025-02-12,4,Apresentação
APT001566,PRJ0019,ANL010,10/12/2024,5,Coleta
APT000605,PRJ0008,ANL017,2026-04-10,7.5,Documentação
APT001563,PRJ0019,ANL004,2025-01-02,5,ETL
APT008596,PRJ0121,ANL021,05/11/2026,2,Documentação
APT001500,PRJ0017,ANL004,2025-03-17,4,Coleta
APT003315,PRJ0042,ANL013,2025-07-09,2,ETL
APT000303,PRJ0006,ANL020,2025-06-30,4,ETL
APT009583,PRJ0138,ANL005,06/01/2026,7,Coleta
APT009133,PRJ0130,ANL013,30/06/2025,8,Documentação
APT000848,PRJ0010,ANL019,2024-07-29,6,Dashboard
APT007460,PRJ0106,ANL003,27/04/2026,6.5,Modelagem
APT000996,PRJ0012,ANL017,2026-06-26,4,Coleta
APT001880,PRJ0024,ANL017,2025-10-27,3,Modelagem
APT002159,PRJ0026,ANL015,2025-11-10,7,ETL
APT009352,PRJ0134,ANL015,02/19/2026,2,Apresentação
APT009290,PRJ0133,ANL018,2026-05-04,2,Apresentação
APT005306,PRJ0073,ANL015,02/14/2025,5,Dashboard
APT006153,PRJ0083,ANL009,06/05/2025,6,ETL
APT001443,PRJ0017,ANL016,2025-01-31,7,Testes
APT009308,PRJ0133,ANL006,24/04/2026,4.5,Reunião com cliente
APT006357,PRJ0086,ANL009,2026-03-24,4,Testes
APT001949,PRJ0025,ANL004,2025-03-24,7,Coleta
APT000526,PRJ0007,ANL004,2024-10-08,6,TESTES
APT005913,PRJ0081,ANL017,30/04/2026,4,Dashboard
APT007704,PRJ0109,ANL001,2026-05-21,8.5,Apresentação
APT006339,PRJ0086,ANL021,2026-06-08,4,Modelagem
APT002211,PRJ0027,ANL013,14-out-2024,3,Modelagem
APT005781,PRJ0081,ANL023,02-jun-2026,4,Dashboard
APT002258,PRJ0029,ANL001,2025-08-12,4.5,Dashboard
APT000027,PRJ0001,ANL004,20-mar-2024,6,Testes
APT001149,PRJ0013,ANL017,2024-12-16,2,ETL
APT006293,PRJ0086,ANL021,03/30/2026,3.5,Documentação
APT008064,PRJ0116,ANL013,05/12/2025,6,Coleta
APT007642,PRJ0109,ANL013,20/05/2026,5,Testes
APT008840,PRJ0126,ANL011,09-abr-2026,4.5,Documentação
APT003518,PRJ0042,ANL013,2025-07-25,6,Dashboard
APT004262,PRJ0056,ANL015,21-abr-2025,7,Testes
APT009062,PRJ0130,ANL007,2025-06-02,3.5,Coleta
APT009630,PRJ0139,ANL017,21/10/2024,4.5,Modelagem
APT008002,PRJ0115,ANL005,2024-04-29,2.5,Coleta
APT005318,PRJ0073,ANL015,19/02/2025,2.5,Reunião com cliente
APT006430,PRJ0089,ANL016,2024-09-05,6,Documentação
APT000001,PRJ0001,ANL004,2024-04-24,2,COLETA
APT008778,PRJ0124,ANL004,10/02/2024,6.5,ETL
APT007807,PRJ0111,ANL017,2026-04-30,"3,5",Dashboard
APT001730,PRJ0023,ANL017,2026-03-30,8,Apresentação
APT009148,PRJ0131,ANL021,26-fev-2024,7,Apresentação
APT004117,PRJ0053,ANL008,2026-02-16,"3,5",Coleta
APT006839,PRJ0097,ANL018,06/17/2024,2,Dashboard
APT008025,PRJ0115,ANL005,2024-07-03,8,Modelagem
APT008063,PRJ0116,ANL001,05-jun-2025,7,Reunião com cliente
APT002642,PRJ0034,ANL006,2024-05-08,6,Dashboard
APT005052,PRJ0069,ANL024,04/11/2024,7,Apresentação
APT005196,PRJ0070,ANL016,2025-06-16,7,Coleta
APT005203,PRJ0070,ANL004,2025-07-04,6,ETL
APT006549,PRJ0091,ANL009,2026-01-07,3,Modelagem
APT004566,PRJ0062,ANL005,2025-01-22,3.5,Reunião com cliente
APT008528,PRJ0121,ANL015,2026-05-04,3,Documentação
APT002052,PRJ0026,ANL003,2025-08-29,5,Testes
APT003638,PRJ0046,ANL022,26/02/2024,6.5,Modelagem
APT006862,PRJ0098,ANL012,2025-08-15,4,Apresentação
APT006685,PRJ0094,ANL022,08/22/2025,6,Modelagem
APT005035,PRJ0069,ANL018,2024-10-28,6,ETL
APT001653,PRJ0021,ANL008,2025-12-19,5,Apresentação
APT000017,PRJ0001,ANL016,2024-04-15,4,Testes
APT007686,PRJ0109,ANL013,06/10/2026,5,Reunião com cliente
APT007518,PRJ0106,ANL021,06/15/2026,5.5,Apresentação
APT006766,PRJ0095,ANL020,2025-04-22,4,Dashboard
APT002756,PRJ0034,ANL012,22/01/2024,7,ETL
APT002666,PRJ0034,ANL018,13-mai-2024,6,Dashboard
APT003235,PRJ0041,ANL005,2025-07-01,6,ETL
APT003440,PRJ0042,ANL007,2025-07-29,4,ETL
APT001184,PRJ0014,ANL002,2024-10-28,3,Testes
APT000665,PRJ0008,ANL017,03/03/2026,5,Coleta
APT009440,PRJ0136,ANL007,2026-04-15,2.5,Testes
APT007334,PRJ0104,ANL018,20/05/2024,4,Coleta
APT001743,PRJ0023,ANL023,03/05/2026,3,Documentação
APT000733,PRJ0009,ANL023,30/10/2025,6,Dashboard
APT000317,PRJ0006,ANL020,2025-03-10,5.5,Reunião com cliente
APT005445,PRJ0077,ANL020,16-out-2024,8,Dashboard
APT002588,PRJ0032,ANL018,01/04/2026,5,Apresentação
APT002209,PRJ0027,ANL001,2024-10-25,6,Documentação
APT006502,PRJ0090,ANL005,29-out-2024,8,Documentação
APT008981,PRJ0129,ANL007,12/19/2025,6,Dashboard
APT001340,PRJ0015,ANL004,2025-10-03,6.5,Documentação
APT006321,PRJ0086,ANL003,05/11/2026,3,Modelagem
APT002215,PRJ0027,ANL013,2024-10-16,4,Dashboard
APT005336,PRJ0074,ANL010,2025-10-27,4,Reunião com cliente
APT002167,PRJ0026,ANL009,2025-10-06,6,Dashboard
APT004854,PRJ0064,ANL002,2026-03-09,6,Documentação
APT002917,PRJ0036,ANL019,30/04/2026,7,ETL
APT001056,PRJ0012,ANL011,23-mar-2026,6.5,Apresentação
APT006814,PRJ0096,ANL015,2026-03-26,3,Coleta
APT009658,PRJ0139,ANL011,25/09/2024,3,Reunião com cliente
APT007020,PRJ0101,ANL018,03-jun-2026,4,ETL
APT001423,PRJ0017,ANL010,2025-03-17,3,Coleta
APT007808,PRJ0111,ANL023,2026-04-20,240.0,Documentação
APT007067,PRJ0101,ANL012,2026-05-29,4,Apresentação
APT009617,PRJ0139,ANL017,07-nov-2024,6,Modelagem
APT007880,PRJ0113,ANL004,27/05/2024,3.5,Modelagem
APT009442,PRJ0136,ANL001,29-abr-2026,6,Testes
APT006487,PRJ0089,ANL004,17/07/2024,2,Dashboard
APT003922,PRJ0050,ANL014,2025-10-09,3,Modelagem
APT008540,PRJ0121,ANL003,04/06/2026,5,ETL
APT007651,PRJ0109,ANL019,03/26/2026,"2,5",APRESENTAÇÃO
APT003456,PRJ0042,ANL019,25/07/2025,4,Reunião com cliente
APT009642,PRJ0139,ANL011,2024-12-09,4,Modelagem
APT007775,PRJ0110,ANL014,31/01/2025,2,Dashboard
APT004869,PRJ0065,ANL004,2026-02-03,7,Testes
APT006623,PRJ0093,ANL002,2024-09-27,5,Apresentação
APT000081,PRJ0003,ANL021,2025-07-10,3,Coleta
APT005711,PRJ0080,ANL021,07-nov-2024,6,ETL
APT009416,PRJ0135,ANL020,2024-02-19,7,Modelagem
APT002089,PRJ0026,ANL015,2026-01-26,3,Testes
APT008910,PRJ0127,ANL012,01-dez-2025,4,Documentação
APT003840,PRJ0049,ANL012,2026-02-13,4,Coleta
APT004281,PRJ0056,ANL021,2025-02-24,4.5,ETL
APT005063,PRJ0069,ANL024,2024-09-09,8.5,Reunião com cliente
APT007852,PRJ0112,ANL003,01/07/2025,4.5,ETL
APT004635,PRJ0063,ANL007,2026-05-13,5,Testes
APT008955,PRJ0128,ANL005,2026-04-20,4,Coleta
APT003484,PRJ0042,ANL013,15/09/2025,2.5,Apresentação
APT005692,PRJ0080,ANL021,2024-11-04,6,Coleta
APT006084,PRJ0083,ANL015,2025-11-19,2,Apresentação
APT008351,PRJ0120,ANL007,03/24/2026,4.5,DASHBOARD
APT007984,PRJ0115,ANL023,2024-07-03,6.5,Testes
APT009067,PRJ0130,ANL019,2025-06-25,"4,5",Apresentação
APT002158,PRJ0026,ANL021,2025-12-17,4,Reunião com cliente
APT000307,PRJ0006,ANL020,05-mar-2025,6,Modelagem
APT003178,PRJ0039,ANL007,01/31/2025,5,Dashboard
APT007086,PRJ0101,ANL024,2026-06-22,7,Modelagem
APT000923,PRJ0012,ANL011,26-mai-2026,4,Dashboard
APT000258,PRJ0005,ANL011,03-jan-2025,4,ETL
APT003267,PRJ0042,ANL019,09/05/2025,4,Documentação
APT009522,PRJ0136,ANL013,2026-03-27,6.5,Reunião com cliente
APT007877,PRJ0113,ANL022,2024-05-14,8.5,Dashboard
APT005381,PRJ0076,ANL021,14/06/2024,3,Dashboard
APT004660,PRJ0063,ANL019,02/06/2026,4.5,ETL
APT008073,PRJ0116,ANL001,2025-05-23,4,Testes
APT007346,PRJ0105,ANL014,2025-12-02,3.5,Coleta
APT002018,PRJ0026,ANL015,2025-10-03,4.5,Reunião com cliente
APT006072,PRJ0083,ANL003,2025-09-15,7,Coleta
APT005187,PRJ0070,ANL004,04/24/2025,4,ETL
APT002711,PRJ0034,ANL018,2024-01-31,3,Modelagem
APT003914,PRJ0050,ANL008,2025-10-17,3,Reunião com cliente
APT009016,PRJ0129,ANL013,12/22/2025,5,Testes
APT005259,PRJ0072,ANL018,2025-10-20,5.5,Apresentação
APT006628,PRJ0093,ANL008,04-out-2024,5,Modelagem
APT007124,PRJ0101,ANL012,15/05/2026,6.5,Documentação
APT009675,PRJ0139,ANL017,2024-10-07,7,Reunião com cliente
APT009013,PRJ0129,ANL001,2026-01-05,6,Apresentação
APT008814,PRJ0125,ANL015,2025-04-01,7.5,Reunião com cliente
APT005734,PRJ0081,ANL017,2026-03-30,5.5,Apresentação
APT007729,PRJ0109,ANL007,2026-04-10,2,Apresentação
APT000930,PRJ0012,ANL023,09-jun-2026,3,Modelagem
APT005051,PRJ0069,ANL018,2024-09-30,2,MODELAGEM
APT006712,PRJ0095,ANL014,22-abr-2025,5,Modelagem
APT009697,PRJ0140,ANL006,2025-09-29,5,Apresentação
APT007477,PRJ0106,ANL015,2026-06-08,"7,5",ETL
APT009539,PRJ0136,ANL013,28/01/2026,3,Reunião com cliente
APT009406,PRJ0135,ANL008,18/03/2024,5,Dashboard
APT005299,PRJ0073,ANL009,01/29/2025,8,ETL
APT000146,PRJ0003,ANL021,15-out-2025,6,Documentação
APT004427,PRJ0059,ANL008,2025-04-28,4,Modelagem
APT003701,PRJ0047,ANL006,21/08/2024,6,APRESENTAÇÃO
APT006175,PRJ0083,ANL015,2025-08-06,"4,5",Documentação
APT001446,PRJ0017,ANL010,2025-03-20,4,Coleta
APT000956,PRJ0012,ANL005,2026-03-24,8,Dashboard
APT001749,PRJ0023,ANL023,26-jan-2026,6,Apresentação
APT004361,PRJ0057,ANL006,04/14/2026,4,Documentação
APT004402,PRJ0058,ANL013,03-abr-2024,2,Coleta
APT007095,PRJ0101,ANL024,2026-06-17,6.5,Apresentação
APT001473,PRJ0017,ANL016,2024-12-19,4,Coleta
APT001934,PRJ0025,ANL004,2025-01-17,6.5,Reunião com cliente
APT004559,PRJ0062,ANL011,2024-12-13,7,ETL
APT005586,PRJ0079,ANL024,07/09/2025,3,Dashboard
APT007140,PRJ0101,ANL024,05/14/2026,4,Dashboard
APT002477,PRJ0032,ANL024,02-mar-2026,3,Reunião com cliente
APT005042,PRJ0069,ANL006,2024-10-07,4.5,Apresentação
APT006543,PRJ0091,ANL021,12/12/2025,2,Reunião com cliente
APT001107,PRJ0012,ANL017,2026-06-09,4,ETL
APT005152,PRJ0070,ANL004,08/01/2025,2,Dashboard
APT000391,PRJ0006,ANL002,05-mai-2025,7,Modelagem
APT005010,PRJ0067,ANL001,14/06/2024,4.5,Reunião com cliente
APT007187,PRJ0103,ANL005,27/01/2025,6,Modelagem
APT001478,PRJ0017,ANL022,2024-12-31,5,Dashboard
APT003394,PRJ0042,ANL007,21-jul-2025,4,Testes
APT009781,PRJ0140,ANL006,2025-12-01,4,Coleta
APT001511,PRJ0018,ANL017,08-set-2025,6,Modelagem
APT000701,PRJ0008,ANL023,2026-06-26,4.5,COLETA
APT003918,PRJ0050,ANL008,25/09/2025,6,ETL
APT009543,PRJ0136,ANL001,2026-01-30,7,Reunião com cliente
APT009265,PRJ0133,ANL018,2026-04-30,3,Dashboard
APT002595,PRJ0033,ANL014,24/01/2024,2,Apresentação
APT005960,PRJ0081,ANL023,2026-04-28,6,Dashboard
APT008465,PRJ0120,ANL019,2026-04-24,5,ETL
APT004295,PRJ0056,ANL003,2025-04-25,3,Apresentação
APT004851,PRJ0064,ANL008,05/19/2026,7.5,APRESENTAÇÃO
APT001397,PRJ0016,ANL010,2026-06-12,6,Coleta
APT007515,PRJ0106,ANL009,2026-04-06,6,Documentação
APT002030,PRJ0026,ANL003,11/17/2025,6.5,Reunião com cliente
APT001834,PRJ0024,ANL023,11/26/2025,5,Apresentação
APT000585,PRJ0008,ANL017,2026-05-05,6.5,Modelagem
APT004681,PRJ0063,ANL019,03/06/2026,3,Modelagem
APT005517,PRJ0078,ANL023,2025-06-06,5,Coleta
APT006933,PRJ0099,ANL009,2025-06-06,6.5,Coleta
APT006004,PRJ0082,ANL004,14/03/2025,7,Testes
APT002808,PRJ0035,ANL022,2025-03-31,3,Modelagem
APT003244,PRJ0041,ANL023,2025-07-30,6.5,ETL
APT004293,PRJ0056,ANL009,2025-03-26,4,Reunião com cliente
APT008356,PRJ0120,ANL007,19/06/2026,5,ETL
APT002001,PRJ0026,ANL003,12-nov-2025,6,MODELAGEM
APT005752,PRJ0081,ANL023,25/05/2026,8,Testes
APT008474,PRJ0120,ANL019,2026-06-22,6,Coleta
APT001621,PRJ0020,ANL016,2024-03-21,6,Dashboard
APT000398,PRJ0006,ANL020,13-mar-2025,4,Apresentação
APT004785,PRJ0064,ANL008,2026-04-13,4.5,Coleta
APT003256,PRJ0041,ANL011,2025-04-04,6.5,Documentação
APT009793,PRJ0140,ANL024,09/30/2025,5,Dashboard
APT006277,PRJ0086,ANL003,09/04/2026,"6,5",Apresentação
APT000586,PRJ0008,ANL011,04/05/2026,2,Documentação
APT004043,PRJ0052,ANL016,2026-03-09,4,Dashboard
APT002907,PRJ0036,ANL013,2026-05-26,4,Coleta
APT001040,PRJ0012,ANL011,2026-06-05,7,Dashboard
APT001836,PRJ0024,ANL023,2025-09-25,7,Coleta
APT006536,PRJ0091,ANL009,08/12/2025,6.5,Coleta
APT003548,PRJ0043,ANL005,02-dez-2025,7,Apresentação
APT005986,PRJ0082,ANL016,2025-04-28,8,Apresentação
APT006092,PRJ0083,ANL015,2025-09-08,2,Modelagem
APT005988,PRJ0082,ANL010,2025-04-02,2,Apresentação
APT006287,PRJ0086,ANL003,2026-05-04,5,Dashboard
APT003383,PRJ0042,ANL013,2025-04-01,5,ETL
APT009270,PRJ0133,ANL024,2026-05-14,2,Apresentação
APT002326,PRJ0029,ANL001,2025-06-02,6,ETL
APT005114,PRJ0070,ANL010,2025-03-31,6.5,Coleta
APT005568,PRJ0079,ANL006,2025-05-12,2,Coleta
APT002492,PRJ0032,ANL012,06/11/2026,4,Modelagem
APT009167,PRJ0131,ANL015,2024-02-26,7,Dashboard
APT005744,PRJ0081,ANL005,2026-06-12,8,Modelagem
APT003504,PRJ0042,ANL007,2025-06-27,6,Modelagem
APT000167,PRJ0004,ANL023,09-abr-2024,8.5,Dashboard
APT002509,PRJ0032,ANL024,2026-05-04,7,Coleta
APT006115,PRJ0083,ANL015,2025-11-21,3,Reunião com cliente
APT008743,PRJ0123,ANL002,07/11/2025,"5,5",Coleta
APT003824,PRJ0048,ANL023,2024-11-25,4,Modelagem
APT007249,PRJ0103,ANL023,2025-03-31,4,Modelagem
APT001366,PRJ0015,ANL004,2025-12-02,2,Dashboard
APT002199,PRJ0027,ANL013,2024-09-27,5,Documentação
APT001210,PRJ0014,ANL020,15-ago-2024,4,Dashboard
APT003243,PRJ0041,ANL017,2025-07-28,4,Reunião com cliente
APT001819,PRJ0024,ANL005,10-nov-2025,"7,5",Coleta
APT005112,PRJ0070,ANL022,2025-07-17,-4.0,Dashboard
APT006514,PRJ0090,ANL017,2024-10-28,4,Apresentação
APT002518,PRJ0032,ANL018,16/03/2026,2,Testes
APT001036,PRJ0012,ANL011,04/07/2026,2,ETL
APT000687,PRJ0008,ANL023,2026-06-01,2,Dashboard
APT005069,PRJ0069,ANL024,2024-09-05,7.5,Documentação
APT009141,PRJ0130,ANL001,26-mai-2025,7.5,Dashboard
APT003821,PRJ0048,ANL005,19-dez-2024,2,Dashboard
APT001247,PRJ0014,ANL002,2024-08-05,3.5,Modelagem
APT004415,PRJ0058,ANL001,25/03/2024,6,Apresentação
APT001097,PRJ0012,ANL011,09/06/2026,2.5,Dashboard
APT001081,PRJ0012,ANL005,2026-06-22,6,ETL
APT006203,PRJ0083,ANL009,2025-06-27,5,Documentação
APT004091,PRJ0053,ANL002,2026-03-16,4,Coleta
APT005660,PRJ0079,ANL024,2025-07-16,4,Testes
APT004238,PRJ0055,ANL020,2024-10-04,7.5,Modelagem
APT006151,PRJ0083,ANL021,31/10/2025,"4,5",MODELAGEM
APT003475,PRJ0042,ANL013,2025-07-18,"8,5",Modelagem
APT001831,PRJ0024,ANL017,2025-11-17,8,Testes
APT002352,PRJ0029,ANL013,09/19/2025,3.5,Testes
APT007577,PRJ0106,ANL009,2026-06-01,7,ETL
APT002894,PRJ0036,ANL019,2026-04-03,4,Modelagem
APT003054,PRJ0039,ANL007,2025-02-10,2,Modelagem
APT002911,PRJ0036,ANL007,27-mar-2026,"4,5",ETL
APT002073,PRJ0026,ANL003,2026-01-26,7,Testes
APT002076,PRJ0026,ANL015,2025-12-15,6,DASHBOARD
APT003817,PRJ0048,ANL023,2024-12-30,4,Reunião com cliente
APT009673,PRJ0139,ANL017,06-dez-2024,7,Dashboard
APT003122,PRJ0039,ANL001,12/18/2024,2,Coleta
APT007347,PRJ0105,ANL014,2025-11-17,4,Testes
APT007003,PRJ0100,ANL016,2026-05-15,8,Testes
APT008029,PRJ0115,ANL023,07/01/2024,"4,5",Documentação
APT008592,PRJ0121,ANL003,2026-03-26,8.5,Apresentação
APT003543,PRJ0043,ANL011,2025-12-01,4,Dashboard
APT009285,PRJ0133,ANL024,2026-05-04,4,Dashboard
APT001382,PRJ0016,ANL016,2026-05-22,6.5,Dashboard
APT004394,PRJ0057,ANL012,02/04/2026,3,Testes
APT002471,PRJ0032,ANL024,04/13/2026,2,Testes
APT005016,PRJ0068,ANL005,2025-02-24,7,Testes
APT007814,PRJ0111,ANL011,2026-04-24,6.5,ETL
APT008213,PRJ0119,ANL012,2024-05-28,8.5,Coleta
APT008795,PRJ0124,ANL010,2024-10-21,7,ETL
APT007377,PRJ0106,ANL009,27-abr-2026,2.5,ETL
APT006218,PRJ0084,ANL017,2025-08-19,8,Modelagem
APT003950,PRJ0050,ANL002,2025-10-02,5,Modelagem
APT006504,PRJ0090,ANL005,2024-10-24,2,Dashboard
APT001702,PRJ0022,ANL021,2026-03-23,5.5,ETL
APT008286,PRJ0119,ANL018,03/05/2024,4.5,Coleta
APT005329,PRJ0073,ANL003,2025-02-27,"6,5",Dashboard
APT007289,PRJ0104,ANL018,2024-04-26,8.5,Testes
APT003521,PRJ0042,ANL013,03/27/2025,2,Testes
APT004411,PRJ0058,ANL001,2024-03-08,3,Reunião com cliente
APT005846,PRJ0081,ANL005,2026-06-08,7.5,Coleta
APT006425,PRJ0089,ANL022,17-jun-2024,6.5,Coleta
APT008394,PRJ0120,ANL019,2026-04-01,6,Coleta
APT000553,PRJ0007,ANL022,12/30/2024,2,Modelagem
APT008914,PRJ0127,ANL024,2025-09-29,5,Dashboard
APT005792,PRJ0081,ANL011,2026-05-04,6,Testes
APT001645,PRJ0021,ANL008,11/19/2025,7,Reunião com cliente
APT004939,PRJ0066,ANL021,2024-10-22,5,Testes
APT000918,PRJ0012,ANL005,2026-03-30,7,Documentação
APT007364,PRJ0106,ANL015,04/27/2026,6,Modelagem
APT000736,PRJ0009,ANL023,2025-10-20,7,Modelagem
APT007594,PRJ0106,ANL021,04-mai-2026,5.5,ETL
APT005072,PRJ0069,ANL006,2024-09-30,4,Coleta
APT001232,PRJ0014,ANL020,10/09/2024,4,Documentação
APT001151,PRJ0013,ANL011,2024-12-27,5,ETL
APT006276,PRJ0086,ANL021,2026-03-23,7,APRESENTAÇÃO
APT004795,PRJ0064,ANL002,04/20/2026,"5,5",Documentação
APT002609,PRJ0033,ANL002,24/01/2024,6,Testes
APT009140,PRJ0130,ANL013,26/05/2025,2,Dashboard
APT001484,PRJ0017,ANL004,01/29/2025,6.5,Testes
APT000328,PRJ0006,ANL002,12-jun-2025,4,ETL
APT008657,PRJ0122,ANL009,13/11/2025,2,Testes
APT006935,PRJ0099,ANL021,30/06/2025,4,Apresentação
APT007505,PRJ0106,ANL015,2026-06-16,4,Modelagem
APT007890,PRJ0113,ANL010,2024-05-27,6.5,Apresentação
APT002679,PRJ0034,ANL006,02/02/2024,5,Testes
APT006970,PRJ0099,ANL015,19/05/2025,5,Dashboard
APT006865,PRJ0098,ANL006,12/09/2025,4,Testes
APT004209,PRJ0055,ANL002,2024-07-29,6,Documentação
APT003327,PRJ0042,ANL001,2025-06-30,6,Documentação
APT008678,PRJ0122,ANL021,23/10/2025,6,ETL
APT008462,PRJ0120,ANL019,10-abr-2026,2,ETL
APT004569,PRJ0062,ANL005,17/12/2024,4,Testes
APT005144,PRJ0070,ANL016,09-mai-2025,2.5,Reunião com cliente
APT006801,PRJ0096,ANL009,2026-05-05,2,COLETA
APT008817,PRJ0125,ANL003,2025-04-10,7,Modelagem
APT006552,PRJ0091,ANL009,12/08/2025,6.5,Dashboard
APT001912,PRJ0025,ANL010,2025-03-24,3,Documentação
APT006279,PRJ0086,ANL009,03/30/2026,6,ETL
APT007665,PRJ0109,ANL019,03/02/2026,6.5,Modelagem
APT006341,PRJ0086,ANL015,09-jun-2026,3,ETL
APT004830,PRJ0064,ANL008,02/23/2026,4,Testes
APT008869,PRJ0126,ANL005,04/16/2026,7,ETL
APT001978,PRJ0025,ANL016,2025-02-24,6,Coleta
APT001657,PRJ0021,ANL020,27/10/2025,2,Reunião com cliente
APT003999,PRJ0051,ANL005,2024-11-13,2,Modelagem
APT003306,PRJ0042,ANL019,2025-06-16,3,Reunião com cliente
APT002638,PRJ0034,ANL024,31-mai-2024,5.5,Coleta
APT007605,PRJ0107,ANL023,2025-03-25,6,Testes
APT006509,PRJ0090,ANL017,08-nov-2024,5,Reunião com cliente
APT001668,PRJ0021,ANL020,2025-11-28,3,Modelagem
APT007730,PRJ0109,ANL007,2026-05-08,3,Testes
APT001309,PRJ0014,ANL020,07/24/2024,4,ETL
APT007482,PRJ0106,ANL009,18-mai-2026,5,Apresentação
APT003489,PRJ0042,ANL007,2025-04-25,4,ETL
APT000784,PRJ0010,ANL019,10/07/2024,8,Documentação
APT002131,PRJ0026,ANL009,2025-09-01,6,Modelagem
APT005887,PRJ0081,ANL005,04/20/2026,3,Dashboard
APT005797,PRJ0081,ANL011,2026-03-30,"6,5",Apresentação
APT004597,PRJ0062,ANL011,12/02/2025,7,Modelagem
APT003989,PRJ0051,ANL017,30-out-2024,4,ETL
APT009145,PRJ0130,ANL019,2025-05-12,4,Testes
APT004063,PRJ0052,ANL004,2026-03-24,"3,5",Apresentação
APT003467,PRJ0042,ANL019,2025-09-09,3,Modelagem
APT005062,PRJ0069,ANL024,2024-10-22,4.5,Documentação
APT001030,PRJ0012,ANL011,2026-02-23,4.5,Coleta
APT009226,PRJ0132,ANL022,11/07/2024,4,ETL
APT005592,PRJ0079,ANL018,13-jun-2025,2,Apresentação
APT002303,PRJ0029,ANL019,09/10/2025,6,Coleta
APT001856,PRJ0024,ANL023,2025-11-14,3,Testes
APT006636,PRJ0093,ANL008,11/04/2024,8,ETL
APT001013,PRJ0012,ANL005,25/02/2026,6,Testes
APT008317,PRJ0120,ANL013,2026-06-03,8,Dashboard
APT001290,PRJ0014,ANL002,2024-07-29,3.5,Dashboard
APT001499,PRJ0017,ANL010,2025-02-17,6,Reunião com cliente
APT008301,PRJ0120,ANL019,23-abr-2026,2,MODELAGEM
APT002956,PRJ0036,ANL001,2026-04-20,6.5,Coleta
APT005225,PRJ0071,ANL017,2025-02-13,6,Apresentação
APT006975,PRJ0099,ANL003,2025-05-02,6,Modelagem
APT009701,PRJ0140,ANL012,26-jan-2026,3,REUNIÃO COM CLIENTE
APT009462,PRJ0136,ANL007,09/02/2026,7.5,Modelagem
APT009115,PRJ0130,ANL007,2025-06-26,2,Reunião com cliente
APT003039,PRJ0037,ANL022,2025-04-04,5,Reunião com cliente
APT004229,PRJ0055,ANL014,2024-08-23,6,Modelagem
APT003935,PRJ0050,ANL014,2025-10-02,2,Apresentação
APT004688,PRJ0063,ANL013,08/06/2026,4.5,Testes
APT000528,PRJ0007,ANL004,2025-01-23,7.5,Dashboard
APT003730,PRJ0047,ANL024,07-out-2024,8,Reunião com cliente
APT001315,PRJ0015,ANL016,05-set-2025,"4,5",Apresentação
APT008513,PRJ0121,ANL003,2026-03-30,4,Documentação
APT003490,PRJ0042,ANL001,2025-08-22,3,Documentação
APT009155,PRJ0131,ANL009,11-mar-2024,2,Reunião com cliente
APT005090,PRJ0069,ANL018,2024-10-28,5,Reunião com cliente
APT009580,PRJ0138,ANL005,2026-05-12,3,Documentação
APT009159,PRJ0131,ANL021,2024-02-28,4.5,Documentação
APT004336,PRJ0056,ANL009,2025-02-10,6.5,Coleta
APT001490,PRJ0017,ANL016,17-fev-2025,6,ETL
APT008846,PRJ0126,ANL005,02/06/2026,3.5,Coleta
APT004863,PRJ0064,ANL002,16/03/2026,6,Documentação
APT002691,PRJ0034,ANL024,2024-03-05,5,Modelagem
APT000224,PRJ0005,ANL023,01/24/2025,8,ETL
APT001033,PRJ0012,ANL011,2026-05-01,"7,5",Reunião com cliente
APT005933,PRJ0081,ANL023,2026-05-18,3,Testes
APT004669,PRJ0063,ANL001,06/08/2026,"4,5",ETL
APT001188,PRJ0014,ANL008,07/10/2024,6,Coleta
APT003583,PRJ0045,ANL022,13-mar-2025,"4,5",Reunião com cliente
APT001529,PRJ0018,ANL005,2025-09-23,2,Dashboard
APT002488,PRJ0032,ANL018,2026-05-15,6.5,Reunião com cliente
APT004537,PRJ0061,ANL012,2025-06-03,8,Documentação
APT008687,PRJ0122,ANL015,07/25/2025,6,Coleta
APT007531,PRJ0106,ANL015,15-jun-2026,6,Coleta
APT002101,PRJ0026,ANL009,2025-11-13,4,DOCUMENTAÇÃO
APT001023,PRJ0012,ANL023,2026-05-12,3,Testes
APT002223,PRJ0027,ANL019,2024-11-04,4,Modelagem
APT009762,PRJ0140,ANL024,2026-02-09,2,Apresentação
APT008850,PRJ0126,ANL011,2026-04-14,4,Apresentação
APT006441,PRJ0089,ANL010,2024-08-19,6,Apresentação
APT004843,PRJ0064,ANL014,14-mai-2026,"7,5",Apresentação
APT002241,PRJ0028,ANL004,2024-10-23,6.5,Documentação
APT000280,PRJ0005,ANL017,02/24/2025,4,Coleta
APT002858,PRJ0036,ANL007,2026-05-07,3,Testes
APT006432,PRJ0089,ANL010,12-ago-2024,5,ETL
APT000409,PRJ0006,ANL014,2025-03-20,"7,5",ETL
APT004876,PRJ0065,ANL010,2026-03-04,2.5,ETL
APT003860,PRJ0049,ANL012,2026-01-20,8,Apresentação
APT000417,PRJ0007,ANL022,2024-09-24,7,ETL
APT006578,PRJ0093,ANL020,24/09/2024,6.5,Testes
APT006965,PRJ0099,ANL015,06/23/2025,6,Documentação
APT003366,PRJ0042,ANL013,09-mai-2025,8,Modelagem
APT001057,PRJ0012,ANL005,02/23/2026,4,Dashboard
APT007921,PRJ0113,ANL016,2024-05-20,5,Testes
APT005869,PRJ0081,ANL023,2026-04-10,5,Reunião com cliente
APT009771,PRJ0140,ANL006,08-set-2025,3,Testes
APT000873,PRJ0011,ANL008,25/08/2025,4,Modelagem
APT007147,PRJ0102,ANL007,02/25/2025,2,Testes
APT001435,PRJ0017,ANL004,02/03/2025,"4,5",ETL
APT008468,PRJ0120,ANL001,24/03/2026,8,Modelagem
APT000885,PRJ0011,ANL014,2025-08-04,3.5,Coleta
APT000206,PRJ0005,ANL005,2024-12-19,6,Testes
APT002435,PRJ0031,ANL003,17-out-2024,4,Coleta
APT000695,PRJ0008,ANL023,2026-05-04,2,Apresentação
APT002008,PRJ0026,ANL009,24-nov-2025,4,Modelagem
APT009188,PRJ0131,ANL009,2024-03-18,7,Dashboard
APT005857,PRJ0081,ANL011,20/05/2026,7,Apresentação
APT000107,PRJ0003,ANL009,2025-09-16,7.5,Documentação
APT005721,PRJ0080,ANL009,2024-10-18,8,Dashboard
APT004547,PRJ0062,ANL005,2024-11-06,5,Coleta
APT003949,PRJ0050,ANL002,2025-10-13,2,Apresentação
APT009094,PRJ0130,ANL001,2025-06-23,3,Coleta
APT001716,PRJ0022,ANL009,2026-03-16,8,ETL
APT001628,PRJ0021,ANL020,2025-12-26,6,Documentação
APT006433,PRJ0089,ANL004,09/16/2024,8,Modelagem
APT008209,PRJ0119,ANL018,01/04/2024,5,Dashboard
APT002643,PRJ0034,ANL018,2024-03-04,7,Coleta
APT007394,PRJ0106,ANL003,2026-04-06,4,Coleta
APT005371,PRJ0075,ANL020,2025-08-04,5,Modelagem
APT005851,PRJ0081,ANL005,27-abr-2026,4,DASHBOARD
APT006234,PRJ0084,ANL005,2025-08-22,6.5,Documentação
APT000285,PRJ0005,ANL023,19/02/2025,4,Reunião com cliente
APT008146,PRJ0118,ANL002,19/01/2026,4,Modelagem
APT002978,PRJ0036,ANL001,2026-06-15,6.5,Dashboard
APT002621,PRJ0034,ANL006,2024-05-30,4,Modelagem
APT003154,PRJ0039,ANL001,2025-01-31,6.5,Apresentação
APT008497,PRJ0121,ANL015,01-jun-2026,3,Modelagem
APT009586,PRJ0138,ANL023,2026-06-22,5,Modelagem
APT009168,PRJ0131,ANL003,18/03/2024,4.5,Documentação
APT005892,PRJ0081,ANL017,07/04/2026,4,Testes
APT000688,PRJ0008,ANL011,2026-04-08,4,Apresentação
APT005402,PRJ0076,ANL003,14/06/2024,4,Reunião com cliente
APT003336,PRJ0042,ANL001,2025-05-19,4,ETL
APT001041,PRJ0012,ANL023,30/03/2026,5,Testes
APT002049,PRJ0026,ANL009,08/12/2025,5,Coleta
APT000753,PRJ0010,ANL019,2024-07-19,7,Reunião com cliente
APT006593,PRJ0093,ANL014,14-out-2024,5.5,Modelagem
APT007737,PRJ0109,ANL013,2026-03-27,6.5,Apresentação
APT007930,PRJ0114,ANL005,26-abr-2024,5,Documentação
APT006414,PRJ0089,ANL022,2024-08-14,3,Dashboard
APT001191,PRJ0014,ANL020,2024-07-01,8,ETL
APT002952,PRJ0036,ANL013,01/06/2026,4,Dashboard
APT004690,PRJ0063,ANL019,06/08/2026,4.5,Apresentação
APT003849,PRJ0049,ANL006,21-jan-2026,6,Documentação
APT005219,PRJ0070,ANL022,2025-05-05,3,Modelagem
APT004764,PRJ0064,ANL002,2026-05-15,4.5,ETL
APT000787,PRJ0010,ANL001,2024-09-05,8,Dashboard
APT006747,PRJ0095,ANL014,04-fev-2025,8.5,ETL
APT000419,PRJ0007,ANL016,07-out-2024,7,ETL
APT004972,PRJ0066,ANL003,2024-12-20,6,Coleta
APT005841,PRJ0081,ANL023,2026-06-19,5.5,Dashboard
APT000702,PRJ0008,ANL011,2026-03-31,6,Modelagem
APT005444,PRJ0077,ANL020,09/10/2024,6,Modelagem
APT006335,PRJ0086,ANL021,03/23/2026,6.5,ETL
APT000138,PRJ0003,ANL015,27/06/2025,6,Testes
APT008974,PRJ0129,ANL007,01/05/2026,6,Dashboard
APT004500,PRJ0060,ANL012,07-mai-2025,6,Reunião com cliente
APT006605,PRJ0093,ANL020,2024-09-23,3,Coleta
APT003120,PRJ0039,ANL001,30/12/2024,4,Apresentação
APT007499,PRJ0106,ANL003,2026-06-22,4,ETL
APT005779,PRJ0081,ANL011,2026-05-21,6,Modelagem
APT007366,PRJ0106,ANL009,2026-06-15,8.5,Reunião com cliente
APT009073,PRJ0130,ANL001,2025-06-06,4,Coleta
APT001663,PRJ0021,ANL002,2025-12-17,6,Testes
APT003335,PRJ0042,ANL013,2025-06-30,4,Coleta
APT000338,PRJ0006,ANL008,2025-03-14,5.5,Coleta
APT009687,PRJ0140,ANL006,09-set-2025,8,ETL
APT000315,PRJ0006,ANL020,07/01/2025,5,Modelagem
APT003495,PRJ0042,ANL013,2025-06-09,7.5,ETL
APT000725,PRJ0009,ANL005,2025-11-03,6.5,Modelagem
APT007268,PRJ0103,ANL011,2025-05-05,6.5,Testes
APT007585,PRJ0106,ANL015,2026-04-13,6,Testes
APT003282,PRJ0042,ANL001,25-mar-2025,4.5,ETL
APT002121,PRJ0026,ANL015,10/06/2025,8.5,Reunião com cliente
APT008297,PRJ0120,ANL019,2026-06-15,6,Dashboard
APT004029,PRJ0052,ANL022,2026-03-16,2.5,Apresentação
APT008746,PRJ0123,ANL008,2025-05-27,6,Reunião com cliente
APT007784,PRJ0110,ANL008,01/27/2025,3.5,ETL
APT004711,PRJ0063,ANL019,05/12/2026,8,Reunião com cliente
APT000537,PRJ0007,ANL004,19/12/2024,5,Reunião com cliente
APT004611,PRJ0062,ANL017,19/12/2024,7,Coleta
APT003240,PRJ0041,ANL011,26-mai-2025,8,Documentação
APT002316,PRJ0029,ANL013,08-set-2025,5,Testes
APT007587,PRJ0106,ANL015,01-jun-2026,5.5,Documentação
APT009403,PRJ0135,ANL008,2024-03-01,"6,5",Modelagem
APT003348,PRJ0042,ANL013,2025-04-16,4.5,Modelagem
APT002179,PRJ0026,ANL003,2025-12-29,5,Testes
APT008283,PRJ0119,ANL018,2024-02-07,6,Testes
APT005076,PRJ0069,ANL012,2024-10-21,4,DASHBOARD
APT008953,PRJ0128,ANL011,05/11/2026,5,Reunião com cliente
APT007485,PRJ0106,ANL015,2026-06-16,4,Testes
APT005213,PRJ0070,ANL010,28/05/2025,6,Coleta
APT004677,PRJ0063,ANL007,2026-06-01,3,Modelagem
APT003792,PRJ0048,ANL011,01/01/2025,7,ETL
APT001069,PRJ0012,ANL005,23/02/2026,5,ETL
APT001841,PRJ0024,ANL017,09/03/2025,8.5,Coleta
APT007232,PRJ0103,ANL023,2025-03-04,6,Modelagem
APT003649,PRJ0046,ANL022,2024-03-15,6,ETL
APT002786,PRJ0034,ANL006,04/29/2024,8.5,ETL
APT003068,PRJ0039,ANL013,2024-12-30,3,Reunião com cliente
APT003978,PRJ0051,ANL005,2024-11-18,4,Modelagem
APT009506,PRJ0136,ANL019,04/01/2026,4,Reunião com cliente
APT006135,PRJ0083,ANL021,2025-06-09,6,Modelagem
APT000311,PRJ0006,ANL002,2025-04-07,2,Testes
APT007284,PRJ0104,ANL024,2024-06-11,4,Apresentação
APT009401,PRJ0135,ANL002,02/20/2024,8,APRESENTAÇÃO
APT001068,PRJ0012,ANL011,2026-02-20,7,Dashboard
APT006626,PRJ0093,ANL002,2024-11-04,6,DOCUMENTAÇÃO
APT004684,PRJ0063,ANL013,2026-06-19,7.5,Apresentação
APT007688,PRJ0109,ANL013,2026-06-08,2,Documentação
APT002125,PRJ0026,ANL009,2025-11-21,"7,5",Modelagem
APT001818,PRJ0024,ANL005,26/08/2025,6,Dashboard
APT000657,PRJ0008,ANL017,11-mai-2026,6,Modelagem
APT007277,PRJ0104,ANL012,2024-05-31,5,Dashboard
APT007352,PRJ0105,ANL020,2025-12-01,2,Reunião com cliente
APT007520,PRJ0106,ANL015,2026-04-09,4,Documentação
APT009319,PRJ0133,ANL018,2026-05-08,5,Testes
APT007904,PRJ0113,ANL010,2024-06-03,8,Documentação
APT009203,PRJ0131,ANL021,12/02/2024,4,Coleta
APT002657,PRJ0034,ANL024,2024-04-03,4,Reunião com cliente
APT005273,PRJ0072,ANL006,2025-10-27,7.5,Dashboard
APT001945,PRJ0025,ANL016,14-mar-2025,7,Modelagem
APT003469,PRJ0042,ANL019,2025-08-18,7,ETL
APT006377,PRJ0088,ANL013,08/12/2025,8.5,Testes
APT008069,PRJ0116,ANL019,21/05/2025,4.5,Coleta
APT009479,PRJ0136,ANL013,2026-04-20,7.5,Testes
APT009021,PRJ0129,ANL007,15/01/2026,3,Coleta
APT008884,PRJ0126,ANL017,2026-01-22,5,Documentação
APT003663,PRJ0046,ANL022,2024-03-20,5,Reunião com cliente
APT008506,PRJ0121,ANL021,2026-05-08,5,ETL
APT008315,PRJ0120,ANL001,13-abr-2026,4,Apresentação
APT008028,PRJ0115,ANL023,08-abr-2024,5,Testes
APT009091,PRJ0130,ANL019,20/05/2025,4,Coleta
APT000196,PRJ0004,ANL023,04/19/2024,4,Testes
APT005708,PRJ0080,ANL009,2024-10-16,8,Testes
APT007046,PRJ0101,ANL006,2026-06-19,5,Coleta
APT000290,PRJ0005,ANL005,2024-12-23,8,Documentação
APT001025,PRJ0012,ANL011,2026-04-10,5,Apresentação
APT006823,PRJ0097,ANL012,24/06/2024,6,Documentação
APT000833,PRJ0010,ANL001,09/26/2024,6.5,Apresentação
APT008320,PRJ0120,ANL001,2026-03-24,2.5,Documentação
APT006660,PRJ0093,ANL014,2024-10-03,4,Testes
APT009337,PRJ0134,ANL021,12-fev-2026,"2,5",Coleta
APT007661,PRJ0109,ANL019,2026-03-23,4.5,Documentação
APT004386,PRJ0057,ANL006,2026-04-27,6,Apresentação
APT002214,PRJ0027,ANL007,2024-10-28,4,Documentação
APT005139,PRJ0070,ANL004,2025-04-21,8.5,Modelagem
APT005964,PRJ0081,ANL023,04/15/2026,5,Testes
APT008832,PRJ0126,ANL005,22/01/2026,4,Documentação
APT000096,PRJ0003,ANL009,10/09/2025,2,Dashboard
APT008446,PRJ0120,ANL013,2026-06-22,2,ETL
APT005723,PRJ0080,ANL015,2024-11-13,2,Documentação
APT002479,PRJ0032,ANL024,2026-03-30,"3,5",Coleta
APT005222,PRJ0071,ANL005,02/07/2025,7,Testes
APT004252,PRJ0055,ANL002,2024-09-11,6,Modelagem
APT002889,PRJ0036,ANL013,11/05/2026,4.5,ETL
APT001334,PRJ0015,ANL016,2025-10-03,7,Apresentação
APT000080,PRJ0003,ANL009,2025-07-17,7,Reunião com cliente
APT008813,PRJ0125,ANL009,04/10/2025,4,Reunião com cliente
APT009126,PRJ0130,ANL001,16/05/2025,5.5,MODELAGEM
APT007693,PRJ0109,ANL019,05/04/2026,2,Testes
APT008731,PRJ0123,ANL008,2025-06-23,4,Reunião com cliente
APT003783,PRJ0047,ANL006,2024-09-30,2.5,Modelagem
APT009058,PRJ0130,ANL013,04/14/2025,8,Coleta
APT007190,PRJ0103,ANL005,2025-04-30,6.5,Dashboard
APT005848,PRJ0081,ANL023,2026-05-11,5,Reunião com cliente
APT008780,PRJ0124,ANL004,2024-09-30,6,Testes
APT003300,PRJ0042,ANL013,2025-06-16,4.5,Testes
APT004308,PRJ0056,ANL015,2025-02-10,2.5,Coleta
APT002750,PRJ0034,ANL012,27-mai-2024,6,ETL
APT002006,PRJ0026,ANL003,2025-09-29,2,Testes
APT009282,PRJ0133,ANL018,06/15/2026,8,Documentação
APT007820,PRJ0111,ANL011,2026-04-15,6,Coleta
APT002659,PRJ0034,ANL018,03-abr-2024,"2,5",Modelagem
APT003434,PRJ0042,ANL001,2025-07-15,8,Documentação
APT007470,PRJ0106,ANL003,2026-06-25,6.5,Testes
APT007418,PRJ0106,ANL015,04/05/2026,7,Testes
APT005487,PRJ0078,ANL005,10-jun-2025,7,Apresentação
APT006109,PRJ0083,ANL015,02/07/2025,3,Testes
APT005864,PRJ0081,ANL005,03/06/2026,6,Dashboard
APT006996,PRJ0100,ANL016,2026-05-11,6,Apresentação
APT001358,PRJ0015,ANL010,09/18/2025,4,Modelagem
APT009368,PRJ0134,ANL015,2026-01-07,7,Dashboard
APT002761,PRJ0034,ANL006,2024-03-20,6,ETL
APT000773,PRJ0010,ANL001,2024-07-08,8,Reunião com cliente
APT003689,PRJ0047,ANL018,10/30/2024,2,Reunião com cliente
APT007616,PRJ0108,ANL002,06/17/2024,7,Modelagem
APT001669,PRJ0021,ANL008,2025-12-22,"6,5",Coleta
APT006189,PRJ0083,ANL021,2025-07-14,8,Coleta
APT002749,PRJ0034,ANL006,18/03/2024,7,Dashboard
APT003690,PRJ0047,ANL024,2024-08-28,5.5,Reunião com cliente
APT009468,PRJ0136,ANL007,2026-04-08,3,Testes
APT001910,PRJ0025,ANL010,03-abr-2025,3,Coleta
APT004155,PRJ0054,ANL016,2025-10-20,4.5,ETL
APT006397,PRJ0089,ANL010,08-ago-2024,6,Dashboard
APT002875,PRJ0036,ANL013,08/06/2026,"6,5",Apresentação
APT002424,PRJ0031,ANL009,2024-10-21,4,Apresentação
APT002387,PRJ0029,ANL001,05/26/2025,2,Modelagem
APT008343,PRJ0120,ANL019,27-abr-2026,2,Apresentação
APT001799,PRJ0024,ANL005,11/11/2025,2,Apresentação
APT007411,PRJ0106,ANL009,13/04/2026,"7,5",Documentação
APT008543,PRJ0121,ANL009,2026-06-16,4,Reunião com cliente
APT000650,PRJ0008,ANL023,13-abr-2026,6,Modelagem
APT002221,PRJ0027,ANL007,2024-09-30,8,ETL
APT000958,PRJ0012,ANL023,09-mar-2026,4,Testes
APT008932,PRJ0127,ANL018,11/03/2025,4,Coleta
APT006200,PRJ0083,ANL009,22/07/2025,6.5,Coleta
APT002977,PRJ0036,ANL013,2026-03-16,4,Dashboard
APT005927,PRJ0081,ANL011,15/04/2026,2.5,ETL
APT000908,PRJ0012,ANL017,30/03/2026,4,Documentação
APT003642,PRJ0046,ANL022,2024-02-16,4,Reunião com cliente
APT006205,PRJ0083,ANL003,2025-11-27,6,Modelagem
APT007272,PRJ0103,ANL023,31-mar-2025,7,Testes
APT004216,PRJ0055,ANL008,2024-09-24,8,Testes
APT000603,PRJ0008,ANL023,2026-02-19,3,Apresentação
APT009213,PRJ0132,ANL016,2024-11-04,5.5,Dashboard
APT000689,PRJ0008,ANL011,2026-06-22,6.5,Testes
APT005012,PRJ0067,ANL007,06/19/2024,4,Reunião com cliente
APT003119,PRJ0039,ANL013,2025-02-04,3.5,Reunião com cliente
APT007583,PRJ0106,ANL009,2026-03-30,4,Dashboard
APT006227,PRJ0084,ANL017,2025-08-21,7,ETL
APT006982,PRJ0099,ANL021,2025-05-19,8,Testes
APT004888,PRJ0065,ANL016,2026-02-06,3,Reunião com cliente
APT008709,PRJ0122,ANL003,2025-10-10,6.5,Dashboard
APT000661,PRJ0008,ANL017,2026-02-19,6,Apresentação
APT008739,PRJ0123,ANL020,2025-06-18,2,Reunião com cliente
APT000068,PRJ0003,ANL003,07/07/2025,6.5,Dashboard
APT005333,PRJ0074,ANL022,03-nov-2025,3,Modelagem
APT006837,PRJ0097,ANL024,10/06/2024,2,Documentação
APT001235,PRJ0014,ANL014,2024-11-01,3,Apresentação
APT002061,PRJ0026,ANL009,2025-12-04,6,Documentação
APT007599,PRJ0107,ANL023,2025-04-16,4,Modelagem
APT005391,PRJ0076,ANL009,2024-06-10,7.5,Testes
APT003040,PRJ0037,ANL004,2025-06-16,8,Dashboard
APT002153,PRJ0026,ANL021,2025-08-13,6.5,Apresentação
APT004343,PRJ0056,ANL015,2025-04-07,6,Coleta
APT002065,PRJ0026,ANL021,10/20/2025,8,ETL
APT003074,PRJ0039,ANL013,2025-02-07,4,Apresentação
APT007842,PRJ0112,ANL009,2025-08-11,5.5,ETL
APT000937,PRJ0012,ANL011,24-abr-2026,5,Modelagem
APT006826,PRJ0097,ANL024,2024-06-06,3,MODELAGEM
APT003936,PRJ0050,ANL020,2025-10-08,5,Testes
APT007763,PRJ0109,ANL007,04/24/2026,6,Testes
APT002716,PRJ0034,ANL006,06/04/2024,3,ETL
APT001804,PRJ0024,ANL005,10/11/2025,6,Apresentação
APT002795,PRJ0035,ANL004,2025-03-03,5,Coleta
APT003933,PRJ0050,ANL014,07-out-2025,4,Dashboard
APT002714,PRJ0034,ANL006,09/04/2024,5.5,Coleta
APT000434,PRJ0007,ANL004,02/05/2025,5,Documentação
APT006537,PRJ0091,ANL009,23-dez-2025,4,Modelagem
APT003900,PRJ0050,ANL008,2025-10-01,7,ETL
APT009789,PRJ0140,ANL018,2026-01-26,6,Coleta
APT005938,PRJ0081,ANL023,2026-04-21,6,Reunião com cliente
APT000492,PRJ0007,ANL016,2025-02-10,8,Modelagem
APT009648,PRJ0139,ANL011,2024-10-21,6,Testes
APT008150,PRJ0118,ANL002,2026-02-09,2,Coleta
APT006005,PRJ0082,ANL022,05-mai-2025,6,Documentação
APT006152,PRJ0083,ANL009,30-out-2025,5,ETL
APT008080,PRJ0117,ANL021,2025-07-28,2,Testes
APT003030,PRJ0037,ANL010,14-abr-2025,2,Documentação
APT006559,PRJ0092,ANL019,08/14/2024,"4,5",Testes
APT006689,PRJ0094,ANL004,2025-08-20,3,Coleta
APT004119,PRJ0053,ANL020,2026-04-13,3,Documentação
APT008963,PRJ0128,ANL017,2026-04-27,6,Coleta
APT008525,PRJ0121,ANL021,02-abr-2026,3,Testes
APT001610,PRJ0020,ANL016,03/12/2024,6,Reunião com cliente
APT008277,PRJ0119,ANL024,2024-05-30,7,Reunião com cliente
APT009268,PRJ0133,ANL006,06/04/2026,6,Coleta
APT002341,PRJ0029,ANL007,2025-10-31,"7,5",Apresentação
APT003007,PRJ0037,ANL022,2025-05-26,4,Documentação
APT002371,PRJ0029,ANL007,28/10/2025,"5,5",ETL
APT003261,PRJ0041,ANL005,07-jul-2025,6,Apresentação
APT005920,PRJ0081,ANL011,27/04/2026,5,Testes
APT003994,PRJ0051,ANL011,2024-12-19,6,Apresentação
APT003309,PRJ0042,ANL013,25/08/2025,2,Reunião com cliente
APT000166,PRJ0004,ANL011,25/03/2024,4,Modelagem
APT000805,PRJ0010,ANL013,08/13/2024,"7,5",Coleta
APT004010,PRJ0051,ANL017,23-out-2024,8,Dashboard
APT008512,PRJ0121,ANL009,04/21/2026,-4.0,Apresentação
APT001885,PRJ0024,ANL023,2025-09-17,3,Testes
APT008262,PRJ0119,ANL012,2024-03-19,5,Documentação
APT009413,PRJ0135,ANL020,18/03/2024,2,Coleta
APT003224,PRJ0041,ANL017,2025-05-06,7,Testes
APT002739,PRJ0034,ANL024,2024-05-06,6,Dashboard
APT001719,PRJ0022,ANL015,2026-03-06,7,Reunião com cliente
APT006624,PRJ0093,ANL002,2024-11-12,6,Dashboard
APT005834,PRJ0081,ANL023,2026-04-27,2,Dashboard
APT005141,PRJ0070,ANL004,2025-04-21,2,Modelagem
APT009000,PRJ0129,ANL013,19/01/2026,6.5,Apresentação
APT005387,PRJ0076,ANL015,2024-06-11,3,Apresentação
APT005418,PRJ0077,ANL008,01/06/2025,5,ETL
APT008268,PRJ0119,ANL012,2024-05-02,4,Reunião com cliente
APT005809,PRJ0081,ANL017,05-mai-2026,"5,5",Testes
APT002138,PRJ0026,ANL015,2026-01-12,4,Reunião com cliente
APT007674,PRJ0109,ANL013,2026-04-27,3,Documentação
APT002419,PRJ0030,ANL015,2024-09-20,4,Documentação
APT009584,PRJ0138,ANL005,2026-05-27,6.5,Testes
APT003626,PRJ0046,ANL010,02/28/2024,7,TESTES
APT006158,PRJ0083,ANL021,18/07/2025,6,Dashboard
APT005079,PRJ0069,ANL018,2024-09-11,2,Documentação
APT002390,PRJ0029,ANL019,2025-06-16,3,Dashboard
APT006936,PRJ0099,ANL003,11-jun-2025,6.5,Coleta
APT009039,PRJ0129,ANL001,2025-12-24,4,Apresentação
APT000936,PRJ0012,ANL017,20/04/2026,6.5,Coleta
APT003250,PRJ0041,ANL005,2025-06-18,5.5,Coleta
APT009461,PRJ0136,ANL013,2026-03-16,8,Reunião com cliente
APT005043,PRJ0069,ANL024,2024-11-11,4,ETL
APT004535,PRJ0061,ANL018,02-jun-2025,6.5,Apresentação
APT007990,PRJ0115,ANL005,2024-04-22,6.5,Dashboard
APT002217,PRJ0027,ANL007,19/09/2024,4,Testes
APT007415,PRJ0106,ANL009,2026-04-20,7,Documentação
APT000444,PRJ0007,ANL022,2025-01-13,2,Documentação
APT004301,PRJ0056,ANL009,2025-02-24,6,APRESENTAÇÃO
APT009727,PRJ0140,ANL012,2025-10-21,6,Dashboard
APT004061,PRJ0052,ANL022,2026-04-27,8,Apresentação
APT009338,PRJ0134,ANL009,01/26/2026,6,Coleta
APT008499,PRJ0121,ANL009,2026-03-26,6.5,Coleta
APT002552,PRJ0032,ANL018,2026-04-06,4,Dashboard
APT003563,PRJ0044,ANL005,05/28/2025,4,Documentação
APT006925,PRJ0098,ANL012,2025-10-16,2,Modelagem
APT005905,PRJ0081,ANL023,2026-06-22,2,Coleta
APT005204,PRJ0070,ANL016,2025-06-27,7,ETL
APT008599,PRJ0121,ANL021,2026-06-04,3,Coleta
APT001022,PRJ0012,ANL023,02/23/2026,4,Reunião com cliente
APT000432,PRJ0007,ANL010,19/09/2024,2,Reunião com cliente
APT004448,PRJ0059,ANL002,2025-03-10,8,Dashboard
APT001104,PRJ0012,ANL023,23/03/2026,5,Documentação
APT001513,PRJ0018,ANL011,2025-11-14,"4,5",Documentação
APT004574,PRJ0062,ANL017,2025-01-06,3.5,Documentação
APT007912,PRJ0113,ANL004,2024-06-10,4,ETL
APT002088,PRJ0026,ANL009,2025-10-31,3,Reunião com cliente
APT003098,PRJ0039,ANL001,2025-01-27,3,Apresentação
APT000225,PRJ0005,ANL017,2024-12-11,3,Dashboard
APT003966,PRJ0051,ANL023,2024-11-18,6.5,Coleta
APT003415,PRJ0042,ANL013,30-jun-2025,"6,5",Apresentação
APT009454,PRJ0136,ANL001,2026-06-01,4,Dashboard
APT004083,PRJ0052,ANL016,2026-04-20,4.5,Apresentação
APT005005,PRJ0067,ANL001,07/02/2024,"4,5",ETL
APT009469,PRJ0136,ANL019,09/02/2026,"4,5",Reunião com cliente
APT003650,PRJ0046,ANL016,2024-02-26,5,Reunião com cliente
APT004759,PRJ0064,ANL014,25-mar-2026,2,Modelagem
APT008828,PRJ0126,ANL011,2026-04-13,8.5,Coleta
APT000495,PRJ0007,ANL010,16/12/2024,7,Apresentação
APT002908,PRJ0036,ANL019,2026-05-12,3.5,Testes
APT006698,PRJ0094,ANL016,05-set-2025,4.5,Modelagem
APT003715,PRJ0047,ANL006,04/11/2024,8,Coleta
APT002992,PRJ0037,ANL010,2025-03-24,2,Reunião com cliente
APT004337,PRJ0056,ANL015,2025-02-12,6,Documentação
APT008390,PRJ0120,ANL019,2026-04-20,8,ETL
APT007841,PRJ0112,ANL003,2025-08-14,4.5,Dashboard
APT000556,PRJ0007,ANL016,2024-11-13,5,Dashboard
APT002358,PRJ0029,ANL001,23-set-2025,6,ETL
APT009719,PRJ0140,ANL012,2025-09-17,4,ETL
APT005244,PRJ0071,ANL011,2025-01-24,7,Dashboard
APT003332,PRJ0042,ANL007,07/31/2025,5,Dashboard
APT009142,PRJ0130,ANL007,06/03/2025,7,Testes
APT007826,PRJ0111,ANL005,04/24/2026,4.5,APRESENTAÇÃO
APT002111,PRJ0026,ANL009,2026-01-19,4,Apresentação
APT007193,PRJ0103,ANL011,2025-04-16,6.5,Modelagem
APT006095,PRJ0083,ANL009,06/10/2025,4,ETL
APT004052,PRJ0052,ANL004,24-mar-2026,4.5,Modelagem
APT002000,PRJ0026,ANL009,22/12/2025,6,Testes
APT004102,PRJ0053,ANL002,04/08/2026,8.5,Reunião com cliente
APT005175,PRJ0070,ANL004,2025-06-20,7,ETL
APT002011,PRJ0026,ANL009,2025-08-25,7,Dashboard
APT009541,PRJ0136,ANL007,02/23/2026,5,Dashboard
APT004560,PRJ0062,ANL011,2024-12-12,3,Apresentação
APT002082,PRJ0026,ANL003,2025-09-15,4.5,Documentação
APT009400,PRJ0135,ANL008,25-mar-2024,4,Documentação
APT002478,PRJ0032,ANL006,04/13/2026,2.5,Modelagem
APT003139,PRJ0039,ANL013,2025-01-06,"4,5",Modelagem
APT006262,PRJ0085,ANL024,2025-10-20,4.5,Dashboard
APT008263,PRJ0119,ANL024,2024-05-03,4,Modelagem
APT002997,PRJ0037,ANL016,2025-06-19,3,Reunião com cliente
APT007275,PRJ0103,ANL023,2025-03-26,7,ETL
APT002964,PRJ0036,ANL019,2026-03-25,8,Modelagem
APT000459,PRJ0007,ANL022,2024-10-18,6.5,Testes
APT005074,PRJ0069,ANL012,23-out-2024,6,Reunião com cliente
APT006616,PRJ0093,ANL020,2024-09-09,8.5,Apresentação
APT007562,PRJ0106,ANL009,2026-04-01,2.5,Testes
APT007298,PRJ0104,ANL024,2024-05-06,2,Reunião com cliente
APT009644,PRJ0139,ANL011,28/11/2024,4,Apresentação
APT006484,PRJ0089,ANL022,2024-06-24,6,ETL
APT004245,PRJ0055,ANL020,2024-08-05,6,Coleta
APT001364,PRJ0015,ANL022,10-out-2025,2,Apresentação
APT001353,PRJ0015,ANL016,2025-10-31,8.5,Testes
APT008306,PRJ0120,ANL007,2026-06-12,6,Coleta
APT008346,PRJ0120,ANL019,2026-04-02,6,ETL
APT000461,PRJ0007,ANL004,27-dez-2024,2,ETL
APT000261,PRJ0005,ANL005,2025-01-17,7,ETL
APT003925,PRJ0050,ANL008,12/09/2025,7,Dashboard
APT004890,PRJ0065,ANL016,2026-02-02,8,Dashboard
APT003405,PRJ0042,ANL019,2025-04-14,3,Testes
APT000223,PRJ0005,ANL023,24-jan-2025,6,Testes
APT000620,PRJ0008,ANL011,2026-02-16,8.5,Coleta
APT005622,PRJ0079,ANL006,2025-05-13,4.5,Apresentação
APT005409,PRJ0077,ANL014,28/10/2024,4,Testes
APT001843,PRJ0024,ANL011,2025-08-13,6,Documentação
APT009396,PRJ0135,ANL020,2024-02-16,4.5,ETL
APT003377,PRJ0042,ANL007,2025-03-25,2,Apresentação
APT006777,PRJ0096,ANL021,2026-05-11,8,Apresentação
APT006398,PRJ0089,ANL004,07/29/2024,8,ETL
APT007840,PRJ0112,ANL003,08/19/2025,6,ETL
APT001074,PRJ0012,ANL017,2026-03-16,6,Dashboard
APT007502,PRJ0106,ANL021,19/05/2026,2,Apresentação
APT007191,PRJ0103,ANL017,2025-03-24,8.5,Documentação
APT004606,PRJ0062,ANL005,01/27/2025,8,Testes
APT003174,PRJ0039,ANL001,2024-12-17,7.5,Documentação
APT002353,PRJ0029,ANL013,2025-06-04,4,Modelagem
APT005176,PRJ0070,ANL016,2025-08-07,7.5,DOCUMENTAÇÃO
APT009546,PRJ0136,ANL001,09/04/2026,4,Testes
APT008765,PRJ0123,ANL002,2025-05-16,7,Coleta
APT005989,PRJ0082,ANL004,2025-03-10,"2,5",Dashboard
APT002850,PRJ0036,ANL013,2026-04-21,8.5,Coleta
APT003115,PRJ0039,ANL007,11/04/2024,6,Coleta
APT006937,PRJ0099,ANL003,06/16/2025,2,Apresentação
APT004038,PRJ0052,ANL022,30-mar-2026,8,Reunião com cliente
APT006270,PRJ0085,ANL018,22/09/2025,6,Apresentação
APT009709,PRJ0140,ANL024,09/30/2025,"7,5",Coleta
APT008322,PRJ0120,ANL019,06-abr-2026,4,Apresentação
APT002149,PRJ0026,ANL003,01/06/2026,2,Documentação
APT008712,PRJ0122,ANL015,2025-08-25,2.5,Modelagem
APT000692,PRJ0008,ANL005,26-fev-2026,4.5,Testes
APT004834,PRJ0064,ANL020,2026-03-30,6,Apresentação
APT003143,PRJ0039,ANL001,02/26/2025,8.5,Testes
APT009569,PRJ0137,ANL013,06/26/2025,5,Modelagem
APT004424,PRJ0058,ANL007,03/25/2024,4.5,ETL
APT003355,PRJ0042,ANL007,2025-07-14,4,ETL
APT007709,PRJ0109,ANL007,2026-04-06,3,Testes
APT006831,PRJ0097,ANL006,24-jun-2024,2,Modelagem
APT001338,PRJ0015,ANL010,2025-12-15,3,Modelagem
APT003399,PRJ0042,ANL007,2025-09-01,6,Reunião com cliente
APT001193,PRJ0014,ANL014,2024-06-14,3.5,Dashboard
APT005413,PRJ0077,ANL002,2024-11-27,6,Dashboard
APT002188,PRJ0026,ANL021,2025-07-21,6,Coleta
APT009736,PRJ0140,ANL024,04-set-2025,4,Dashboard
APT000756,PRJ0010,ANL019,10/07/2024,6,Apresentação
APT000153,PRJ0003,ANL009,29-set-2025,6.5,Reunião com cliente
APT009043,PRJ0130,ANL001,16-abr-2025,"8,5",Testes
APT005653,PRJ0079,ANL012,2025-07-14,3,Apresentação
APT000868,PRJ0011,ANL008,08/07/2025,6,Apresentação
APT008178,PRJ0119,ANL024,2024-04-30,3,Apresentação
APT004883,PRJ0065,ANL010,2026-03-23,3,Coleta
APT008214,PRJ0119,ANL006,2024-05-15,4,Testes
APT009049,PRJ0130,ANL007,23/04/2025,6,Documentação
APT008056,PRJ0115,ANL023,22-mai-2024,4,Apresentação
APT004114,PRJ0053,ANL002,26/02/2026,3.5,Reunião com cliente
APT001917,PRJ0025,ANL016,20-jan-2025,4,Coleta
APT005000,PRJ0067,ANL001,2024-06-05,3.5,Documentação
APT000384,PRJ0006,ANL014,24-mar-2025,8,ETL
APT001993,PRJ0026,ANL021,13/10/2025,6,Modelagem
APT001810,PRJ0024,ANL011,2025-08-18,6,Reunião com cliente
APT006838,PRJ0097,ANL012,18-jun-2024,6,Dashboard
APT002383,PRJ0029,ANL019,2025-08-04,5,ETL
APT004578,PRJ0062,ANL011,12/23/2024,8,Modelagem
APT002080,PRJ0026,ANL003,2025-10-06,4,Coleta
APT004137,PRJ0053,ANL008,03/02/2026,6,Testes
APT001979,PRJ0025,ANL004,08/04/2025,6.5,ETL
APT008509,PRJ0121,ANL021,2026-06-22,6,Apresentação
APT003302,PRJ0042,ANL013,07/04/2025,7.5,Coleta
APT000997,PRJ0012,ANL005,2026-04-27,6,ETL
APT001997,PRJ0026,ANL003,2025-11-10,5,Modelagem
APT008617,PRJ0122,ANL009,11/13/2025,2,Dashboard
APT002618,PRJ0033,ANL014,02/05/2024,6,Documentação
APT000009,PRJ0001,ANL022,2024-04-17,3,Dashboard
APT007410,PRJ0106,ANL021,2026-05-25,3,Apresentação
APT005532,PRJ0078,ANL017,2025-06-12,8.5,Reunião com cliente
APT004177,PRJ0055,ANL002,14/10/2024,5,Reunião com cliente
APT000019,PRJ0001,ANL004,11/04/2024,8,Testes
APT004131,PRJ0053,ANL014,2026-03-16,4,Coleta
APT005745,PRJ0081,ANL011,04/05/2026,4,Documentação
APT000207,PRJ0005,ANL023,2025-02-27,5,ETL
APT008471,PRJ0120,ANL013,2026-04-09,7,Dashboard
APT004751,PRJ0064,ANL020,07/05/2026,2,ETL
APT009782,PRJ0140,ANL024,2025-12-01,7.5,ETL
APT008487,PRJ0120,ANL019,2026-03-30,6,Reunião com cliente
APT006067,PRJ0083,ANL015,19/05/2025,"8,5",Testes
APT009731,PRJ0140,ANL018,2026-02-05,7,Documentação
APT008906,PRJ0127,ANL024,2025-11-27,3,ETL
APT002654,PRJ0034,ANL006,2024-04-10,6,ETL
APT007245,PRJ0103,ANL017,01/21/2025,4.5,Apresentação
APT003294,PRJ0042,ANL019,2025-09-16,4,Reunião com cliente
APT007313,PRJ0104,ANL012,06/05/2024,7,ETL
APT006921,PRJ0098,ANL012,17/10/2025,8,ETL
APT005379,PRJ0076,ANL015,2024-05-28,4.5,Modelagem
APT006729,PRJ0095,ANL014,2025-04-21,4.5,Coleta
APT006506,PRJ0090,ANL011,2024-10-25,5,ETL
APT008769,PRJ0123,ANL020,30/06/2025,6,Reunião com cliente
APT009532,PRJ0136,ANL019,28/05/2026,4,Coleta
APT001406,PRJ0016,ANL022,15-mai-2026,3,Modelagem
APT002694,PRJ0034,ANL006,22-fev-2024,2,Reunião com cliente
APT006875,PRJ0098,ANL006,2025-10-15,6,Coleta
APT000678,PRJ0008,ANL023,06-mai-2026,8,Modelagem
APT002777,PRJ0034,ANL018,21/02/2024,4,Testes
APT007007,PRJ0100,ANL016,06/04/2026,4,Coleta
APT005382,PRJ0076,ANL015,14-jun-2024,7,Modelagem
APT006796,PRJ0096,ANL003,14-mai-2026,6.5,Reunião com cliente
APT006327,PRJ0086,ANL021,06-abr-2026,7.5,Apresentação
APT002501,PRJ0032,ANL012,2026-03-27,8,COLETA
APT002114,PRJ0026,ANL009,07/29/2025,4,Apresentação
APT008736,PRJ0123,ANL002,05/06/2025,8,Coleta
APT000211,PRJ0005,ANL023,2025-02-10,3,ETL
APT007097,PRJ0101,ANL018,03-jun-2026,5,Reunião com cliente
APT004765,PRJ0064,ANL002,02/04/2026,7,Documentação
APT008169,PRJ0119,ANL006,05/23/2024,4,Documentação
APT006642,PRJ0093,ANL014,30-out-2024,3.5,Reunião com cliente
APT008068,PRJ0116,ANL013,2025-05-23,3,Modelagem
APT002975,PRJ0036,ANL013,04/21/2026,5,Reunião com cliente
APT005552,PRJ0078,ANL011,2025-07-31,5.5,Reunião com cliente
APT007381,PRJ0106,ANL003,2026-04-30,5,Coleta
APT003836,PRJ0048,ANL011,11/22/2024,8,Dashboard
APT004906,PRJ0065,ANL022,16-mar-2026,8,Coleta
APT007519,PRJ0106,ANL009,2026-06-05,"3,5",Testes
APT000331,PRJ0006,ANL020,2025-05-07,6,Coleta
APT006446,PRJ0089,ANL010,10-jul-2024,6,Dashboard
APT001303,PRJ0014,ANL008,2024-07-29,4,Apresentação
APT004348,PRJ0056,ANL003,2025-04-08,6.5,Dashboard
APT004056,PRJ0052,ANL004,2026-03-02,4,ETL
APT009298,PRJ0133,ANL024,2026-05-28,4,Apresentação
APT006819,PRJ0096,ANL015,2026-06-01,7,Apresentação
APT000455,PRJ0007,ANL004,01/31/2025,4.5,Dashboard
APT008353,PRJ0120,ANL013,2026-06-22,7,Reunião com cliente
APT004201,PRJ0055,ANL002,2024-09-30,7,REUNIÃO COM CLIENTE
APT003223,PRJ0041,ANL023,2025-05-12,7,ETL
APT002967,PRJ0036,ANL019,16-mar-2026,4,Documentação
APT004548,PRJ0062,ANL005,21/02/2025,5,Modelagem
APT004167,PRJ0055,ANL008,2024-08-01,4,Documentação
APT009304,PRJ0133,ANL012,2026-06-12,6,Testes
APT008177,PRJ0119,ANL018,2024-03-04,7,Dashboard
APT003070,PRJ0039,ANL001,2024-10-28,4,Coleta
APT002323,PRJ0029,ANL007,18-jun-2025,"3,5",ETL
APT007884,PRJ0113,ANL010,2024-05-06,6,Reunião com cliente
APT006904,PRJ0098,ANL018,2025-10-10,4,Testes
APT006209,PRJ0083,ANL003,07/10/2025,8,Testes
APT003530,PRJ0042,ANL001,2025-05-21,8,Dashboard
APT001741,PRJ0023,ANL017,26/01/2026,6,Reunião com cliente
APT003615,PRJ0046,ANL004,2024-03-04,6.5,Modelagem
APT002057,PRJ0026,ANL003,01-dez-2025,6.5,Documentação
APT008681,PRJ0122,ANL003,2025-08-04,3,Reunião com cliente
APT000520,PRJ0007,ANL016,2025-01-03,8.5,Reunião com cliente
APT000785,PRJ0010,ANL013,2024-07-12,2.5,ETL
APT000880,PRJ0011,ANL002,01/09/2025,7,Coleta
APT003687,PRJ0047,ANL018,30/08/2024,6,Apresentação
APT004418,PRJ0058,ANL019,2024-03-21,5,Apresentação
APT004995,PRJ0067,ANL013,2024-06-11,4.5,Reunião com cliente
APT007080,PRJ0101,ANL012,2026-06-24,6,Apresentação
APT006233,PRJ0084,ANL023,2025-08-28,8.5,Modelagem
APT003640,PRJ0046,ANL016,02/05/2024,5,Documentação
APT002437,PRJ0031,ANL021,2024-11-04,"4,5",Modelagem
APT004463,PRJ0059,ANL020,2025-03-10,5,Apresentação
APT002393,PRJ0029,ANL013,25-set-2025,4.5,Coleta
APT007184,PRJ0103,ANL023,2025-02-17,3,ETL
APT008669,PRJ0122,ANL009,2025-12-01,6,Apresentação
APT000334,PRJ0006,ANL002,16/05/2025,5.5,Dashboard
APT005124,PRJ0070,ANL004,05/20/2025,6,Modelagem
APT006471,PRJ0089,ANL022,2024-08-12,2.5,Dashboard
APT002151,PRJ0026,ANL015,2025-11-10,4.5,DOCUMENTAÇÃO
APT006078,PRJ0083,ANL009,2025-12-01,6,Testes
APT000878,PRJ0011,ANL020,2025-09-01,2,Coleta
APT006485,PRJ0089,ANL004,2024-07-08,6.5,ETL
APT000238,PRJ0005,ANL011,02/19/2025,4,Reunião com cliente
APT006408,PRJ0089,ANL004,2024-07-31,6,Reunião com cliente
APT003468,PRJ0042,ANL019,2025-07-07,2,Dashboard
APT007816,PRJ0111,ANL023,2026-04-17,2.5,Documentação
APT008873,PRJ0126,ANL017,2026-01-26,6.5,Apresentação
APT003670,PRJ0046,ANL010,2024-03-20,6,Reunião com cliente
APT003452,PRJ0042,ANL001,2025-06-30,2,Apresentação
APT004314,PRJ0056,ANL021,2025-03-24,3,Reunião com cliente
APT009656,PRJ0139,ANL023,2024-12-10,6,Modelagem
APT002028,PRJ0026,ANL003,10/10/2025,3.5,Modelagem
APT006697,PRJ0094,ANL010,22/08/2025,4,Reunião com cliente
APT000933,PRJ0012,ANL017,2026-04-16,7,Coleta
APT007740,PRJ0109,ANL007,27/04/2026,8,Coleta
APT000715,PRJ0009,ANL017,2025-11-12,4,Documentação
APT004190,PRJ0055,ANL008,2024-08-26,6.5,Reunião com cliente
APT004733,PRJ0063,ANL013,2026-05-27,6,Testes
APT004724,PRJ0063,ANL019,08-jun-2026,3.5,Reunião com cliente
APT000839,PRJ0010,ANL007,21-out-2024,8.5,Dashboard
APT003743,PRJ0047,ANL024,11/11/2024,5,Coleta
APT002554,PRJ0032,ANL018,21-mai-2026,4,Dashboard
APT003694,PRJ0047,ANL018,02/12/2024,4,Dashboard
APT000424,PRJ0007,ANL022,2025-01-28,6.5,Dashboard
APT003363,PRJ0042,ANL007,2025-08-27,4.5,Reunião com cliente
APT002106,PRJ0026,ANL021,29-dez-2025,4,Apresentação
APT000524,PRJ0007,ANL004,23-set-2024,6,Modelagem
APT000496,PRJ0007,ANL016,24-set-2024,4,Dashboard
APT000697,PRJ0008,ANL023,2026-05-27,6,Coleta
APT000742,PRJ0010,ANL007,09/27/2024,4,Dashboard
APT000612,PRJ0008,ANL017,2026-05-13,2,Modelagem
APT003979,PRJ0051,ANL005,2024-12-16,8,Reunião com cliente
APT006728,PRJ0095,ANL014,2025-02-17,3,Coleta
APT005842,PRJ0081,ANL023,2026-06-05,6,Coleta
APT008723,PRJ0122,ANL021,2025-09-15,6,Documentação
APT004518,PRJ0060,ANL018,2025-05-08,5,Testes
APT002587,PRJ0032,ANL018,2026-05-21,"3,5",Documentação
APT003209,PRJ0041,ANL005,2025-07-24,7,Coleta
APT001729,PRJ0023,ANL011,03/13/2026,"4,5",Reunião com cliente
APT005098,PRJ0070,ANL004,2025-05-26,5,Coleta
APT002930,PRJ0036,ANL001,2026-05-11,6.5,Documentação
APT004299,PRJ0056,ANL003,2025-04-11,4,Coleta
APT008772,PRJ0124,ANL022,2024-10-07,6,Testes
APT001974,PRJ0025,ANL004,03/14/2025,8,Documentação
APT002613,PRJ0033,ANL002,2024-02-05,4,Dashboard
APT001726,PRJ0023,ANL017,2026-03-02,6,DASHBOARD
APT003564,PRJ0044,ANL017,2025-06-02,6,Modelagem
APT004603,PRJ0062,ANL005,2024-11-14,6,Reunião com cliente
APT001936,PRJ0025,ANL022,2025-04-07,4,Apresentação
APT002434,PRJ0031,ANL015,23/10/2024,6,Reunião com cliente
APT008243,PRJ0119,ANL024,2024-03-07,5,Documentação
APT006518,PRJ0090,ANL011,2024-10-21,6,Testes
APT002794,PRJ0035,ANL016,2025-03-20,8,Apresentação
APT003105,PRJ0039,ANL001,2024-11-18,7.5,Testes
APT000067,PRJ0003,ANL009,2025-06-25,3,Modelagem
APT002798,PRJ0035,ANL016,24/03/2025,3.5,Coleta
APT006983,PRJ0099,ANL009,2025-06-30,8.5,ETL
APT007060,PRJ0101,ANL018,2026-06-08,4,Apresentação
APT008601,PRJ0121,ANL003,25/05/2026,4,COLETA
APT002800,PRJ0035,ANL016,03/17/2025,3,Reunião com cliente
APT001021,PRJ0012,ANL005,10-jun-2026,6,Coleta
APT008347,PRJ0120,ANL007,2026-05-19,"6,5",Modelagem
APT008878,PRJ0126,ANL011,2026-04-29,5.5,Testes
APT000087,PRJ0003,ANL009,2025-07-24,5,Testes
APT006403,PRJ0089,ANL004,17/06/2024,6,Apresentação
APT006093,PRJ0083,ANL015,2025-10-06,4,Coleta
APT003029,PRJ0037,ANL010,26/05/2025,6,Modelagem
APT001642,PRJ0021,ANL020,2025-12-25,3,Testes
APT003718,PRJ0047,ANL018,2024-08-26,7,Reunião com cliente
APT009075,PRJ0130,ANL007,2025-04-23,5,Reunião com cliente
APT007467,PRJ0106,ANL021,15/06/2026,3,Coleta
APT003034,PRJ0037,ANL004,2025-04-23,8.5,Coleta
APT007734,PRJ0109,ANL013,19-mai-2026,6,Testes
APT003745,PRJ0047,ANL012,09/20/2024,7,Testes
APT005050,PRJ0069,ANL018,2024-09-23,7.5,ETL
APT001337,PRJ0015,ANL022,12/10/2025,7,Testes
APT008533,PRJ0121,ANL015,03/30/2026,3,Apresentação
APT006000,PRJ0082,ANL010,2025-04-08,4,Testes
APT009557,PRJ0137,ANL007,2025-07-04,6,Documentação
APT008142,PRJ0118,ANL014,2026-01-05,4,Documentação
APT009536,PRJ0136,ANL019,2026-06-01,8,Apresentação
APT006888,PRJ0098,ANL012,09/04/2025,7,Modelagem
APT006889,PRJ0098,ANL012,2025-09-26,5,ETL
APT002780,PRJ0034,ANL012,2024-05-08,3,Dashboard
APT005463,PRJ0078,ANL005,2025-10-03,8,Dashboard
APT000446,PRJ0007,ANL022,20/12/2024,4.5,ETL
APT006505,PRJ0090,ANL017,2024-11-07,"6,5",Testes
APT002532,PRJ0032,ANL018,02/04/2026,4,Modelagem
APT001131,PRJ0013,ANL017,2024-11-11,8.5,Testes
APT007340,PRJ0105,ANL002,2025-12-05,2,Documentação
APT001551,PRJ0019,ANL010,2024-12-23,3.5,COLETA
APT005471,PRJ0078,ANL005,2025-07-29,5,Coleta
APT009090,PRJ0130,ANL013,2025-04-23,6,Apresentação
APT009587,PRJ0138,ANL011,2026-06-08,6,Coleta
APT001720,PRJ0022,ANL003,30/03/2026,6.5,Reunião com cliente
APT000820,PRJ0010,ANL019,2024-07-30,7,Dashboard
APT005089,PRJ0069,ANL012,10/02/2024,2,Apresentação
APT001847,PRJ0024,ANL023,22-set-2025,6,Documentação
APT000630,PRJ0008,ANL011,03/06/2026,5,ETL
APT000008,PRJ0001,ANL016,2024-05-06,240.0,Dashboard
APT006940,PRJ0099,ANL003,2025-06-23,8.5,Documentação
APT001242,PRJ0014,ANL002,2024-07-25,8.5,ETL
APT002282,PRJ0029,ANL007,09/22/2025,4,ETL
APT003043,PRJ0037,ANL010,13/05/2025,2,ETL
APT000189,PRJ0004,ANL005,04/16/2024,5,Apresentação
APT002055,PRJ0026,ANL009,2025-09-09,2,ETL
APT005535,PRJ0078,ANL017,23/06/2025,5.5,Testes
APT007728,PRJ0109,ANL007,03/11/2026,4.5,Dashboard
APT004668,PRJ0063,ANL013,15-mai-2026,4.5,Documentação
APT007043,PRJ0101,ANL024,2026-04-30,4,ETL
APT003951,PRJ0050,ANL002,2025-11-07,7,REUNIÃO COM CLIENTE
APT009037,PRJ0129,ANL019,12/04/2025,6,Documentação
APT002819,PRJ0035,ANL022,03/03/2025,3,Reunião com cliente
APT008526,PRJ0121,ANL009,04/15/2026,2.5,REUNIÃO COM CLIENTE
APT004323,PRJ0056,ANL009,2025-02-03,2,Apresentação
APT002333,PRJ0029,ANL007,2025-05-28,7,Reunião com cliente
APT009482,PRJ0136,ANL001,2026-05-07,6,Reunião com cliente
APT003512,PRJ0042,ANL019,05/06/2025,4,Reunião com cliente
APT008174,PRJ0119,ANL024,26/01/2024,8,Testes
APT001475,PRJ0017,ANL022,03/03/2025,2.5,Reunião com cliente
APT001801,PRJ0024,ANL005,2025-09-18,4,COLETA
APT003514,PRJ0042,ANL007,04/07/2025,6.5,Apresentação
APT004268,PRJ0056,ANL003,10/02/2025,6,ETL
APT007084,PRJ0101,ANL012,05/04/2026,2.5,Dashboard
APT006453,PRJ0089,ANL010,16-set-2024,3.5,Testes
APT001240,PRJ0014,ANL014,2024-07-17,6,Dashboard
APT003853,PRJ0049,ANL018,2026-02-10,2,ETL
APT000987,PRJ0012,ANL017,05/08/2026,6.5,Coleta
APT004810,PRJ0064,ANL020,2026-03-12,4,Reunião com cliente
APT008242,PRJ0119,ANL018,2024-04-11,7,Reunião com cliente
APT005514,PRJ0078,ANL005,30/06/2025,4,ETL
APT008954,PRJ0128,ANL011,2026-04-20,4,Coleta
APT005671,PRJ0079,ANL012,2025-07-02,"4,5",Testes
APT008644,PRJ0122,ANL009,22-jul-2025,4.5,Coleta
APT003014,PRJ0037,ANL010,2025-04-07,6,Apresentação
APT005447,PRJ0077,ANL002,2024-12-02,3,Reunião com cliente
APT009490,PRJ0136,ANL007,21/05/2026,8,ETL
APT009309,PRJ0133,ANL012,04-mai-2026,4,Dashboard
APT009677,PRJ0139,ANL011,2024-10-30,2,Reunião com cliente
APT000611,PRJ0008,ANL023,2026-03-10,4,ETL
APT006944,PRJ0099,ANL003,06/02/2025,4,Reunião com cliente
APT007317,PRJ0104,ANL024,2024-06-05,3,Modelagem
APT008607,PRJ0122,ANL021,2025-09-15,4.5,Documentação
APT002864,PRJ0036,ANL007,2026-04-16,2.5,Testes
APT005819,PRJ0081,ANL017,2026-06-08,8,Apresentação
APT000007,PRJ0001,ANL022,04/08/2024,6,Modelagem
APT000540,PRJ0007,ANL004,2024-12-16,3,Testes
APT005642,PRJ0079,ANL012,06/20/2025,7.5,Documentação
APT004106,PRJ0053,ANL008,2026-03-31,7.5,Coleta
APT001788,PRJ0024,ANL017,2025-10-22,3,ETL
APT001662,PRJ0021,ANL008,2025-11-17,2,Apresentação
APT005539,PRJ0078,ANL023,2025-10-03,2,Apresentação
APT001197,PRJ0014,ANL008,10/16/2024,4,Testes
APT002710,PRJ0034,ANL024,2024-04-12,4,Reunião com cliente
APT001305,PRJ0014,ANL002,2024-10-03,2,Testes
APT003608,PRJ0046,ANL010,2024-01-29,6,ETL
APT009029,PRJ0129,ANL013,18-dez-2025,8,ETL
APT002559,PRJ0032,ANL006,2026-04-30,4,Reunião com cliente
APT008235,PRJ0119,ANL006,2024-05-20,4,Coleta
APT000706,PRJ0008,ANL023,23-jun-2026,7,Dashboard
APT005590,PRJ0079,ANL006,2025-07-21,6,ETL
APT001892,PRJ0024,ANL017,2025-12-01,4,Apresentação
APT002781,PRJ0034,ANL006,2024-02-09,4.5,Testes
APT005103,PRJ0070,ANL016,03/05/2025,4,Dashboard
APT004388,PRJ0057,ANL006,27-abr-2026,8,Apresentação
APT003846,PRJ0049,ANL018,2026-01-15,8,Coleta
APT004696,PRJ0063,ANL019,29-mai-2026,6.5,Modelagem
APT004561,PRJ0062,ANL011,2025-02-21,5,Apresentação
APT000671,PRJ0008,ANL017,27-mai-2026,4,Documentação
APT001181,PRJ0014,ANL002,26/08/2024,4,Apresentação
APT009362,PRJ0134,ANL003,2026-01-30,2,Testes
APT005008,PRJ0067,ANL019,2024-06-17,7.5,Testes
APT000791,PRJ0010,ANL013,08/14/2024,4,Reunião com cliente
APT003451,PRJ0042,ANL007,07/02/2025,7,DASHBOARD
APT007287,PRJ0104,ANL012,04/22/2024,6.5,ETL
APT001487,PRJ0017,ANL004,2025-01-27,2,Coleta
APT004053,PRJ0052,ANL016,03/25/2026,6,Documentação
APT008541,PRJ0121,ANL009,2026-04-20,7,Dashboard
APT008628,PRJ0122,ANL021,2025-09-15,7,Apresentação
APT009174,PRJ0131,ANL021,2024-03-01,5,Modelagem
APT008412,PRJ0120,ANL019,29/05/2026,7,Modelagem
APT009578,PRJ0138,ANL017,2026-05-15,8.5,Coleta
APT002041,PRJ0026,ANL009,2026-01-19,"2,5",Modelagem
APT004672,PRJ0063,ANL007,2026-05-26,8,ETL
APT008252,PRJ0119,ANL012,14-mar-2024,5.5,Apresentação
APT009588,PRJ0138,ANL017,17/06/2026,4,Modelagem
APT004739,PRJ0063,ANL001,06/15/2026,7,Dashboard
APT007141,PRJ0101,ANL018,2026-05-11,4,ETL
APT004025,PRJ0052,ANL010,03/16/2026,2,ETL
APT002208,PRJ0027,ANL019,2024-09-30,6.5,ETL
APT005037,PRJ0069,ANL018,2024-10-22,7,Modelagem
APT004671,PRJ0063,ANL019,2026-05-13,2,Documentação
APT001055,PRJ0012,ANL017,22/04/2026,5,Testes
APT008432,PRJ0120,ANL001,2026-06-11,5,Coleta
APT000278,PRJ0005,ANL017,10/02/2025,8.5,Documentação
APT000763,PRJ0010,ANL013,10/21/2024,"6,5",Dashboard
APT005174,PRJ0070,ANL022,2025-03-25,3,Modelagem
APT006836,PRJ0097,ANL024,2024-06-10,5,Modelagem
APT006637,PRJ0093,ANL008,2024-09-03,"2,5",Coleta
APT000531,PRJ0007,ANL010,13-nov-2024,4,ETL
APT001123,PRJ0013,ANL023,2025-01-03,4,Dashboard
APT002409,PRJ0030,ANL003,2024-09-23,6,Testes
APT000396,PRJ0006,ANL014,2025-06-09,6.5,Testes
APT008749,PRJ0123,ANL014,12-mai-2025,"6,5",Documentação
APT002330,PRJ0029,ANL007,07-jul-2025,6.5,Coleta
APT005297,PRJ0073,ANL003,10/03/2025,6,Modelagem
APT003879,PRJ0049,ANL018,2026-02-13,5.5,Modelagem
APT001284,PRJ0014,ANL008,2024-10-18,7,Coleta
APT003601,PRJ0045,ANL004,2025-03-12,2,DOCUMENTAÇÃO
APT004632,PRJ0063,ANL013,25/05/2026,4,Reunião com cliente
APT002869,PRJ0036,ANL019,14-abr-2026,5,Modelagem
APT001058,PRJ0012,ANL017,2026-03-27,2.5,Modelagem
APT001915,PRJ0025,ANL004,2025-02-10,8,Coleta
APT008722,PRJ0122,ANL003,09/29/2025,7,Apresentação
APT004974,PRJ0066,ANL015,2024-11-28,5,Dashboard
APT007538,PRJ0106,ANL015,15-jun-2026,7,ETL
APT006872,PRJ0098,ANL018,02/10/2025,6,Modelagem
APT009576,PRJ0138,ANL017,06/08/2026,6.5,DOCUMENTAÇÃO
APT007639,PRJ0109,ANL007,2026-05-19,4,Testes
APT000368,PRJ0006,ANL020,2025-04-21,4,ETL
APT007853,PRJ0112,ANL021,18-ago-2025,3,Apresentação
APT006462,PRJ0089,ANL004,2024-07-02,8.5,ETL
APT000314,PRJ0006,ANL020,27-jun-2025,3,Apresentação
APT006754,PRJ0095,ANL014,10-mar-2025,8.5,Documentação
APT000277,PRJ0005,ANL023,2025-02-27,8,Documentação
APT007929,PRJ0114,ANL005,07/05/2024,6.5,Apresentação
APT006207,PRJ0083,ANL003,14/11/2025,4.5,Apresentação
APT007236,PRJ0103,ANL005,09/04/2025,4,Dashboard
APT007038,PRJ0101,ANL006,2026-06-11,3,ETL
APT005366,PRJ0075,ANL002,2025-08-13,5,Dashboard
APT008748,PRJ0123,ANL002,24/04/2025,7,Coleta
APT007169,PRJ0102,ANL019,2025-01-22,6,Modelagem
APT006440,PRJ0089,ANL004,08/09/2024,4,Documentação
APT007234,PRJ0103,ANL011,2025-04-23,5,Apresentação
APT008160,PRJ0118,ANL008,03/11/2025,2.5,Testes
APT006745,PRJ0095,ANL008,2025-02-19,7,Testes
APT006472,PRJ0089,ANL022,2024-09-06,6,ETL
APT005914,PRJ0081,ANL023,02-abr-2026,6,Reunião com cliente
APT006251,PRJ0084,ANL023,09/12/2025,2,DOCUMENTAÇÃO
APT000360,PRJ0006,ANL008,2025-03-20,4,Reunião com cliente
APT001330,PRJ0015,ANL010,11/17/2025,4,ETL
APT006646,PRJ0093,ANL008,2024-10-28,2,Modelagem
APT007371,PRJ0106,ANL021,06/15/2026,5,Documentação
APT009449,PRJ0136,ANL007,23-mar-2026,5,Modelagem
APT004636,PRJ0063,ANL019,2026-06-05,4,Modelagem
APT001016,PRJ0012,ANL023,2026-05-04,6,Dashboard
APT008223,PRJ0119,ANL024,18/03/2024,3,Coleta
APT004579,PRJ0062,ANL011,2025-01-01,"3,5",Testes
APT004912,PRJ0066,ANL003,13/11/2024,6,ETL
APT005246,PRJ0071,ANL005,2025-01-27,4,Reunião com cliente
APT002244,PRJ0028,ANL004,2024-10-07,5.5,Apresentação
APT002010,PRJ0026,ANL021,2026-01-26,4,Testes
APT009198,PRJ0131,ANL015,03/27/2024,5,Documentação
APT002024,PRJ0026,ANL021,2025-10-08,6,Modelagem
APT002139,PRJ0026,ANL021,2025-10-17,2,Testes
APT004552,PRJ0062,ANL017,2024-12-09,8,Reunião com cliente
APT000482,PRJ0007,ANL004,08-jan-2025,6,Reunião com cliente
APT002025,PRJ0026,ANL021,2025-09-24,5.5,Coleta
APT006790,PRJ0096,ANL003,04/13/2026,5,Modelagem
APT009714,PRJ0140,ANL018,27/10/2025,7,Apresentação
APT000567,PRJ0007,ANL016,11/13/2024,6,Coleta
APT006671,PRJ0093,ANL008,10/09/2024,5,Testes
APT002408,PRJ0030,ANL015,10/09/2024,2,Testes
APT001512,PRJ0018,ANL023,10/07/2025,2,Reunião com cliente
APT002122,PRJ0026,ANL015,2025-09-19,8,Reunião com cliente
APT001659,PRJ0021,ANL020,10/20/2025,4,Modelagem
APT008220,PRJ0119,ANL018,2024-03-14,4,Testes
APT005724,PRJ0080,ANL009,15/11/2024,8.5,Modelagem
APT004945,PRJ0066,ANL015,2024-11-18,7,Testes
APT002675,PRJ0034,ANL018,2024-01-24,6,Documentação
APT004495,PRJ0060,ANL006,2025-05-01,2,Dashboard
APT001627,PRJ0021,ANL020,2025-12-23,6,Modelagem
APT003671,PRJ0046,ANL010,2024-01-15,6,ETL
APT001215,PRJ0014,ANL002,2024-08-28,6,Coleta
APT007569,PRJ0106,ANL015,2026-05-27,7,Documentação
APT000416,PRJ0007,ANL004,2025-01-22,5,Coleta
APT001816,PRJ0024,ANL005,2025-10-02,7,Dashboard
APT003509,PRJ0042,ANL013,2025-06-02,5,Reunião com cliente
APT005211,PRJ0070,ANL016,2025-08-06,5,Dashboard
APT008552,PRJ0121,ANL003,27/04/2026,8,Apresentação
APT008276,PRJ0119,ANL012,2024-03-04,7.5,MODELAGEM
APT002277,PRJ0029,ANL001,2025-06-27,8,Coleta
APT006411,PRJ0089,ANL004,15-jul-2024,2.5,Coleta
APT006654,PRJ0093,ANL002,2024-10-07,8,Dashboard
APT003011,PRJ0037,ANL022,2025-05-09,8,Modelagem
APT008256,PRJ0119,ANL018,2024-05-01,6,Dashboard
APT009710,PRJ0140,ANL006,2025-09-23,4,Testes
APT001822,PRJ0024,ANL023,2025-10-13,2.5,Apresentação
APT000992,PRJ0012,ANL023,09/06/2026,2,Testes
APT001377,PRJ0016,ANL010,18/05/2026,6,Modelagem
APT001776,PRJ0023,ANL011,09/02/2026,4,TESTES
APT009261,PRJ0133,ANL018,06/10/2026,3,ETL
APT008164,PRJ0118,ANL014,2025-10-20,5,Modelagem
APT008887,PRJ0126,ANL023,2026-02-06,8,ETL
APT002009,PRJ0026,ANL003,08/18/2025,6,Reunião com cliente
APT007367,PRJ0106,ANL015,2026-04-02,3,Apresentação
APT001914,PRJ0025,ANL016,2025-02-19,4,Testes
APT000568,PRJ0007,ANL010,2024-11-26,3,Modelagem
APT001237,PRJ0014,ANL008,01/08/2024,5,Reunião com cliente
APT005378,PRJ0076,ANL021,2024-05-27,4,Coleta
APT006621,PRJ0093,ANL002,03-set-2024,5,Reunião com cliente
APT003242,PRJ0041,ANL023,2025-04-01,4,Testes
APT009223,PRJ0132,ANL022,2024-11-05,4,Coleta
APT001288,PRJ0014,ANL008,09/09/2024,5.5,Testes
APT003877,PRJ0049,ANL006,10-fev-2026,3,Dashboard
APT007299,PRJ0104,ANL024,21/05/2024,3,Dashboard
APT009725,PRJ0140,ANL018,2025-09-15,6,Documentação
APT009385,PRJ0135,ANL014,25/03/2024,6,Apresentação
APT002627,PRJ0034,ANL018,2024-04-29,6.5,Modelagem
APT001929,PRJ0025,ANL016,2025-03-03,7,Documentação
APT001270,PRJ0014,ANL008,2024-10-17,6,Testes
APT003667,PRJ0046,ANL010,26-fev-2024,3,Reunião com cliente
APT005226,PRJ0071,ANL005,2025-02-10,7,TESTES
APT002553,PRJ0032,ANL018,28/04/2026,8.5,Reunião com cliente
APT006013,PRJ0082,ANL010,05/01/2025,7,Documentação
APT000942,PRJ0012,ANL011,2026-03-20,8,ETL
APT000966,PRJ0012,ANL005,05/21/2026,7,Modelagem
APT002825,PRJ0036,ANL001,2026-06-08,6,Modelagem
APT004420,PRJ0058,ANL001,2024-03-28,6,ETL
APT008116,PRJ0118,ANL008,2025-11-07,7,Apresentação
APT005534,PRJ0078,ANL017,2025-09-15,2.5,Coleta
APT003144,PRJ0039,ANL013,2024-10-25,3,ETL
APT008099,PRJ0118,ANL014,12/02/2025,6,ETL
APT002762,PRJ0034,ANL024,2024-06-14,4,Coleta
APT003245,PRJ0041,ANL023,2025-05-13,2,Testes
APT007933,PRJ0114,ANL023,2024-04-22,2,Apresentação
APT004801,PRJ0064,ANL020,07-mai-2026,"4,5",DOCUMENTAÇÃO
APT001631,PRJ0021,ANL014,01/21/2026,8,Dashboard
APT004366,PRJ0057,ANL012,10/04/2026,4,Coleta
APT007393,PRJ0106,ANL015,2026-05-04,"2,5",Testes
APT000139,PRJ0003,ANL021,17-jun-2025,"5,5",ETL
APT002386,PRJ0029,ANL001,09-jun-2025,4,ETL
APT003863,PRJ0049,ANL018,20-jan-2026,2,Coleta
APT001869,PRJ0024,ANL023,11/13/2025,6.5,Apresentação
APT009331,PRJ0134,ANL015,01/23/2026,"7,5",Testes
APT002646,PRJ0034,ANL024,04/09/2024,4.5,Testes
APT005245,PRJ0071,ANL011,2025-02-07,3,Documentação
APT004475,PRJ0059,ANL014,2025-03-14,4,ETL
APT007469,PRJ0106,ANL015,04/09/2026,5.5,Testes
APT008046,PRJ0115,ANL011,2024-04-01,3,Testes
APT002412,PRJ0030,ANL021,2024-10-04,4,Testes
APT008211,PRJ0119,ANL018,04/22/2024,4.5,Modelagem
APT003747,PRJ0047,ANL024,2024-10-21,4,Reunião com cliente
APT002860,PRJ0036,ANL019,2026-05-07,4,Testes
APT009473,PRJ0136,ANL019,2026-05-12,3,Reunião com cliente
APT004217,PRJ0055,ANL008,2024-08-05,4,Documentação
APT001431,PRJ0017,ANL016,2024-12-20,4,ETL
APT005116,PRJ0070,ANL016,11-abr-2025,7,ETL
APT002361,PRJ0029,ANL013,2025-07-15,5,Documentação
APT009563,PRJ0137,ANL007,2025-06-23,4.5,Apresentação
APT001897,PRJ0024,ANL011,10/31/2025,"6,5",Reunião com cliente
APT007956,PRJ0114,ANL017,2024-04-29,6.5,Documentação
APT004328,PRJ0056,ANL003,2025-03-14,8,Testes
APT005394,PRJ0076,ANL015,2024-06-10,2,Coleta
APT006515,PRJ0090,ANL005,04/11/2024,4,ETL
APT008095,PRJ0118,ANL008,2026-01-19,4,Testes
APT003287,PRJ0042,ANL013,2025-05-29,3,Reunião com cliente
APT005033,PRJ0068,ANL023,02/17/2025,4,ETL
APT002046,PRJ0026,ANL015,2025-10-20,8,Reunião com cliente
APT008248,PRJ0119,ANL018,2024-05-03,8,Coleta
APT000430,PRJ0007,ANL016,2025-01-03,7.5,Testes
APT007302,PRJ0104,ANL012,2024-06-03,6.5,Modelagem
APT004693,PRJ0063,ANL013,2026-05-15,4,Testes
APT009382,PRJ0135,ANL014,2024-03-01,6,Modelagem
APT004947,PRJ0066,ANL003,11/11/2024,6,Coleta
APT003255,PRJ0041,ANL005,06/02/2025,8.5,Documentação
APT001832,PRJ0024,ANL017,15/08/2025,5,Reunião com cliente
APT007503,PRJ0106,ANL009,29-mai-2026,6,Reunião com cliente
APT006573,PRJ0093,ANL002,11/12/2024,4,Testes
APT003806,PRJ0048,ANL005,29/11/2024,7.5,Apresentação
APT008484,PRJ0120,ANL007,05/19/2026,4,Testes
APT003656,PRJ0046,ANL004,2024-02-06,2,Documentação
APT004845,PRJ0064,ANL014,2026-05-13,6,Reunião com cliente
APT005412,PRJ0077,ANL020,2024-12-02,4,Dashboard
APT008106,PRJ0118,ANL002,10/13/2025,6,Apresentação
APT006437,PRJ0089,ANL016,2024-06-25,3,Coleta
APT007607,PRJ0107,ANL023,14/04/2025,4.5,Coleta
APT005963,PRJ0081,ANL023,10-abr-2026,7,ETL
APT006417,PRJ0089,ANL022,28/06/2024,4.5,Testes
APT006253,PRJ0084,ANL005,2025-09-02,6,Apresentação
APT005958,PRJ0081,ANL011,2026-05-22,3.5,Reunião com cliente
APT009759,PRJ0140,ANL006,2025-12-01,3,ETL
APT003851,PRJ0049,ANL018,2026-01-20,7,DASHBOARD
APT003446,PRJ0042,ANL001,2025-09-22,4,Reunião com cliente
APT002100,PRJ0026,ANL015,08/20/2025,2,Testes
APT002298,PRJ0029,ANL019,2025-08-25,4,Dashboard
APT008098,PRJ0118,ANL020,20-out-2025,6,Coleta
APT006050,PRJ0082,ANL004,2025-03-07,3,Coleta
APT001814,PRJ0024,ANL011,2025-11-18,8,Reunião com cliente
APT009552,PRJ0136,ANL013,2026-01-30,2,Reunião com cliente
APT006089,PRJ0083,ANL015,18-ago-2025,6,Documentação
APT003812,PRJ0048,ANL023,2024-12-23,8.5,Modelagem
APT002336,PRJ0029,ANL007,12/08/2025,6,ETL
APT005936,PRJ0081,ANL017,05/20/2026,2,Documentação
APT000020,PRJ0001,ANL004,22-abr-2024,7,Modelagem
APT001204,PRJ0014,ANL002,10/22/2024,2,Reunião com cliente
APT008112,PRJ0118,ANL002,06-out-2025,8.5,Testes
APT006567,PRJ0093,ANL020,2024-11-13,4.5,Dashboard
APT000751,PRJ0010,ANL013,2024-10-07,7,DOCUMENTAÇÃO
APT000217,PRJ0005,ANL023,02/24/2025,6,Documentação
APT006114,PRJ0083,ANL021,2025-05-08,8,Reunião com cliente
APT002611,PRJ0033,ANL002,02/01/2024,7,Dashboard
APT002699,PRJ0034,ANL012,2024-02-13,3,Documentação
APT009038,PRJ0129,ANL007,2025-12-02,5.5,Documentação
APT008568,PRJ0121,ANL021,03/30/2026,8,Modelagem
APT006100,PRJ0083,ANL003,2025-11-06,7,Testes
APT002890,PRJ0036,ANL019,10-jun-2026,8.5,Documentação
APT008907,PRJ0127,ANL012,2025-10-15,2.5,Apresentação
APT002035,PRJ0026,ANL015,03/11/2025,"2,5",Coleta
APT004070,PRJ0052,ANL004,2026-04-09,5,Testes
APT002614,PRJ0033,ANL020,2024-02-05,5.5,Apresentação
APT009595,PRJ0138,ANL011,23/06/2026,8,Dashboard
APT000074,PRJ0003,ANL015,2025-10-13,7,Testes
APT007288,PRJ0104,ANL006,2024-04-29,4,Testes
APT007075,PRJ0101,ANL006,05/06/2026,7,Modelagem
APT008117,PRJ0118,ANL002,2026-01-22,5,Dashboard
APT004811,PRJ0064,ANL002,2026-05-04,4,Modelagem
APT008105,PRJ0118,ANL014,20-nov-2025,6,Coleta
APT003135,PRJ0039,ANL013,11-dez-2024,8,Testes
APT001043,PRJ0012,ANL023,03/30/2026,6,Modelagem
APT003878,PRJ0049,ANL024,02/04/2026,2,ETL
APT007327,PRJ0104,ANL006,10/06/2024,"7,5",ETL
APT005086,PRJ0069,ANL018,2024-11-12,4,Modelagem
APT008085,PRJ0117,ANL021,07/30/2025,6.5,Coleta
APT002705,PRJ0034,ANL006,2024-01-31,7,Documentação
APT000716,PRJ0009,ANL011,2025-11-17,6,Coleta
APT007373,PRJ0106,ANL015,2026-04-13,2,Coleta
APT000132,PRJ0003,ANL003,26-jun-2025,5,ETL
APT007788,PRJ0110,ANL020,2025-01-20,3,Coleta
APT008292,PRJ0120,ANL019,2026-06-10,6.5,Testes
APT005340,PRJ0074,ANL016,03-nov-2025,6,ETL
APT003259,PRJ0041,ANL023,2025-04-17,6,Modelagem
APT003859,PRJ0049,ANL006,2026-02-09,6,ETL
APT002172,PRJ0026,ANL003,2025-09-02,4.5,ETL
APT005700,PRJ0080,ANL021,2024-11-25,2,Reunião com cliente
APT002965,PRJ0036,ANL007,2026-06-26,"6,5",Modelagem
APT008750,PRJ0123,ANL008,05/26/2025,7,Testes
APT006312,PRJ0086,ANL009,28/05/2026,6,ETL
APT006584,PRJ0093,ANL008,2024-10-07,3.5,Documentação
APT004959,PRJ0066,ANL003,2024-10-28,7,Reunião com cliente
APT004649,PRJ0063,ANL001,2026-05-22,6.5,Testes
APT005541,PRJ0078,ANL005,2025-07-28,2.5,ETL
APT008899,PRJ0127,ANL018,2025-10-27,6,Dashboard
APT005278,PRJ0072,ANL012,10/06/2025,8.5,Coleta
APT002165,PRJ0026,ANL003,2025-09-04,5,Coleta
APT003802,PRJ0048,ANL011,2024-12-30,5,Coleta
APT008403,PRJ0120,ANL007,2026-06-22,6,Testes
APT001590,PRJ0019,ANL022,2025-01-01,3.5,Dashboard
APT001665,PRJ0021,ANL020,05-jan-2026,3.5,Documentação
APT009313,PRJ0133,ANL006,2026-06-17,"2,5",ETL
APT008844,PRJ0126,ANL023,2026-04-23,8,Modelagem
APT003331,PRJ0042,ANL007,25-jul-2025,5,Apresentação
APT002290,PRJ0029,ANL007,2025-07-07,4.5,Dashboard
APT004844,PRJ0064,ANL008,02/19/2026,8,Modelagem
APT004421,PRJ0058,ANL013,2024-03-18,4,Apresentação
APT003314,PRJ0042,ANL001,2025-08-18,6,Modelagem
APT000614,PRJ0008,ANL005,15/05/2026,7,Testes
APT002376,PRJ0029,ANL019,2025-08-08,5.5,DOCUMENTAÇÃO
APT005572,PRJ0079,ANL012,05/12/2025,2,Reunião com cliente
APT002362,PRJ0029,ANL013,2025-10-20,7.5,Modelagem
APT008060,PRJ0116,ANL019,2025-05-15,4,Reunião com cliente
APT008456,PRJ0120,ANL013,06/08/2026,3.5,Coleta
APT001155,PRJ0013,ANL017,12/16/2024,2,ETL
APT003410,PRJ0042,ANL019,2025-06-02,6.5,ETL
APT004781,PRJ0064,ANL002,03/02/2026,5.5,Documentação
APT006124,PRJ0083,ANL009,01-set-2025,7.5,Documentação
APT009164,PRJ0131,ANL003,2024-02-12,5.5,Documentação
APT001895,PRJ0024,ANL011,06/10/2025,3.5,Modelagem
APT000221,PRJ0005,ANL023,2025-03-03,2,Testes
APT007099,PRJ0101,ANL018,2026-05-28,5,ETL
APT004754,PRJ0064,ANL020,2026-03-18,2,Apresentação
APT004949,PRJ0066,ANL015,12/04/2024,4,Modelagem
APT002142,PRJ0026,ANL003,10/06/2025,7.5,Testes
APT007558,PRJ0106,ANL003,22/06/2026,6,Testes
APT009055,PRJ0130,ANL001,2025-05-02,5,Testes
APT004178,PRJ0055,ANL014,16-set-2024,3,ETL
APT000583,PRJ0008,ANL017,2026-04-02,"7,5",Documentação
APT002441,PRJ0032,ANL018,16/02/2026,6.5,Modelagem
APT001588,PRJ0019,ANL004,06-jan-2025,6.5,Documentação
APT000632,PRJ0008,ANL005,2026-04-20,4.5,Documentação
APT006580,PRJ0093,ANL014,10/10/2024,6,Reunião com cliente
APT001300,PRJ0014,ANL008,25/07/2024,2,Reunião com cliente
APT007135,PRJ0101,ANL018,2026-06-15,3,Testes
APT006128,PRJ0083,ANL003,2025-06-11,8.5,Apresentação
APT002260,PRJ0029,ANL007,18-jul-2025,4,Apresentação
APT007325,PRJ0104,ANL018,2024-05-17,8,Modelagem
APT004283,PRJ0056,ANL003,14-abr-2025,4,Documentação
APT006107,PRJ0083,ANL015,2025-05-22,4,Apresentação
APT007372,PRJ0106,ANL009,2026-06-11,7.5,Testes
APT008577,PRJ0121,ANL015,2026-05-11,6,Documentação
APT003928,PRJ0050,ANL002,2025-09-30,8,Dashboard
APT007196,PRJ0103,ANL005,01/17/2025,6.5,Documentação
APT005023,PRJ0068,ANL023,2025-03-17,2,Testes
APT006280,PRJ0086,ANL021,2026-03-16,4.5,Reunião com cliente
APT001312,PRJ0014,ANL002,2024-09-11,6,Testes
APT006713,PRJ0095,ANL020,04/24/2025,8,Testes
APT009601,PRJ0138,ANL023,2026-05-15,3,DASHBOARD
APT000078,PRJ0003,ANL003,2025-08-22,4,Coleta
APT006272,PRJ0085,ANL006,11/10/2025,2.5,Reunião com cliente
APT007751,PRJ0109,ANL001,2026-04-06,3,COLETA
APT004867,PRJ0065,ANL016,2026-02-02,7,Documentação
APT003091,PRJ0039,ANL013,2024-11-18,3,Dashboard
APT005839,PRJ0081,ANL005,2026-06-22,2,ETL
APT003286,PRJ0042,ANL001,2025-07-14,6,Apresentação
APT008088,PRJ0117,ANL009,2025-07-31,3,Coleta
APT008384,PRJ0120,ANL013,15/06/2026,4.5,Apresentação
APT002538,PRJ0032,ANL006,2026-03-06,8,Apresentação
APT006053,PRJ0082,ANL022,22/05/2025,7,Documentação
APT000490,PRJ0007,ANL022,01/31/2025,4,Apresentação
APT000752,PRJ0010,ANL019,2024-10-21,4,Modelagem
APT007304,PRJ0104,ANL018,2024-04-19,5,Apresentação
APT004796,PRJ0064,ANL002,2026-05-21,4,Coleta
APT005082,PRJ0069,ANL024,10/30/2024,5.5,ETL
APT000354,PRJ0006,ANL020,2025-07-08,4,Documentação
APT006063,PRJ0083,ANL021,2025-10-06,8,Reunião com cliente
APT007565,PRJ0106,ANL003,22/06/2026,2,ETL
APT000094,PRJ0003,ANL015,2025-09-08,3.5,ETL
APT003913,PRJ0050,ANL020,11/04/2025,4,Testes
APT005764,PRJ0081,ANL023,2026-04-06,5,Reunião com cliente
APT005411,PRJ0077,ANL008,11/21/2024,4,Modelagem
APT008623,PRJ0122,ANL009,05-nov-2025,"6,5",Apresentação
APT003471,PRJ0042,ANL007,16-jun-2025,5,ETL
APT004551,PRJ0062,ANL005,2024-12-06,5,DASHBOARD
APT007122,PRJ0101,ANL018,2026-06-19,7.5,Coleta
APT000253,PRJ0005,ANL023,2024-12-20,2,Documentação
APT005232,PRJ0071,ANL017,2025-02-10,3,Documentação
APT000912,PRJ0012,ANL011,2026-04-27,7,Apresentação
APT001165,PRJ0013,ANL023,2024-10-25,8,Coleta
APT005919,PRJ0081,ANL023,2026-04-13,4,Coleta
APT001593,PRJ0019,ANL022,2025-02-05,2,Modelagem
APT001059,PRJ0012,ANL023,2026-06-08,6,Coleta
APT002986,PRJ0037,ANL022,2025-03-31,6.5,Apresentação
APT001769,PRJ0023,ANL011,17/03/2026,6,Modelagem
APT006744,PRJ0095,ANL014,2025-03-27,3,Coleta
APT003481,PRJ0042,ANL007,2025-07-07,"2,5",ETL
APT008267,PRJ0119,ANL012,04/02/2024,4,ETL
APT000909,PRJ0012,ANL011,18-mar-2026,6.5,Reunião com cliente
APT001385,PRJ0016,ANL010,05-jun-2026,6.5,Dashboard
APT004923,PRJ0066,ANL003,2024-10-16,6,Reunião com cliente
APT000485,PRJ0007,ANL022,2024-12-19,8,Documentação
APT000213,PRJ0005,ANL011,2025-01-16,4.5,Modelagem
APT005279,PRJ0072,ANL018,2025-10-13,4.5,Documentação
APT001362,PRJ0015,ANL004,2025-10-23,3,Reunião com cliente
APT001492,PRJ0017,ANL010,2025-02-03,8,Reunião com cliente
APT000891,PRJ0011,ANL014,2025-08-18,6,Testes
APT007917,PRJ0113,ANL010,04/22/2024,4.5,Coleta
APT000579,PRJ0008,ANL017,27/03/2026,3.5,Dashboard
APT004721,PRJ0063,ANL013,2026-06-10,5.5,Documentação
APT008936,PRJ0127,ANL012,2025-11-24,4,Apresentação
APT004130,PRJ0053,ANL020,04/10/2026,8,Testes
APT009581,PRJ0138,ANL023,16/06/2026,4,Apresentação
APT001434,PRJ0017,ANL004,06-jan-2025,4,ETL
APT004602,PRJ0062,ANL011,2025-01-23,5,Reunião com cliente
APT004853,PRJ0064,ANL002,2026-03-23,8,Testes
APT008433,PRJ0120,ANL007,18/05/2026,4,Dashboard
APT006094,PRJ0083,ANL003,2025-09-09,3.5,Modelagem
APT003740,PRJ0047,ANL012,2024-11-06,5.5,ETL
APT002698,PRJ0034,ANL018,2024-03-07,6,Coleta
APT004675,PRJ0063,ANL001,19-mai-2026,7,Apresentação
APT001203,PRJ0014,ANL020,21-ago-2024,3.5,Documentação
APT007464,PRJ0106,ANL009,2026-05-26,6,ETL
APT006483,PRJ0089,ANL004,2024-07-31,4,Dashboard
APT009078,PRJ0130,ANL001,04-jun-2025,3,Reunião com cliente
APT004762,PRJ0064,ANL008,2026-03-02,3,Coleta
APT008724,PRJ0122,ANL003,2025-11-05,6,Dashboard
APT003580,PRJ0045,ANL022,2025-03-21,2,Documentação
APT006510,PRJ0090,ANL005,10/21/2024,2,Reunião com cliente
APT000030,PRJ0001,ANL010,2024-04-22,6,Coleta
APT002729,PRJ0034,ANL018,30-abr-2024,4,Modelagem
APT006113,PRJ0083,ANL009,2025-05-23,4,Testes
APT003672,PRJ0046,ANL022,2024-02-19,6.5,Modelagem
APT008581,PRJ0121,ANL021,01-jun-2026,8,Reunião com cliente
APT005061,PRJ0069,ANL024,11/01/2024,6,Modelagem
APT009404,PRJ0135,ANL008,2024-03-18,5,Testes
APT004792,PRJ0064,ANL020,2026-04-14,3,Testes
APT007974,PRJ0115,ANL005,2024-05-24,7,Coleta
APT007944,PRJ0114,ANL023,07-mai-2024,4,Testes
APT009008,PRJ0129,ANL007,12-jan-2026,2,ETL
APT005632,PRJ0079,ANL006,2025-06-16,7,Reunião com cliente
APT000651,PRJ0008,ANL023,03/23/2026,6,COLETA
APT007667,PRJ0109,ANL001,2026-04-13,8,Documentação
APT005546,PRJ0078,ANL023,2025-08-04,4,Documentação
APT000825,PRJ0010,ANL019,29-jul-2024,2,Reunião com cliente
APT002173,PRJ0026,ANL009,2025-08-27,8,Dashboard
APT006581,PRJ0093,ANL008,2024-10-14,5,Documentação
APT007975,PRJ0115,ANL011,2024-06-20,"6,5",Testes
APT003349,PRJ0042,ANL007,2025-07-04,2,Testes
APT008622,PRJ0122,ANL021,25/08/2025,4,Dashboard
APT003360,PRJ0042,ANL001,09/17/2025,7,Testes
APT004683,PRJ0063,ANL013,06/11/2026,6.5,Testes
APT001797,PRJ0024,ANL017,13/10/2025,3,ETL
APT006104,PRJ0083,ANL003,09/09/2025,3,ETL
APT003206,PRJ0041,ANL011,05/28/2025,7.5,Dashboard
APT006499,PRJ0089,ANL004,2024-09-13,"7,5",Apresentação
APT001748,PRJ0023,ANL005,30/03/2026,8,Testes
APT007002,PRJ0100,ANL010,2026-05-25,5,Apresentação
APT006044,PRJ0082,ANL010,2025-03-20,8.5,Coleta
APT004787,PRJ0064,ANL020,27-abr-2026,4,ETL
APT001265,PRJ0014,ANL008,21/10/2024,4.5,Dashboard
APT002939,PRJ0036,ANL007,07-mai-2026,4,Documentação
APT000676,PRJ0008,ANL017,2026-03-27,6,APRESENTAÇÃO
APT005548,PRJ0078,ANL017,2025-06-12,4,Dashboard
APT002918,PRJ0036,ANL001,26-mar-2026,4.5,Reunião com cliente
APT000621,PRJ0008,ANL005,20/05/2026,4,Testes
APT006336,PRJ0086,ANL009,2026-03-17,6,Documentação
APT008494,PRJ0120,ANL007,2026-04-06,5,Documentação
APT009080,PRJ0130,ANL007,2025-06-19,5,Modelagem
APT002873,PRJ0036,ANL007,2026-06-12,5,Coleta
APT003493,PRJ0042,ANL019,04/29/2025,"6,5",Reunião com cliente
APT000098,PRJ0003,ANL021,07/14/2025,4,Dashboard
APT003587,PRJ0045,ANL004,2025-03-03,6,Testes
APT002919,PRJ0036,ANL007,04/10/2026,5,Documentação
APT007586,PRJ0106,ANL021,07/05/2026,7,Reunião com cliente
APT007229,PRJ0103,ANL011,04/02/2025,5,Documentação
APT009032,PRJ0129,ANL013,2026-01-14,4,Dashboard
APT006866,PRJ0098,ANL024,01-set-2025,4,Documentação
APT004163,PRJ0054,ANL010,22/09/2025,2,Testes
APT001004,PRJ0012,ANL011,2026-05-13,7,Modelagem
APT008259,PRJ0119,ANL024,19-jan-2024,7,Apresentação
APT007005,PRJ0100,ANL022,25/05/2026,8.5,Testes
APT005081,PRJ0069,ANL018,13-set-2024,3,Dashboard
APT004060,PRJ0052,ANL022,03/23/2026,2,Coleta
APT000324,PRJ0006,ANL020,2025-03-10,6,Dashboard
APT007510,PRJ0106,ANL021,13-abr-2026,5,Coleta
APT009134,PRJ0130,ANL007,19-mai-2025,3,Apresentação
APT002294,PRJ0029,ANL007,18/06/2025,6,ETL
APT004395,PRJ0057,ANL006,23-fev-2026,4,Documentação
APT007937,PRJ0114,ANL017,11-abr-2024,3,Testes
APT002651,PRJ0034,ANL006,27/05/2024,3,COLETA
APT002135,PRJ0026,ANL021,11/06/2025,5.5,Testes
APT006643,PRJ0093,ANL014,09/18/2024,6,Reunião com cliente
APT002813,PRJ0035,ANL010,01-abr-2025,6,Modelagem
APT009118,PRJ0130,ANL019,2025-04-22,4,Apresentação
APT000301,PRJ0006,ANL008,06/04/2025,"7,5",TESTES
APT008751,PRJ0123,ANL020,2025-08-04,5,DASHBOARD
APT008679,PRJ0122,ANL015,22-ago-2025,2,Testes
APT004879,PRJ0065,ANL004,01/29/2026,5,Documentação
APT006761,PRJ0095,ANL002,17-fev-2025,4.5,Reunião com cliente
APT000366,PRJ0006,ANL014,2025-04-14,3.5,Modelagem
APT008194,PRJ0119,ANL018,2024-02-12,6.5,Coleta
APT008842,PRJ0126,ANL017,2026-05-25,5,ETL
APT003474,PRJ0042,ANL007,2025-03-31,3.5,Documentação
APT001163,PRJ0013,ANL005,2024-12-16,8,Modelagem
APT004047,PRJ0052,ANL016,2026-03-23,6,Apresentação
APT007618,PRJ0108,ANL002,2024-06-19,6,Apresentação
APT003893,PRJ0050,ANL008,2025-10-24,5,Dashboard
APT006142,PRJ0083,ANL015,2025-09-01,4,Coleta
APT001000,PRJ0012,ANL011,01-jun-2026,8,Testes
APT008234,PRJ0119,ANL024,2024-03-18,6,Modelagem
APT003071,PRJ0039,ANL019,09/01/2025,6.5,Apresentação
APT008788,PRJ0124,ANL022,2024-10-17,4,Reunião com cliente
APT001064,PRJ0012,ANL017,04/13/2026,7,Coleta
APT006579,PRJ0093,ANL008,22-out-2024,4,Coleta
APT000286,PRJ0005,ANL005,31-dez-2024,7,Coleta
APT000144,PRJ0003,ANL021,2025-08-01,5,Dashboard
APT005484,PRJ0078,ANL011,2025-06-09,4,Dashboard
APT006368,PRJ0087,ANL018,17/11/2025,5,Apresentação
APT001405,PRJ0016,ANL022,15/05/2026,3,Modelagem
APT006868,PRJ0098,ANL012,2025-09-01,6,Testes
APT002468,PRJ0032,ANL012,2026-04-27,7.5,Apresentação
APT002428,PRJ0031,ANL009,04-nov-2024,4,Documentação
APT003865,PRJ0049,ANL024,2026-03-02,5,Coleta
APT007412,PRJ0106,ANL009,31-mar-2026,6,Apresentação
APT008799,PRJ0124,ANL010,10/22/2024,6,Modelagem
APT006102,PRJ0083,ANL009,24/11/2025,4,Coleta
APT003382,PRJ0042,ANL007,2025-08-27,2,ETL
APT001678,PRJ0022,ANL009,03/03/2026,6,ETL
APT009624,PRJ0139,ANL017,04-dez-2024,6,Apresentação
APT005285,PRJ0072,ANL006,11/03/2025,3,Dashboard
APT004716,PRJ0063,ANL007,15/06/2026,2,Coleta
APT000505,PRJ0007,ANL016,2024-11-26,4,Modelagem
APT005651,PRJ0079,ANL006,2025-06-18,6,DOCUMENTAÇÃO
APT008325,PRJ0120,ANL013,2026-06-01,4,Testes
APT003351,PRJ0042,ANL001,27/06/2025,6,REUNIÃO COM CLIENTE
APT003726,PRJ0047,ANL012,2024-11-21,6,DOCUMENTAÇÃO
APT001269,PRJ0014,ANL014,2024-09-16,4,Coleta
APT008940,PRJ0127,ANL018,2025-12-05,6,Coleta
APT006407,PRJ0089,ANL004,2024-07-29,4.5,Modelagem
APT006310,PRJ0086,ANL021,2026-03-25,8,Apresentação
APT007802,PRJ0110,ANL020,2025-01-16,4,Apresentação
APT000664,PRJ0008,ANL017,20-fev-2026,6,Modelagem
APT009711,PRJ0140,ANL018,2025-09-29,6.5,ETL
APT003924,PRJ0050,ANL020,2025-11-10,5,ETL
APT002893,PRJ0036,ANL013,2026-06-15,8,ETL
APT000292,PRJ0005,ANL023,20/01/2025,4,Apresentação
APT005453,PRJ0078,ANL005,07/31/2025,4.5,Dashboard
APT007715,PRJ0109,ANL007,2026-05-18,6,Reunião com cliente
APT001667,PRJ0021,ANL002,2026-01-16,7.5,Reunião com cliente
APT005704,PRJ0080,ANL003,28-out-2024,6.5,Apresentação
APT008079,PRJ0117,ANL021,2025-07-28,5,ETL
APT001620,PRJ0020,ANL022,2024-03-18,3,Testes
APT005602,PRJ0079,ANL012,2025-06-23,6,Reunião com cliente
APT002058,PRJ0026,ANL021,10/09/2025,6,Modelagem
APT001887,PRJ0024,ANL005,2025-11-12,3,Dashboard
APT000546,PRJ0007,ANL010,02/17/2025,4,Reunião com cliente
APT007613,PRJ0108,ANL002,2024-06-18,5.5,Testes
APT001086,PRJ0012,ANL023,2026-05-26,5,Apresentação
APT007354,PRJ0106,ANL009,2026-04-23,6,Documentação
APT005047,PRJ0069,ANL012,10/04/2024,8,Testes
APT004030,PRJ0052,ANL022,08/04/2026,4,Modelagem
APT005011,PRJ0067,ANL001,05-jun-2024,3,Dashboard
APT000488,PRJ0007,ANL022,12/11/2024,2,Dashboard
APT004687,PRJ0063,ANL013,2026-06-01,6,Coleta
APT007414,PRJ0106,ANL021,2026-06-01,6.5,Modelagem
APT005163,PRJ0070,ANL010,2025-05-26,6,Documentação
APT001488,PRJ0017,ANL016,2024-12-23,6,Apresentação
APT009750,PRJ0140,ANL006,14-nov-2025,4,Documentação
APT001392,PRJ0016,ANL022,01-jun-2026,4.5,Modelagem
APT001319,PRJ0015,ANL010,2025-09-01,7.5,Coleta
APT004816,PRJ0064,ANL014,04/16/2026,3.5,Apresentação
APT004997,PRJ0067,ANL013,17-jun-2024,4,Modelagem
APT001243,PRJ0014,ANL008,2024-07-18,4,Testes
APT006736,PRJ0095,ANL014,2025-02-26,3.5,Apresentação
APT004158,PRJ0054,ANL010,10/20/2025,7.5,Documentação
APT008367,PRJ0120,ANL001,2026-04-20,6,Testes
APT004378,PRJ0057,ANL024,2026-02-23,8,Modelagem
APT007549,PRJ0106,ANL003,2026-04-20,"3,5",Modelagem
APT001313,PRJ0014,ANL008,2024-09-02,2.5,Apresentação
APT006478,PRJ0089,ANL010,2024-07-11,6,ETL
APT008555,PRJ0121,ANL003,2026-04-14,6,Coleta
APT002955,PRJ0036,ANL013,2026-06-01,5,Testes
APT009427,PRJ0136,ANL019,19/03/2026,"4,5",Dashboard
APT009691,PRJ0140,ANL012,2025-11-19,4,Dashboard
APT000344,PRJ0006,ANL002,2025-05-05,3,Testes
APT003372,PRJ0042,ANL007,07/04/2025,5,Modelagem
APT009370,PRJ0134,ANL015,2026-01-15,4.5,Documentação
APT008045,PRJ0115,ANL005,2024-04-29,4.5,ETL
APT002118,PRJ0026,ANL003,2025-09-29,2.5,Apresentação
APT003648,PRJ0046,ANL016,2024-03-01,7,Apresentação
APT002249,PRJ0028,ANL016,2024-10-22,8,Reunião com cliente
APT007337,PRJ0105,ANL008,2025-12-10,8,Dashboard
APT002385,PRJ0029,ANL007,18/06/2025,4,Documentação
APT007848,PRJ0112,ANL021,2025-08-14,4,Dashboard
APT007355,PRJ0106,ANL003,15/04/2026,8,Reunião com cliente
APT002701,PRJ0034,ANL024,29-jan-2024,"6,5",ETL
APT006535,PRJ0091,ANL003,2025-12-23,6,Apresentação
APT000358,PRJ0006,ANL014,2025-04-10,8,ETL
APT007024,PRJ0101,ANL012,2026-06-11,4,Apresentação
APT007462,PRJ0106,ANL003,05/22/2026,5.5,Modelagem
APT000475,PRJ0007,ANL016,17-jan-2025,5,Documentação
APT002307,PRJ0029,ANL001,2025-06-03,8,Reunião com cliente
APT004233,PRJ0055,ANL020,12/07/2024,7,Apresentação
APT009606,PRJ0139,ANL017,2024-10-23,5,Modelagem
APT001962,PRJ0025,ANL016,2025-04-14,7,Documentação
APT008195,PRJ0119,ANL018,29/04/2024,2,Reunião com cliente
APT004254,PRJ0055,ANL020,01/07/2024,7,Reunião com cliente
APT003958,PRJ0051,ANL011,2024-10-31,4,Testes
APT004447,PRJ0059,ANL008,2025-02-07,4,Dashboard
APT007157,PRJ0102,ANL013,2025-02-20,6.5,Modelagem
APT001640,PRJ0021,ANL020,2026-01-22,6,ETL
APT008507,PRJ0121,ANL021,2026-05-04,4.5,Apresentação
APT008101,PRJ0118,ANL008,2025-10-27,"6,5",TESTES
APT004770,PRJ0064,ANL008,2026-05-06,7,Documentação
APT002507,PRJ0032,ANL018,2026-02-10,7,Coleta
APT003964,PRJ0051,ANL005,2024-12-23,4.5,Documentação
APT008257,PRJ0119,ANL024,2024-02-12,6,Modelagem
APT004321,PRJ0056,ANL003,2025-02-17,3,ETL
APT000109,PRJ0003,ANL003,2025-08-22,2,Coleta
APT005396,PRJ0076,ANL003,07-jun-2024,6,Coleta
APT006575,PRJ0093,ANL002,2024-09-30,5.5,Documentação
APT002771,PRJ0034,ANL006,29-mai-2024,4,Testes
APT009392,PRJ0135,ANL020,28/03/2024,4,Reunião com cliente
APT000247,PRJ0005,ANL023,2025-01-15,5,Documentação
APT000892,PRJ0011,ANL014,2025-08-21,2,Documentação
APT004917,PRJ0066,ANL015,2024-10-28,4,Dashboard
APT003526,PRJ0042,ANL001,17/06/2025,6.5,TESTES
APT008103,PRJ0118,ANL008,2025-10-20,4,Testes
APT005630,PRJ0079,ANL018,2025-06-13,6,ETL
APT007064,PRJ0101,ANL006,2026-05-25,5,Modelagem
APT004077,PRJ0052,ANL004,2026-03-30,6,Apresentação
APT001693,PRJ0022,ANL021,23-fev-2026,3,Modelagem
APT004857,PRJ0064,ANL008,03-abr-2026,4,Apresentação
APT004593,PRJ0062,ANL005,2024-11-11,2,Coleta
APT006344,PRJ0086,ANL015,2026-04-13,6,Documentação
APT003854,PRJ0049,ANL018,2026-01-22,3,ETL
APT001809,PRJ0024,ANL011,2025-08-18,4.5,Reunião com cliente
APT006861,PRJ0098,ANL012,2025-09-12,7.5,Dashboard
APT003425,PRJ0042,ANL001,2025-09-29,8.5,Reunião com cliente
APT006759,PRJ0095,ANL014,2025-01-20,3,Dashboard
APT006456,PRJ0089,ANL016,2024-07-08,6,Apresentação
APT007343,PRJ0105,ANL008,11/24/2025,7.5,ETL
APT008058,PRJ0116,ANL019,2025-05-21,8,Modelagem
APT007018,PRJ0101,ANL012,2026-05-28,7,ETL
APT006299,PRJ0086,ANL021,24-mar-2026,2,Testes
APT002612,PRJ0033,ANL008,2024-02-05,4.5,Reunião com cliente
APT007439,PRJ0106,ANL021,09/06/2026,6,Dashboard
APT006361,PRJ0086,ANL009,06/05/2026,"8,5",ETL
APT001082,PRJ0012,ANL023,2026-02-20,8,Testes
APT008761,PRJ0123,ANL002,2025-05-05,"4,5",Testes
APT004224,PRJ0055,ANL020,2024-09-30,2,Apresentação
APT006147,PRJ0083,ANL003,2025-06-16,4,ETL
APT009262,PRJ0133,ANL006,2026-05-05,8.5,ETL
APT008588,PRJ0121,ANL003,20-abr-2026,4,Dashboard
APT008990,PRJ0129,ANL019,2026-01-09,5,Apresentação
APT007413,PRJ0106,ANL009,04/20/2026,2,ETL
APT000473,PRJ0007,ANL016,2025-01-31,4,ETL
APT007703,PRJ0109,ANL001,2026-05-04,5,Coleta
APT008342,PRJ0120,ANL013,02/06/2026,2,Modelagem
APT006243,PRJ0084,ANL023,05-set-2025,2,Dashboard
APT004832,PRJ0064,ANL014,2026-04-06,4.5,Coleta
APT001652,PRJ0021,ANL020,10/28/2025,4,ETL
APT001806,PRJ0024,ANL011,10/06/2025,2,ETL
APT009512,PRJ0136,ANL019,06-fev-2026,5,Modelagem
APT002192,PRJ0026,ANL021,2025-07-30,3.5,Testes
APT006204,PRJ0083,ANL003,2025-09-17,5,Reunião com cliente
APT001106,PRJ0012,ANL023,03/16/2026,5.5,Documentação
APT004539,PRJ0062,ANL005,2024-11-18,4,ETL
APT007178,PRJ0103,ANL023,2025-03-19,7,ETL
APT009521,PRJ0136,ANL013,2026-01-19,5.5,Apresentação
APT007747,PRJ0109,ANL001,27/04/2026,4,Dashboard
APT005405,PRJ0077,ANL014,2024-10-30,4.5,ETL
APT004817,PRJ0064,ANL008,2026-04-30,4,Documentação
APT003867,PRJ0049,ANL006,2026-01-26,5.5,ETL
APT003799,PRJ0048,ANL017,02/12/2024,4,Modelagem
APT005605,PRJ0079,ANL012,09/06/2025,"8,5",Documentação
APT001555,PRJ0019,ANL016,2025-01-21,7,ETL
APT000543,PRJ0007,ANL016,2024-10-25,3.5,ETL
APT003793,PRJ0048,ANL005,27-nov-2024,"4,5",Apresentação
APT000382,PRJ0006,ANL014,2025-04-07,4,Testes
APT005330,PRJ0073,ANL021,2025-02-25,6,Dashboard
APT003044,PRJ0037,ANL022,21-abr-2025,4,Testes
APT002543,PRJ0032,ANL012,2026-03-06,7.5,Dashboard
APT000576,PRJ0008,ANL023,2026-03-09,4,ETL
APT001899,PRJ0025,ANL016,2025-03-31,6.5,ETL
APT006039,PRJ0082,ANL022,01/04/2025,6,Dashboard
APT002578,PRJ0032,ANL012,2026-05-11,2,Apresentação
APT005169,PRJ0070,ANL022,2025-05-26,8,Reunião com cliente
APT000726,PRJ0009,ANL023,27/10/2025,6,APRESENTAÇÃO
APT008481,PRJ0120,ANL013,2026-03-31,7,Coleta
APT007968,PRJ0114,ANL023,2024-04-17,6,Reunião com cliente
APT000330,PRJ0006,ANL002,2025-06-04,7.5,Modelagem
APT001346,PRJ0015,ANL016,2025-12-04,6.5,Coleta
APT001234,PRJ0014,ANL014,2024-09-12,2,Coleta
APT009284,PRJ0133,ANL012,2026-05-07,6,Documentação
APT007017,PRJ0101,ANL018,2026-06-15,6,Reunião com cliente
APT003572,PRJ0044,ANL017,2025-06-06,6,ETL
APT003241,PRJ0041,ANL005,05/12/2025,6,Coleta
APT006260,PRJ0085,ANL006,2025-09-29,4,Documentação
APT003188,PRJ0040,ANL018,2025-07-21,3,ETL
APT001619,PRJ0020,ANL004,2024-03-25,7.5,Dashboard
APT002724,PRJ0034,ANL006,2024-03-29,4,Documentação
APT003217,PRJ0041,ANL017,2025-07-28,6,Testes
APT001455,PRJ0017,ANL016,29-jan-2025,4,Reunião com cliente
APT005959,PRJ0081,ANL017,2026-05-08,7,Modelagem
APT001245,PRJ0014,ANL008,11-nov-2024,4,Documentação
APT005890,PRJ0081,ANL017,2026-06-24,6,Modelagem
APT001238,PRJ0014,ANL008,26-jul-2024,6,Dashboard
APT003263,PRJ0041,ANL005,2025-06-02,7,Modelagem
APT002735,PRJ0034,ANL018,02/05/2024,4,ETL
APT003295,PRJ0042,ANL013,19/05/2025,"6,5",Dashboard
APT006197,PRJ0083,ANL009,2025-06-06,4.5,Apresentação
APT001860,PRJ0024,ANL017,27/10/2025,5,Documentação
APT003687,PRJ0047,ANL018,30/08/2024,6,Apresentação
APT007892,PRJ0113,ANL010,2024-05-20,8,Testes
APT006976,PRJ0099,ANL003,2025-05-06,4,TESTES
APT002347,PRJ0029,ANL019,2025-09-05,"7,5",Testes
APT003790,PRJ0048,ANL023,2024-12-27,2,Dashboard
APT005094,PRJ0070,ANL022,20/05/2025,7,Dashboard
APT003655,PRJ0046,ANL016,2024-02-12,8,ETL
APT001092,PRJ0012,ANL005,03/16/2026,2,Coleta
APT009267,PRJ0133,ANL012,04-mai-2026,6,ETL
APT002634,PRJ0034,ANL024,2024-05-27,3,Documentação
APT008857,PRJ0126,ANL005,2026-04-22,7,Apresentação
APT006829,PRJ0097,ANL006,2024-06-18,8,Apresentação
APT000594,PRJ0008,ANL023,01-mai-2026,3.5,Reunião com cliente
APT007208,PRJ0103,ANL023,20/01/2025,6,Apresentação
APT006075,PRJ0083,ANL015,30-jun-2025,7.5,Apresentação
APT004267,PRJ0056,ANL015,2025-03-17,3,Coleta
APT009662,PRJ0139,ANL005,2024-10-28,7,Reunião com cliente
APT004379,PRJ0057,ANL018,2026-03-19,4.5,Documentação
APT004355,PRJ0056,ANL003,2025-04-28,2.5,Apresentação
APT005092,PRJ0069,ANL018,2024-09-11,5,ETL
APT002782,PRJ0034,ANL018,2024-03-20,4,Apresentação
APT006085,PRJ0083,ANL003,2025-06-25,8,Coleta
APT007858,PRJ0112,ANL015,2025-07-28,4,ETL
APT002979,PRJ0036,ANL013,2026-06-12,6.5,Coleta
APT000140,PRJ0003,ANL009,09/16/2025,8,Testes
APT001664,PRJ0021,ANL002,11/11/2025,4,Reunião com cliente
APT006477,PRJ0089,ANL022,2024-08-12,7,Apresentação
APT000270,PRJ0005,ANL023,2025-01-20,3,Coleta
APT007474,PRJ0106,ANL003,19/05/2026,5,Testes
APT005337,PRJ0074,ANL022,2025-10-31,6,Coleta
APT006550,PRJ0091,ANL003,09/12/2025,8,ETL
APT002882,PRJ0036,ANL019,12/05/2026,7,ETL
APT003888,PRJ0050,ANL014,2025-10-01,4,Modelagem
APT003396,PRJ0042,ANL019,2025-05-01,5,Modelagem
APT007660,PRJ0109,ANL019,2026-06-09,8,Apresentação
APT009020,PRJ0129,ANL007,2026-01-13,2.5,Dashboard
APT005437,PRJ0077,ANL008,18/10/2024,4,Coleta
APT002801,PRJ0035,ANL022,2025-03-03,3,REUNIÃO COM CLIENTE
APT001403,PRJ0016,ANL004,2026-05-25,4,Documentação
APT007457,PRJ0106,ANL003,2026-06-08,3,Dashboard
APT008827,PRJ0126,ANL011,05/08/2026,5,Testes
APT002688,PRJ0034,ANL012,04/30/2024,8,Dashboard
APT003579,PRJ0045,ANL016,2025-03-05,4,Reunião com cliente
APT004587,PRJ0062,ANL005,2025-01-06,4,Apresentação
APT000299,PRJ0006,ANL008,28/02/2025,5,ETL
APT009184,PRJ0131,ANL009,02/28/2024,5.5,Modelagem
APT000967,PRJ0012,ANL011,2026-05-21,6,ETL
APT006401,PRJ0089,ANL022,2024-09-16,4,COLETA
APT008269,PRJ0119,ANL006,2024-05-14,"6,5",Testes
APT004465,PRJ0059,ANL002,04-abr-2025,4,Reunião com cliente
APT002322,PRJ0029,ANL013,01/09/2025,5,Reunião com cliente
APT006190,PRJ0083,ANL003,2025-07-21,7,Reunião com cliente
APT005886,PRJ0081,ANL011,15-abr-2026,3,Coleta
APT007643,PRJ0109,ANL019,04-mai-2026,3,Apresentação
APT001444,PRJ0017,ANL004,2025-02-21,4,Reunião com cliente
APT005678,PRJ0079,ANL024,2025-06-09,5,Dashboard
APT000874,PRJ0011,ANL002,09-set-2025,8,Testes
APT001278,PRJ0014,ANL014,2024-08-23,4,ETL
APT005707,PRJ0080,ANL021,2024-11-20,2,Coleta
APT001634,PRJ0021,ANL014,2025-10-09,4.5,Modelagem
APT006319,PRJ0086,ANL021,31/03/2026,"8,5",ETL
APT001938,PRJ0025,ANL010,14-abr-2025,3.5,Coleta
APT009761,PRJ0140,ANL018,2026-02-02,7,ETL
APT001462,PRJ0017,ANL022,13-jan-2025,3,ETL
APT007575,PRJ0106,ANL009,2026-05-04,6,ETL
APT002912,PRJ0036,ANL007,03/18/2026,6,Dashboard
APT006985,PRJ0100,ANL010,18-mai-2026,5,ETL
APT006533,PRJ0091,ANL021,2025-12-15,4,Testes
APT006201,PRJ0083,ANL003,18-ago-2025,6.5,REUNIÃO COM CLIENTE
APT007294,PRJ0104,ANL024,05/10/2024,4,Dashboard
APT007338,PRJ0105,ANL014,2025-11-17,8.5,ETL
APT005512,PRJ0078,ANL017,2025-10-08,6,ETL
APT000092,PRJ0003,ANL021,2025-10-13,2.5,Modelagem
APT009774,PRJ0140,ANL024,2025-09-29,6.5,ETL
APT009504,PRJ0136,ANL013,23/02/2026,3,Reunião com cliente
APT000680,PRJ0008,ANL017,2026-05-08,4,Testes
APT002166,PRJ0026,ANL015,2025-11-27,2,ETL
APT001098,PRJ0012,ANL017,27-abr-2026,6,Coleta
APT006081,PRJ0083,ANL009,28/07/2025,8,Dashboard
APT000743,PRJ0010,ANL019,2024-08-13,5,ETL
APT000879,PRJ0011,ANL020,2025-09-01,8.5,ETL
APT003233,PRJ0041,ANL023,09-abr-2025,8.5,Testes
APT005635,PRJ0079,ANL012,07/03/2025,4,Reunião com cliente
APT004935,PRJ0066,ANL015,12/23/2024,4,Documentação
APT005612,PRJ0079,ANL012,22/05/2025,4.5,Testes
APT009232,PRJ0132,ANL022,04-nov-2024,6,Reunião com cliente
APT008018,PRJ0115,ANL011,2024-04-08,4,Apresentação
APT000749,PRJ0010,ANL001,07/11/2024,7,Testes
APT009247,PRJ0133,ANL012,05/04/2026,2,Documentação
APT002350,PRJ0029,ANL019,09/07/2025,4,Testes
APT006529,PRJ0091,ANL009,15/12/2025,2,Reunião com cliente
APT004529,PRJ0061,ANL012,04/28/2025,5.5,Reunião com cliente
APT005164,PRJ0070,ANL010,17/07/2025,4,Coleta
APT008387,PRJ0120,ANL007,2026-06-11,6.5,Modelagem
APT009125,PRJ0130,ANL001,2025-05-16,6.5,ETL
APT003165,PRJ0039,ANL001,2024-12-09,4.5,Documentação
APT001882,PRJ0024,ANL005,20-out-2025,8,Apresentação
APT000555,PRJ0007,ANL004,2024-08-16,4.5,Documentação
APT009098,PRJ0130,ANL001,28/04/2025,6.5,Coleta
APT002593,PRJ0033,ANL008,2024-01-26,6,Dashboard
APT005992,PRJ0082,ANL016,07/15/2025,4,Modelagem
APT009540,PRJ0136,ANL007,07-mai-2026,4.5,Testes
APT008809,PRJ0125,ANL021,2025-04-07,6,Dashboard
APT001468,PRJ0017,ANL010,10/01/2025,5,Testes
APT008556,PRJ0121,ANL003,2026-05-07,2,Testes
APT004152,PRJ0053,ANL020,2026-04-01,2,Apresentação
APT002246,PRJ0028,ANL016,17-out-2024,7,Apresentação
APT008152,PRJ0118,ANL020,2025-12-22,7,Modelagem
APT000086,PRJ0003,ANL009,2025-07-16,5,Testes
APT006429,PRJ0089,ANL010,2024-08-02,4,Coleta
APT006353,PRJ0086,ANL009,2026-05-08,6,ETL
APT005077,PRJ0069,ANL006,2024-09-19,"6,5",Coleta
APT008155,PRJ0118,ANL014,01/19/2026,8,Dashboard
APT003321,PRJ0042,ANL007,2025-03-27,6,Reunião com cliente
APT002191,PRJ0026,ANL003,07/17/2025,6,Testes
APT004847,PRJ0064,ANL002,2026-02-23,5,Documentação
APT003681,PRJ0047,ANL024,19-ago-2024,2,Modelagem
APT001586,PRJ0019,ANL010,2024-12-16,4,ETL
APT005980,PRJ0082,ANL022,2025-07-11,7,Apresentação
APT001395,PRJ0016,ANL004,2026-06-12,5.5,Documentação
APT002398,PRJ0029,ANL013,2025-07-16,6,Dashboard
APT001276,PRJ0014,ANL002,2024-07-25,3,APRESENTAÇÃO
APT000192,PRJ0004,ANL011,2024-04-24,6,Documentação
APT005564,PRJ0078,ANL011,08-out-2025,2,Reunião com cliente
APT000762,PRJ0010,ANL013,09-set-2024,6,Dashboard
APT007156,PRJ0102,ANL013,2025-02-17,7,Apresentação
APT008122,PRJ0118,ANL002,2026-02-13,4,Apresentação
APT006305,PRJ0086,ANL003,25/03/2026,3,Coleta
APT004166,PRJ0055,ANL008,2024-10-14,6,Documentação
APT007544,PRJ0106,ANL015,23/06/2026,3,Apresentação
APT001075,PRJ0012,ANL023,2026-06-15,"7,5",Reunião com cliente
APT008076,PRJ0116,ANL013,07/05/2025,6,DASHBOARD
APT009307,PRJ0133,ANL006,2026-06-01,4,ETL
APT004510,PRJ0060,ANL018,2025-05-12,5,Apresentação
APT000470,PRJ0007,ANL022,2024-09-11,4,ETL
APT003557,PRJ0044,ANL017,2025-05-26,7.5,Apresentação
APT008826,PRJ0126,ANL011,06-abr-2026,2,APRESENTAÇÃO
APT003774,PRJ0047,ANL006,2024-10-14,6,Coleta
APT000319,PRJ0006,ANL008,2025-03-19,"6,5",Coleta
APT000165,PRJ0004,ANL005,2024-04-08,2,Documentação
APT000308,PRJ0006,ANL008,03/11/2025,3,Dashboard
APT001006,PRJ0012,ANL017,02/04/2026,6,Modelagem
APT007065,PRJ0101,ANL006,2026-05-21,6,Documentação
APT002841,PRJ0036,ANL001,16-mar-2026,7.5,Coleta
APT005528,PRJ0078,ANL005,24/06/2025,2.5,Dashboard
APT009417,PRJ0135,ANL008,2024-03-07,4,Testes
APT008075,PRJ0116,ANL019,2025-05-29,8,Coleta
APT008199,PRJ0119,ANL024,2024-04-09,5.5,Modelagem
APT008091,PRJ0117,ANL015,25-jul-2025,6.5,Coleta
APT003167,PRJ0039,ANL019,2025-01-20,2,Dashboard
APT002981,PRJ0036,ANL013,08-jun-2026,3,Modelagem
APT005563,PRJ0078,ANL017,09/06/2025,3,Documentação
APT003231,PRJ0041,ANL005,2025-04-21,3,Coleta
APT002861,PRJ0036,ANL019,23/06/2026,3,Modelagem
APT002925,PRJ0036,ANL001,11-mar-2026,2,Apresentação
APT005268,PRJ0072,ANL012,2025-10-15,8,Dashboard
APT000195,PRJ0004,ANL011,03-abr-2024,4,Testes
APT006378,PRJ0088,ANL001,2025-09-29,6,Modelagem
APT005429,PRJ0077,ANL002,2024-10-31,7,Dashboard
APT008783,PRJ0124,ANL016,15/10/2024,3,Dashboard
APT000195,PRJ0004,ANL011,03-abr-2024,4,Testes
APT004036,PRJ0052,ANL022,2026-04-24,4,Documentação
APT009565,PRJ0137,ANL007,2025-06-26,2,Documentação
APT005713,PRJ0080,ANL009,2024-10-21,6,Coleta
APT000228,PRJ0005,ANL011,2024-12-19,5,Modelagem
APT002972,PRJ0036,ANL019,2026-06-16,3.5,Modelagem
APT009457,PRJ0136,ANL007,03/09/2026,"6,5",Reunião com cliente
APT004249,PRJ0055,ANL008,09/25/2024,4,Documentação
APT008149,PRJ0118,ANL002,2025-10-07,4,Modelagem
APT002522,PRJ0032,ANL024,2026-04-30,7,ETL
APT006346,PRJ0086,ANL009,2026-03-13,6,Documentação
APT008240,PRJ0119,ANL024,2024-04-26,6,Coleta
APT004538,PRJ0062,ANL005,2024-12-03,3,Testes
APT009544,PRJ0136,ANL001,2026-04-06,2,Dashboard
APT003081,PRJ0039,ANL001,2025-02-03,6.5,Modelagem
APT005530,PRJ0078,ANL017,06/23/2025,8,Apresentação
APT007910,PRJ0113,ANL022,06/10/2024,2.5,Testes
APT007382,PRJ0106,ANL021,2026-05-04,8,Testes
APT004165,PRJ0054,ANL004,10/22/2025,"6,5",Apresentação
APT004962,PRJ0066,ANL015,23-out-2024,7,Testes
APT008250,PRJ0119,ANL012,2024-01-29,3,Testes
APT000271,PRJ0005,ANL023,30/12/2024,"6,5",Coleta
APT009022,PRJ0129,ANL019,22-dez-2025,4,Reunião com cliente
APT003760,PRJ0047,ANL006,2024-11-29,4.5,Apresentação
APT005765,PRJ0081,ANL023,2026-04-13,6,Reunião com cliente
APT003047,PRJ0038,ANL002,2024-06-28,2,Apresentação
APT007386,PRJ0106,ANL003,2026-06-11,3.5,Reunião com cliente
APT005374,PRJ0076,ANL003,20/05/2024,3,ETL
APT002541,PRJ0032,ANL024,05/25/2026,2,Coleta
APT002551,PRJ0032,ANL018,2026-04-16,8,DOCUMENTAÇÃO
APT007919,PRJ0113,ANL004,2024-05-10,6,Apresentação
APT003323,PRJ0042,ANL001,04/06/2025,6,Dashboard
APT005456,PRJ0078,ANL017,2025-10-21,6,Testes
APT003753,PRJ0047,ANL024,2024-12-09,6,Modelagem
APT007033,PRJ0101,ANL024,20/05/2026,6,Testes
APT002842,PRJ0036,ANL001,06/26/2026,4,Coleta
APT006520,PRJ0090,ANL011,2024-11-11,4,ETL
APT003275,PRJ0042,ANL007,21-jul-2025,4,Reunião com cliente
APT007881,PRJ0113,ANL010,29-mai-2024,4,Documentação
APT006488,PRJ0089,ANL010,23-set-2024,8.5,Coleta
APT005557,PRJ0078,ANL005,07-out-2025,"6,5",Testes
APT002712,PRJ0034,ANL018,2024-03-28,6,Documentação
APT000890,PRJ0011,ANL020,2025-08-25,4,Dashboard
APT009760,PRJ0140,ANL018,2025-11-06,5.5,ETL
APT007535,PRJ0106,ANL015,2026-04-20,4.5,Testes
APT008476,PRJ0120,ANL001,29-abr-2026,3.5,TESTES
APT001649,PRJ0021,ANL008,2025-11-10,5.5,ETL
APT000376,PRJ0006,ANL008,26/05/2025,7,MODELAGEM
APT001844,PRJ0024,ANL005,2025-08-25,3.5,ETL
APT000947,PRJ0012,ANL011,2026-04-08,5,Modelagem
APT006891,PRJ0098,ANL018,2025-08-18,5,Apresentação
APT007711,PRJ0109,ANL013,2026-06-04,5,ETL
APT005284,PRJ0072,ANL006,20-out-2025,3.5,ETL
APT008370,PRJ0120,ANL019,22/05/2026,8,Modelagem
APT000535,PRJ0007,ANL022,2024-10-09,"4,5",Coleta
APT003830,PRJ0048,ANL005,2024-12-09,3.5,Coleta
APT003961,PRJ0051,ANL023,16-dez-2024,2,Dashboard
APT004275,PRJ0056,ANL003,12/02/2025,6.5,Documentação
APT004481,PRJ0059,ANL008,2025-04-28,8,Testes
APT007701,PRJ0109,ANL019,2026-05-18,8.5,MODELAGEM
APT002954,PRJ0036,ANL013,05/25/2026,4,Coleta
APT007213,PRJ0103,ANL011,2025-05-02,4,ETL
APT008001,PRJ0115,ANL023,05/27/2024,7,MODELAGEM
APT004661,PRJ0063,ANL001,19-mai-2026,2,Documentação
APT003983,PRJ0051,ANL017,11/18/2024,7,Coleta
APT006325,PRJ0086,ANL003,2026-04-14,6,Modelagem
APT001396,PRJ0016,ANL004,2026-05-21,4,Modelagem
APT001821,PRJ0024,ANL017,2025-09-18,3,Testes
APT002589,PRJ0032,ANL012,16-mar-2026,4,Coleta
APT004187,PRJ0055,ANL002,2024-08-21,4,Apresentação
APT007265,PRJ0103,ANL011,05-mai-2025,4,Reunião com cliente
APT005353,PRJ0075,ANL002,01/09/2025,7,Reunião com cliente
APT005814,PRJ0081,ANL011,2026-06-03,6.5,Documentação
APT002827,PRJ0036,ANL001,08-abr-2026,4,Apresentação
APT001503,PRJ0017,ANL010,04/03/2025,5,Coleta
APT001250,PRJ0014,ANL002,2024-10-11,5.5,Dashboard
APT000935,PRJ0012,ANL011,2026-06-08,4,Coleta
APT004042,PRJ0052,ANL022,2026-03-02,8,Apresentação
APT006343,PRJ0086,ANL015,2026-05-18,2,Reunião com cliente
APT003072,PRJ0039,ANL001,09-dez-2024,6,Documentação
APT000504,PRJ0007,ANL010,12/05/2024,7.5,Dashboard
APT005793,PRJ0081,ANL023,2026-05-26,6.5,Apresentação
APT009257,PRJ0133,ANL018,2026-05-21,8,ETL
APT007756,PRJ0109,ANL013,05/11/2026,4,ETL
APT004456,PRJ0059,ANL008,2025-02-17,8.5,Apresentação
APT001849,PRJ0024,ANL005,2025-08-18,5,ETL
APT001684,PRJ0022,ANL015,2026-03-19,7.5,Documentação
APT000826,PRJ0010,ANL001,07/29/2024,6.5,APRESENTAÇÃO
APT004553,PRJ0062,ANL017,2024-11-25,2,Dashboard
APT000617,PRJ0008,ANL017,2026-04-06,8,Apresentação
APT004983,PRJ0067,ANL007,06-jun-2024,6.5,Coleta
APT002914,PRJ0036,ANL007,2026-04-30,2,ETL
APT003094,PRJ0039,ANL013,02/05/2025,4,ETL
APT005901,PRJ0081,ANL023,05/13/2026,2.5,DOCUMENTAÇÃO
APT005066,PRJ0069,ANL018,27/09/2024,7.5,Coleta
APT005045,PRJ0069,ANL024,03/10/2024,8,Testes
APT003019,PRJ0037,ANL004,2025-04-07,6,Reunião com cliente
APT007181,PRJ0103,ANL011,28-abr-2025,8,Coleta
APT009177,PRJ0131,ANL003,02/15/2024,6.5,Testes
APT001940,PRJ0025,ANL022,2025-03-10,3,Apresentação
APT006148,PRJ0083,ANL009,2025-06-13,5,ETL
APT005553,PRJ0078,ANL011,2025-10-13,7,Documentação
APT002579,PRJ0032,ANL018,2026-05-25,8,Coleta
APT007436,PRJ0106,ANL021,2026-04-20,6,Apresentação
APT009777,PRJ0140,ANL006,26/08/2025,7,ETL
APT007878,PRJ0113,ANL022,2024-05-17,5,Dashboard
APT005756,PRJ0081,ANL005,2026-04-13,7,Modelagem
APT009225,PRJ0132,ANL016,31-out-2024,3,Reunião com cliente
APT003693,PRJ0047,ANL018,2024-09-02,7,Reunião com cliente
APT008642,PRJ0122,ANL021,2025-11-19,5,Documentação
APT000297,PRJ0005,ANL011,2024-12-27,6,Documentação
APT009652,PRJ0139,ANL023,30-set-2024,3.5,Coleta
APT009347,PRJ0134,ANL021,2026-02-23,5,Reunião com cliente
APT009792,PRJ0140,ANL012,21-nov-2025,6,Reunião com cliente
APT006694,PRJ0094,ANL010,2025-09-24,4.5,Documentação
APT008851,PRJ0126,ANL017,2026-06-01,3,REUNIÃO COM CLIENTE
APT005529,PRJ0078,ANL017,18-jul-2025,6.5,Dashboard
APT006776,PRJ0096,ANL009,05/06/2026,6,DOCUMENTAÇÃO
APT001190,PRJ0014,ANL020,09/25/2024,8.5,ETL
APT000799,PRJ0010,ANL019,2024-07-26,"4,5",Testes
APT004577,PRJ0062,ANL011,01-jan-2025,6.5,Documentação
APT005496,PRJ0078,ANL005,2025-08-12,3,Documentação
APT000781,PRJ0010,ANL019,2024-10-16,6,Testes
APT004619,PRJ0063,ANL013,25-mai-2026,6,Coleta
APT002232,PRJ0027,ANL013,21-out-2024,4.5,Dashboard
APT000426,PRJ0007,ANL016,16-set-2024,4.5,DOCUMENTAÇÃO
APT002329,PRJ0029,ANL013,02/06/2025,2,Reunião com cliente
APT006002,PRJ0082,ANL016,2025-04-07,6,Modelagem
APT005348,PRJ0075,ANL020,09/01/2025,6.5,Coleta
APT005736,PRJ0081,ANL011,2026-04-17,8.5,Reunião com cliente
APT007987,PRJ0115,ANL011,07/09/2024,"2,5",Apresentação
APT006594,PRJ0093,ANL020,09/16/2024,3,Documentação
APT009568,PRJ0137,ANL001,30-jun-2025,6,Dashboard
APT004928,PRJ0066,ANL015,10/28/2024,3,Documentação
APT006853,PRJ0098,ANL024,08/25/2025,7,Dashboard
APT006981,PRJ0099,ANL003,2025-06-17,3.5,Testes
APT005513,PRJ0078,ANL005,2025-06-17,4,Reunião com cliente
APT008137,PRJ0118,ANL020,2025-11-25,6,ETL
APT001077,PRJ0012,ANL005,01-jun-2026,6,Documentação
APT002005,PRJ0026,ANL021,2026-01-15,6,Testes
APT001378,PRJ0016,ANL010,15-jun-2026,8,Apresentação
APT007496,PRJ0106,ANL003,27-abr-2026,4,Testes
APT007083,PRJ0101,ANL006,07-mai-2026,2,Documentação
APT003600,PRJ0045,ANL022,2025-03-03,6.5,Testes
APT008868,PRJ0126,ANL005,18-mai-2026,6,Dashboard
APT003374,PRJ0042,ANL013,09/19/2025,3,Dashboard
APT002871,PRJ0036,ANL001,2026-05-19,3,Documentação
APT009622,PRJ0139,ANL011,2024-09-23,2,Documentação
APT005646,PRJ0079,ANL024,2025-07-21,8,Coleta
APT004039,PRJ0052,ANL016,03/02/2026,8,Dashboard
APT004617,PRJ0063,ANL001,2026-06-03,7,Testes
APT002097,PRJ0026,ANL021,2025-12-08,5.5,Reunião com cliente
APT007964,PRJ0114,ANL023,10/05/2024,4.5,Apresentação
APT000013,PRJ0001,ANL016,22-abr-2024,"7,5",Apresentação
APT001911,PRJ0025,ANL016,01/15/2025,6,Documentação
APT000190,PRJ0004,ANL017,2024-03-26,4,Testes
APT004139,PRJ0053,ANL008,2026-02-12,2.5,Documentação
APT003201,PRJ0041,ANL017,2025-07-22,5,COLETA
APT009410,PRJ0135,ANL014,2024-03-13,6.5,Dashboard
APT002262,PRJ0029,ANL019,2025-07-23,2.5,Testes
APT008926,PRJ0127,ANL012,2025-10-20,5,TESTES
APT004607,PRJ0062,ANL005,2024-12-03,6.5,Dashboard
APT000394,PRJ0006,ANL020,2025-04-10,6,Reunião com cliente
APT000660,PRJ0008,ANL011,2026-03-16,2,Reunião com cliente
APT004054,PRJ0052,ANL022,2026-04-20,2,Dashboard
APT008238,PRJ0119,ANL006,20-mai-2024,4,Testes
APT007591,PRJ0106,ANL003,2026-05-20,5,Documentação
APT009135,PRJ0130,ANL013,06/24/2025,8,Apresentação
APT006869,PRJ0098,ANL012,2025-09-10,5,Modelagem
APT005666,PRJ0079,ANL018,2025-07-16,6,Dashboard
APT007600,PRJ0107,ANL017,18/04/2025,3,Coleta
APT000796,PRJ0010,ANL007,10/10/2024,3,Apresentação
APT008860,PRJ0126,ANL017,08/05/2026,8,Testes
APT001550,PRJ0019,ANL016,2025-01-27,2.5,Coleta
APT000259,PRJ0005,ANL017,12/30/2024,"7,5",Testes
APT009796,PRJ0140,ANL012,2025-12-30,3,Coleta
APT006080,PRJ0083,ANL015,2025-10-17,2,ETL
APT002134,PRJ0026,ANL015,20-ago-2025,5,Documentação
APT003897,PRJ0050,ANL002,15/09/2025,4,Dashboard
APT001491,PRJ0017,ANL016,12/30/2024,2,Documentação
APT007368,PRJ0106,ANL015,2026-05-07,7,Apresentação
APT001700,PRJ0022,ANL021,06-mar-2026,3,Testes
APT009740,PRJ0140,ANL006,2025-10-10,5,Documentação
APT007702,PRJ0109,ANL019,2026-06-08,4,Reunião com cliente
APT003566,PRJ0044,ANL005,2025-06-04,3,Modelagem
APT007417,PRJ0106,ANL015,2026-06-11,3,Testes
APT007166,PRJ0102,ANL001,20/01/2025,3,Modelagem
APT004871,PRJ0065,ANL004,19-fev-2026,3,Documentação
APT001412,PRJ0016,ANL022,29/05/2026,3,Apresentação
APT000454,PRJ0007,ANL004,24-set-2024,8,Dashboard
APT000618,PRJ0008,ANL005,2026-04-27,8,Modelagem
APT002305,PRJ0029,ANL001,2025-08-08,7,Coleta
APT009087,PRJ0130,ANL019,2025-05-09,2,Apresentação
APT001552,PRJ0019,ANL004,27/12/2024,6,Dashboard
APT006696,PRJ0094,ANL010,2025-09-15,2,Documentação
APT000970,PRJ0012,ANL023,2026-04-20,6,Testes
APT008695,PRJ0122,ANL009,2025-07-25,2,ETL
APT003823,PRJ0048,ANL005,2024-12-18,4,Modelagem
APT005518,PRJ0078,ANL005,2025-10-13,6.5,Reunião com cliente
APT006962,PRJ0099,ANL009,2025-07-01,2,ETL
APT004532,PRJ0061,ANL006,2025-05-16,4,Apresentação
APT002086,PRJ0026,ANL015,11/03/2025,7,Testes
APT003182,PRJ0040,ANL006,2025-08-11,5,Testes
APT005195,PRJ0070,ANL010,2025-08-11,3,Documentação
APT002812,PRJ0035,ANL022,19/03/2025,4,Apresentação
APT000792,PRJ0010,ANL001,2024-07-15,7,Reunião com cliente
APT007370,PRJ0106,ANL021,15-jun-2026,2.5,ETL
APT007694,PRJ0109,ANL007,2026-05-11,8,Coleta
APT003612,PRJ0046,ANL022,03/11/2024,7,Reunião com cliente
APT006022,PRJ0082,ANL022,2025-06-23,6,Reunião com cliente
APT007998,PRJ0115,ANL005,2024-06-27,6,Apresentação
APT007739,PRJ0109,ANL019,2026-05-28,6,Testes
APT003443,PRJ0042,ANL013,19-ago-2025,7,Modelagem
APT003895,PRJ0050,ANL002,2025-10-01,"8,5",Dashboard
APT000728,PRJ0009,ANL023,11/17/2025,6.5,Coleta
APT001699,PRJ0022,ANL021,16/03/2026,6,Reunião com cliente
APT003483,PRJ0042,ANL019,2025-04-14,4,Testes
APT001327,PRJ0015,ANL010,2025-11-05,2,Testes
APT004374,PRJ0057,ANL018,04-mai-2026,6.5,Modelagem
APT007843,PRJ0112,ANL003,2025-08-18,"2,5",Apresentação
APT002856,PRJ0036,ANL013,06/16/2026,6,Dashboard
APT001209,PRJ0014,ANL002,19/06/2024,7.5,Documentação
APT001654,PRJ0021,ANL014,2025-12-01,7.5,Documentação
APT001394,PRJ0016,ANL022,2026-06-15,3,Dashboard
APT005554,PRJ0078,ANL011,2025-10-20,6,Modelagem
APT003114,PRJ0039,ANL007,23-dez-2024,2.5,ETL
APT000464,PRJ0007,ANL010,2024-11-22,2.5,Dashboard
APT004206,PRJ0055,ANL008,25-jun-2024,7,Documentação
APT000902,PRJ0012,ANL011,27-abr-2026,4,Reunião com cliente
APT001525,PRJ0018,ANL011,22-set-2025,"7,5",Reunião com cliente
APT004930,PRJ0066,ANL021,2024-12-03,6,ETL
APT002943,PRJ0036,ANL013,2026-05-25,8.5,Reunião com cliente
APT003159,PRJ0039,ANL007,2025-01-31,4,Testes
APT005556,PRJ0078,ANL011,26/06/2025,4,ETL
APT002231,PRJ0027,ANL019,07/10/2024,5,Testes
APT006257,PRJ0084,ANL017,25-ago-2025,8,Coleta
APT001857,PRJ0024,ANL005,2025-09-26,3,Documentação
APT006416,PRJ0089,ANL016,2024-09-03,4.5,Dashboard
APT009243,PRJ0133,ANL012,2026-05-11,3,ETL
APT005533,PRJ0078,ANL017,2025-09-18,3,Dashboard
APT006444,PRJ0089,ANL022,2024-06-21,4,Coleta
APT004780,PRJ0064,ANL020,23-fev-2026,4,Coleta
APT001635,PRJ0021,ANL008,2025-11-05,4,Dashboard
APT004706,PRJ0063,ANL007,2026-06-04,5,Dashboard
APT004241,PRJ0055,ANL002,17-jun-2024,4.5,Reunião com cliente
APT004870,PRJ0065,ANL022,24/02/2026,4,Reunião com cliente
APT008364,PRJ0120,ANL007,24-abr-2026,4,Documentação
APT006464,PRJ0089,ANL004,2024-09-02,5,Apresentação
APT006547,PRJ0091,ANL021,2025-12-15,3,Apresentação
APT002802,PRJ0035,ANL010,2025-03-24,8,Modelagem
APT003759,PRJ0047,ANL012,10/25/2024,6,Documentação
APT006640,PRJ0093,ANL002,2024-10-25,6.5,Reunião com cliente
APT000098,PRJ0003,ANL021,07/14/2025,4,Dashboard
APT009272,PRJ0133,ANL012,2026-05-18,4,Testes
APT006490,PRJ0089,ANL016,2024-07-16,4,Modelagem
APT000236,PRJ0005,ANL017,03/02/2025,5,ETL
APT006384,PRJ0088,ANL007,10/16/2025,6.5,Coleta
APT009511,PRJ0136,ANL019,02/02/2026,2,Documentação
APT006374,PRJ0087,ANL006,2025-11-20,6,Documentação
APT005181,PRJ0070,ANL010,2025-03-18,3.5,Coleta
APT007262,PRJ0103,ANL023,2025-04-14,2,Documentação
APT003173,PRJ0039,ANL013,2025-02-17,6.5,Testes
APT002647,PRJ0034,ANL024,2024-06-20,"4,5",Dashboard
APT000829,PRJ0010,ANL001,2024-08-19,"5,5",ETL
APT000876,PRJ0011,ANL008,2025-08-21,2.5,DASHBOARD
APT009397,PRJ0135,ANL020,2024-03-25,3,Documentação
APT004818,PRJ0064,ANL020,2026-04-10,6,ETL
APT009156,PRJ0131,ANL015,04/05/2024,3,ETL
APT004828,PRJ0064,ANL002,13/04/2026,4,Testes
APT004045,PRJ0052,ANL010,09-mar-2026,8,Modelagem
APT004726,PRJ0063,ANL007,2026-06-22,3.5,APRESENTAÇÃO
APT005979,PRJ0082,ANL010,2025-07-09,4,Dashboard
APT000337,PRJ0006,ANL002,2025-06-10,7,Modelagem
APT000023,PRJ0001,ANL016,2024-03-21,2,Apresentação
APT003614,PRJ0046,ANL004,2024-01-23,8,Dashboard
APT003463,PRJ0042,ANL013,08/09/2025,3,Testes
APT007532,PRJ0106,ANL003,06/10/2026,6.5,Coleta
APT001854,PRJ0024,ANL017,04-set-2025,5,Dashboard
APT007170,PRJ0102,ANL007,2025-02-26,3,Testes
APT006493,PRJ0089,ANL022,2024-07-01,4,Dashboard
APT004269,PRJ0056,ANL021,28-mar-2025,4,Apresentação
APT001065,PRJ0012,ANL017,2026-04-22,3.5,ETL
APT004967,PRJ0066,ANL021,2024-11-11,8,Modelagem
APT004474,PRJ0059,ANL008,2025-02-17,8.5,ETL
APT004909,PRJ0065,ANL016,2026-01-29,4,Coleta
APT009239,PRJ0133,ANL018,21-abr-2026,5.5,Documentação
APT009010,PRJ0129,ANL019,2026-01-19,6,Reunião com cliente
APT008093,PRJ0117,ANL021,2025-07-31,5,Testes
APT004413,PRJ0058,ANL001,2024-04-03,4,Dashboard
APT008049,PRJ0115,ANL017,07-jun-2024,6,Testes
APT000521,PRJ0007,ANL010,2025-01-07,6.5,ETL
APT000836,PRJ0010,ANL019,2024-10-17,8,Apresentação
APT003676,PRJ0046,ANL016,2024-02-19,7.5,REUNIÃO COM CLIENTE
APT003432,PRJ0042,ANL001,2025-05-12,4.5,ETL
APT004975,PRJ0066,ANL003,26/11/2024,6,Modelagem
APT002069,PRJ0026,ANL015,2025-12-15,5,ETL
APT001376,PRJ0016,ANL022,2026-06-08,3,APRESENTAÇÃO
APT001407,PRJ0016,ANL004,06/08/2026,4,Dashboard
APT001707,PRJ0022,ANL009,25-fev-2026,5.5,Modelagem
APT006934,PRJ0099,ANL015,2025-06-24,3,Coleta
APT000711,PRJ0008,ANL023,2026-03-10,2,Modelagem
APT004265,PRJ0056,ANL021,2025-03-31,2,Modelagem
APT003778,PRJ0047,ANL006,20/09/2024,4,Apresentação
APT005694,PRJ0080,ANL009,2024-11-14,5,Testes
APT005835,PRJ0081,ANL017,2026-06-19,4,Apresentação
APT003437,PRJ0042,ANL019,06/12/2025,4,Dashboard
APT001477,PRJ0017,ANL010,03/06/2025,4,Reunião com cliente
APT004461,PRJ0059,ANL002,2025-02-06,4,Modelagem
APT007336,PRJ0105,ANL008,11/25/2025,4,Documentação
APT005128,PRJ0070,ANL004,2025-06-09,6,Coleta
APT001404,PRJ0016,ANL022,2026-05-18,4.5,Modelagem
APT008413,PRJ0120,ANL001,08-jun-2026,3,ETL
APT009494,PRJ0136,ANL007,2026-05-25,6,Documentação
APT008977,PRJ0129,ANL007,2025-12-19,5,Reunião com cliente
APT006267,PRJ0085,ANL018,2025-10-06,4,ETL
APT001199,PRJ0014,ANL008,2024-11-04,4,ETL
APT004654,PRJ0063,ANL019,19-mai-2026,4,Apresentação
APT000844,PRJ0010,ANL007,2024-09-09,4,Testes
APT000400,PRJ0006,ANL002,2025-03-31,7.5,Testes
APT007433,PRJ0106,ANL021,11-mai-2026,6,ETL
APT000350,PRJ0006,ANL002,05/14/2025,8.5,Coleta
APT002682,PRJ0034,ANL012,2024-03-29,5,Reunião com cliente
APT001833,PRJ0024,ANL017,19-nov-2025,2,Documentação
APT003569,PRJ0044,ANL023,09-jun-2025,2,Coleta
APT001916,PRJ0025,ANL022,15/01/2025,8,Apresentação
APT003586,PRJ0045,ANL016,2025-03-21,7.5,Modelagem
APT003874,PRJ0049,ANL024,2026-02-26,6,Modelagem
APT000479,PRJ0007,ANL004,2024-11-12,5.5,Modelagem
APT003021,PRJ0037,ANL010,2025-05-05,6,Documentação
APT008424,PRJ0120,ANL001,2026-04-06,2,Apresentação
APT001073,PRJ0012,ANL023,2026-03-11,5.5,Reunião com cliente
APT006056,PRJ0082,ANL004,2025-06-20,5,Coleta
APT005367,PRJ0075,ANL014,22/08/2025,2.5,Reunião com cliente
APT004478,PRJ0059,ANL020,07/04/2025,8,ETL
APT005036,PRJ0069,ANL006,2024-11-11,8.5,ETL
APT000075,PRJ0003,ANL015,09/07/2025,4.5,Testes
APT008976,PRJ0129,ANL001,2026-01-14,2,ETL
APT005733,PRJ0081,ANL005,05/29/2026,7,Apresentação
APT002628,PRJ0034,ANL024,2024-02-27,4,Reunião com cliente
APT007100,PRJ0101,ANL024,2026-04-29,2,Dashboard
APT005952,PRJ0081,ANL023,2026-05-28,2,Modelagem
APT006054,PRJ0082,ANL022,06-jun-2025,5,Testes
APT005861,PRJ0081,ANL017,2026-06-10,6,Coleta
APT007497,PRJ0106,ANL003,06/22/2026,6.5,Testes
APT004364,PRJ0057,ANL006,2026-05-04,2,Documentação
APT001244,PRJ0014,ANL008,16/09/2024,6.5,Coleta
APT002922,PRJ0036,ANL007,2026-03-09,4.5,Reunião com cliente
APT003982,PRJ0051,ANL005,23-dez-2024,2,Testes
APT003296,PRJ0042,ANL001,19-jun-2025,4.5,Testes
APT006756,PRJ0095,ANL008,2025-03-04,6.5,Testes
APT006783,PRJ0096,ANL021,05/04/2026,4.5,Modelagem
APT003748,PRJ0047,ANL006,2024-10-09,3.5,Coleta
APT005107,PRJ0070,ANL004,2025-07-28,8,Modelagem
APT001779,PRJ0023,ANL023,2026-02-02,6,Testes
APT007276,PRJ0104,ANL012,2024-05-21,4,MODELAGEM
APT002017,PRJ0026,ANL021,2026-01-12,4,Modelagem
APT009279,PRJ0133,ANL006,2026-06-12,7,Coleta
APT003449,PRJ0042,ANL019,01/08/2025,6,Testes
APT008360,PRJ0120,ANL007,2026-05-11,4,Apresentação
APT001186,PRJ0014,ANL014,2024-10-21,6,Apresentação
APT006032,PRJ0082,ANL016,26/03/2025,2,Coleta
APT004734,PRJ0063,ANL013,2026-06-01,7,Dashboard
APT007175,PRJ0102,ANL007,01/13/2025,5,Apresentação
APT007632,PRJ0109,ANL019,2026-05-05,8,Dashboard
APT004570,PRJ0062,ANL023,20-jan-2025,6,ETL
APT002487,PRJ0032,ANL024,2026-03-11,6,Modelagem
APT006043,PRJ0082,ANL004,2025-06-25,6,Apresentação
APT007963,PRJ0114,ANL023,2024-04-25,4,Coleta
APT005690,PRJ0080,ANL015,14-nov-2024,7,Testes
APT002168,PRJ0026,ANL015,29/09/2025,4.5,Dashboard
APT005019,PRJ0068,ANL023,03/12/2025,8,Modelagem
APT000147,PRJ0003,ANL009,08/11/2025,6.5,Reunião com cliente
APT009637,PRJ0139,ANL017,14/10/2024,2,Reunião com cliente
APT009408,PRJ0135,ANL020,02/27/2024,4.5,Testes
APT006556,PRJ0092,ANL013,2024-08-14,6,Modelagem
APT006794,PRJ0096,ANL021,2026-05-20,5,Apresentação
APT002891,PRJ0036,ANL001,04/23/2026,3,Apresentação
APT003609,PRJ0046,ANL016,2024-02-02,4,ETL
APT005435,PRJ0077,ANL020,2024-10-28,5,Reunião com cliente
APT004657,PRJ0063,ANL013,2026-06-08,2,Documentação
APT005380,PRJ0076,ANL015,2024-06-07,3,Documentação
APT002103,PRJ0026,ANL021,2025-11-25,7,Testes
APT008148,PRJ0118,ANL002,12/08/2025,4,Testes
APT001505,PRJ0017,ANL016,01/24/2025,4,ETL
APT000758,PRJ0010,ANL013,2024-09-09,7,Documentação
APT004072,PRJ0052,ANL004,23/03/2026,5,Dashboard
APT005940,PRJ0081,ANL017,2026-04-02,4,Documentação
APT007057,PRJ0101,ANL006,2026-04-16,5,Dashboard
APT003636,PRJ0046,ANL016,2024-03-25,8,Documentação
APT008677,PRJ0122,ANL015,2025-10-23,4,Testes
APT007322,PRJ0104,ANL024,06/03/2024,3,Documentação
APT005240,PRJ0071,ANL017,2025-02-17,4,Dashboard
APT000501,PRJ0007,ANL004,2024-09-16,4,MODELAGEM
APT000160,PRJ0004,ANL017,15-abr-2024,7,Coleta
APT006614,PRJ0093,ANL014,17-set-2024,4,Testes
APT003837,PRJ0049,ANL012,2026-02-09,3,Apresentação
APT006848,PRJ0098,ANL006,2025-09-15,4,Coleta
APT002157,PRJ0026,ANL003,2025-12-03,3,Apresentação
APT001039,PRJ0012,ANL005,2026-05-14,4,Testes
APT007286,PRJ0104,ANL018,13-mai-2024,8.5,Apresentação
APT009489,PRJ0136,ANL013,2026-01-26,4,Modelagem
APT004120,PRJ0053,ANL002,2026-03-09,4.5,Apresentação
APT007893,PRJ0113,ANL010,2024-06-03,2,Apresentação
APT000242,PRJ0005,ANL023,2025-01-06,6,Documentação
APT000782,PRJ0010,ANL013,16/09/2024,7.5,Dashboard
APT007316,PRJ0104,ANL024,2024-06-03,5,ETL
APT007670,PRJ0109,ANL001,21/05/2026,4,Modelagem
APT006369,PRJ0087,ANL024,19-nov-2025,4,Testes
APT003796,PRJ0048,ANL005,2024-12-17,3.5,Modelagem
APT004963,PRJ0066,ANL009,11/14/2024,"3,5",ETL
APT007783,PRJ0110,ANL002,15-jan-2025,"7,5",Coleta
APT000953,PRJ0012,ANL011,2026-05-11,2,Reunião com cliente
APT005530,PRJ0078,ANL017,06/23/2025,8,Apresentação
APT000934,PRJ0012,ANL011,2026-04-16,4,Documentação
APT002748,PRJ0034,ANL012,2024-05-23,6,Apresentação
APT002680,PRJ0034,ANL024,20-jun-2024,3.5,Apresentação
APT005877,PRJ0081,ANL017,2026-04-10,8,Modelagem
APT007107,PRJ0101,ANL018,2026-06-11,5,ETL
APT004808,PRJ0064,ANL008,15-abr-2026,7,Apresentação
APT003472,PRJ0042,ANL013,06/27/2025,3.5,ETL
APT004221,PRJ0055,ANL008,07/22/2024,6,Dashboard
APT008406,PRJ0120,ANL019,17-abr-2026,4.5,Apresentação
APT006168,PRJ0083,ANL003,2025-07-28,8.5,Modelagem
APT000188,PRJ0004,ANL017,15-abr-2024,3,Coleta
APT004346,PRJ0056,ANL003,04-mar-2025,5,Apresentação
APT000327,PRJ0006,ANL020,09/07/2025,7,ETL
APT005817,PRJ0081,ANL023,04/08/2026,4.5,Coleta
APT000663,PRJ0008,ANL023,09/04/2026,8,Modelagem
APT008992,PRJ0129,ANL013,2025-12-19,8,Testes
APT001441,PRJ0017,ANL016,03-fev-2025,5,Dashboard
APT001953,PRJ0025,ANL010,03/03/2025,6,ETL
APT008409,PRJ0120,ANL001,2026-05-27,5,Apresentação
APT008520,PRJ0121,ANL009,2026-04-24,7,Apresentação
APT006860,PRJ0098,ANL018,10/01/2025,4.5,Modelagem
APT001018,PRJ0012,ANL005,2026-06-01,6,Apresentação
APT008118,PRJ0118,ANL002,07/10/2025,2,ETL
APT003362,PRJ0042,ANL001,2025-05-26,7,Testes
APT001211,PRJ0014,ANL008,09/09/2024,2,ETL
APT006670,PRJ0093,ANL020,23-out-2024,3,ETL
APT007303,PRJ0104,ANL018,2024-05-20,5,Reunião com cliente
APT003787,PRJ0048,ANL005,12/17/2024,8,Documentação
APT007938,PRJ0114,ANL005,05/02/2024,5,Coleta
APT002014,PRJ0026,ANL003,22/08/2025,8,Apresentação
APT004955,PRJ0066,ANL003,19-dez-2024,4,ETL
APT008833,PRJ0126,ANL023,11-mar-2026,7,Apresentação
APT008009,PRJ0115,ANL005,2024-04-08,4,Modelagem
APT005791,PRJ0081,ANL017,2026-05-27,"4,5",Coleta
APT002985,PRJ0037,ANL022,2025-04-14,4,Testes
APT009405,PRJ0135,ANL008,2024-03-04,2.5,Dashboard
APT008226,PRJ0119,ANL012,2024-05-31,7,COLETA
APT006403,PRJ0089,ANL004,17/06/2024,6,Apresentação
APT002928,PRJ0036,ANL007,2026-06-04,7.5,Testes
APT009507,PRJ0136,ANL013,2026-01-20,5,Modelagem
APT005949,PRJ0081,ANL005,03-abr-2026,8,Dashboard
APT007829,PRJ0111,ANL017,2026-04-24,3,Apresentação
APT007724,PRJ0109,ANL007,2026-05-14,6,Documentação
APT001763,PRJ0023,ANL023,25-fev-2026,5.5,ETL
APT002689,PRJ0034,ANL018,2024-01-25,6,Dashboard
APT008661,PRJ0122,ANL015,2025-09-04,8,Modelagem
APT000209,PRJ0005,ANL023,18-dez-2024,4,Coleta
APT009060,PRJ0130,ANL019,2025-05-08,3,Modelagem
APT002671,PRJ0034,ANL006,2024-05-09,6,Modelagem
APT006687,PRJ0094,ANL022,2025-09-11,6,Apresentação
APT004774,PRJ0064,ANL020,05/20/2026,8.5,Reunião com cliente
APT006042,PRJ0082,ANL022,2025-06-03,6,Documentação
APT003079,PRJ0039,ANL019,13-dez-2024,5,Modelagem
APT004422,PRJ0058,ANL001,11/03/2024,7,Documentação
APT009117,PRJ0130,ANL001,2025-05-09,5.5,Documentação
APT009018,PRJ0129,ANL013,2026-01-19,8.5,Coleta
APT000904,PRJ0012,ANL023,2026-03-18,6,Modelagem
APT003666,PRJ0046,ANL010,15/01/2024,2,Testes
APT008504,PRJ0121,ANL021,26-mar-2026,7,Coleta
APT000494,PRJ0007,ANL016,2024-11-18,4.5,Documentação
APT000945,PRJ0012,ANL011,03/16/2026,7,Reunião com cliente
APT005946,PRJ0081,ANL017,2026-05-18,8,Coleta
APT000169,PRJ0004,ANL023,2024-03-20,"4,5",Testes
APT002279,PRJ0029,ANL007,2025-07-02,4,Modelagem
APT003528,PRJ0042,ANL013,08/13/2025,5,Documentação
APT000222,PRJ0005,ANL005,23/12/2024,4.5,Coleta
APT008762,PRJ0123,ANL002,26/06/2025,3,Apresentação
APT009435,PRJ0136,ANL019,01-mai-2026,2,Documentação
APT002843,PRJ0036,ANL019,2026-05-18,3,ETL
APT005585,PRJ0079,ANL012,03-jun-2025,6,Testes
APT007082,PRJ0101,ANL012,08/06/2026,3,Testes
APT006655,PRJ0093,ANL014,06/09/2024,"3,5",Dashboard
APT004771,PRJ0064,ANL014,2026-03-27,8,Apresentação
APT002360,PRJ0029,ANL007,2025-06-16,6,Modelagem
APT004894,PRJ0065,ANL010,2026-02-04,3.5,Testes
APT003190,PRJ0040,ANL006,18/07/2025,8,Apresentação
APT006258,PRJ0084,ANL011,09/04/2025,4.5,Coleta
APT006106,PRJ0083,ANL009,2025-06-09,4,Dashboard
APT003257,PRJ0041,ANL023,2025-05-29,3.5,Coleta
APT009515,PRJ0136,ANL007,2026-01-26,8,Modelagem
APT001562,PRJ0019,ANL016,2025-01-27,4,Testes
APT006363,PRJ0086,ANL021,04/24/2026,8,Apresentação
APT001770,PRJ0023,ANL011,23-fev-2026,6.5,Reunião com cliente
APT000766,PRJ0010,ANL001,2024-08-16,6,Testes
APT004310,PRJ0056,ANL021,01/04/2025,6,Apresentação
APT005726,PRJ0081,ANL005,06/26/2026,8,MODELAGEM
APT003412,PRJ0042,ANL013,2025-05-09,-4.0,Coleta
APT004550,PRJ0062,ANL005,12/26/2024,8,Coleta
APT000275,PRJ0005,ANL005,2025-02-17,7,Reunião com cliente
APT000570,PRJ0008,ANL023,2026-03-09,6,Modelagem
APT000383,PRJ0006,ANL008,24/03/2025,8,Testes
APT008665,PRJ0122,ANL009,30-jul-2025,3,Dashboard
APT000405,PRJ0006,ANL008,07-jul-2025,7.5,ETL
APT007868,PRJ0113,ANL010,04/29/2024,4,Apresentação
APT002324,PRJ0029,ANL007,10/13/2025,7,Coleta
APT005426,PRJ0077,ANL008,2024-11-07,4,DASHBOARD
APT007967,PRJ0114,ANL005,2024-04-19,6,Apresentação
APT005810,PRJ0081,ANL011,04/23/2026,3,ETL
APT003008,PRJ0037,ANL022,27/03/2025,8,Testes
APT002210,PRJ0027,ANL001,10/10/2024,2,Dashboard
APT001750,PRJ0023,ANL017,01/15/2026,3,ETL
APT000335,PRJ0006,ANL014,01-abr-2025,5.5,Reunião com cliente
APT003283,PRJ0042,ANL001,06/13/2025,"4,5",Coleta
APT006015,PRJ0082,ANL016,2025-07-04,2,Modelagem
APT002335,PRJ0029,ANL001,2025-06-19,"3,5",Modelagem
APT002838,PRJ0036,ANL019,2026-05-04,4,Documentação
APT007952,PRJ0114,ANL005,05/06/2024,4,Dashboard
APT004725,PRJ0063,ANL007,05/13/2026,3,Apresentação
APT000533,PRJ0007,ANL004,2025-01-10,4,ETL
APT002669,PRJ0034,ANL024,2024-03-26,6,Apresentação
APT002707,PRJ0034,ANL012,11/04/2024,7,ETL
APT004101,PRJ0053,ANL014,10-fev-2026,8,COLETA
APT005362,PRJ0075,ANL014,08/14/2025,3.5,Apresentação
APT000988,PRJ0012,ANL017,2026-04-13,4,ETL
APT004105,PRJ0053,ANL008,2026-03-16,6,Coleta
APT007463,PRJ0106,ANL015,2026-06-19,3,Testes
APT000658,PRJ0008,ANL023,05/18/2026,7,Coleta
APT002575,PRJ0032,ANL024,02-fev-2026,4,Testes
APT008971,PRJ0128,ANL017,2026-06-02,4,Testes
APT002846,PRJ0036,ANL001,2026-06-15,3.5,Dashboard
APT003150,PRJ0039,ANL013,01/30/2025,2,Reunião com cliente
APT006719,PRJ0095,ANL020,30-jan-2025,6,Apresentação
APT001927,PRJ0025,ANL004,2025-03-17,6,Apresentação
APT008658,PRJ0122,ANL015,06-out-2025,5,Documentação
APT004527,PRJ0061,ANL006,26/05/2025,6.5,Modelagem
APT001485,PRJ0017,ANL004,2025-03-10,2,Reunião com cliente
APT006920,PRJ0098,ANL018,2025-08-18,4,Coleta
APT002032,PRJ0026,ANL003,2025-11-12,6,Modelagem
APT006905,PRJ0098,ANL018,2025-10-01,6.5,Dashboard
APT008021,PRJ0115,ANL011,08-abr-2024,6,Modelagem
APT008332,PRJ0120,ANL013,2026-04-27,7,Testes
APT005030,PRJ0068,ANL005,2025-03-03,2.5,Apresentação
APT000476,PRJ0007,ANL016,12/02/2024,4,DASHBOARD
APT008249,PRJ0119,ANL012,2024-05-08,4,Modelagem
APT000006,PRJ0001,ANL016,18-abr-2024,7,Modelagem
APT008562,PRJ0121,ANL015,2026-03-30,7,Testes
APT004588,PRJ0062,ANL005,2024-12-27,4,ETL
APT008928,PRJ0127,ANL012,2025-12-08,7,Reunião com cliente
APT005923,PRJ0081,ANL023,2026-04-03,5,Reunião com cliente
APT000723,PRJ0009,ANL017,2025-10-13,4,ETL
APT001828,PRJ0024,ANL023,2025-11-11,5.5,Reunião com cliente
APT002283,PRJ0029,ANL019,2025-08-11,6,Reunião com cliente
APT007278,PRJ0104,ANL024,23/04/2024,8,Modelagem
APT002503,PRJ0032,ANL018,2026-03-23,3,Apresentação
APT003466,PRJ0042,ANL007,2025-04-25,8,Coleta
APT009311,PRJ0133,ANL006,2026-05-13,3.5,Testes
APT007211,PRJ0103,ANL011,2025-03-25,8.5,Coleta
APT008030,PRJ0115,ANL017,2024-04-24,5,Apresentação
APT001682,PRJ0022,ANL009,2026-02-19,7,Documentação
APT004562,PRJ0062,ANL023,03/02/2025,3,Apresentação
APT000964,PRJ0012,ANL005,24/04/2026,6,Apresentação
APT002751,PRJ0034,ANL006,04/01/2024,6,REUNIÃO COM CLIENTE
APT002665,PRJ0034,ANL012,03/04/2024,6,Apresentação
APT007490,PRJ0106,ANL009,06/09/2026,2,Coleta
APT001212,PRJ0014,ANL020,2024-11-12,7,ETL
APT008337,PRJ0120,ANL019,06/01/2026,2,Coleta
APT004886,PRJ0065,ANL010,02/02/2026,4,Apresentação
APT006473,PRJ0089,ANL004,02/09/2024,4,Documentação
APT004098,PRJ0053,ANL014,2026-03-10,6,Reunião com cliente
APT008925,PRJ0127,ANL018,10/02/2025,4.5,Coleta
APT000921,PRJ0012,ANL011,2026-04-28,7,Apresentação
APT004731,PRJ0063,ANL001,08-jun-2026,3.5,Documentação
APT001195,PRJ0014,ANL014,11/09/2024,4,Dashboard
APT008782,PRJ0124,ANL004,2024-10-18,2,Coleta
APT005968,PRJ0081,ANL023,2026-06-08,4,Modelagem
APT004842,PRJ0064,ANL008,27/04/2026,6,Coleta
APT004446,PRJ0059,ANL014,2025-05-09,6,Modelagem
APT006677,PRJ0093,ANL008,14-out-2024,8,Documentação
APT000463,PRJ0007,ANL022,2025-01-15,3,Testes
APT005930,PRJ0081,ANL005,2026-05-14,8,ETL
APT007560,PRJ0106,ANL015,05/01/2026,4,ETL
APT005179,PRJ0070,ANL022,06-ago-2025,"6,5",Dashboard
APT005719,PRJ0080,ANL003,10/15/2024,6,Apresentação
APT004501,PRJ0060,ANL018,05/05/2025,"8,5",REUNIÃO COM CLIENTE
APT008083,PRJ0117,ANL009,29/07/2025,8,Reunião com cliente
APT003555,PRJ0044,ANL023,09-jun-2025,2,Modelagem
APT008019,PRJ0115,ANL023,2024-05-31,4,Dashboard
APT002626,PRJ0034,ANL006,2024-05-13,8,MODELAGEM
APT003055,PRJ0039,ANL007,2025-01-07,"5,5",Coleta
APT006856,PRJ0098,ANL012,2025-09-30,3,Dashboard
APT005410,PRJ0077,ANL020,02-jan-2025,6.5,ETL
APT000091,PRJ0003,ANL009,07/16/2025,4,Apresentação
APT002177,PRJ0026,ANL021,07/15/2025,6.5,ETL
APT001655,PRJ0021,ANL020,2025-12-24,3.5,Dashboard
APT006191,PRJ0083,ANL021,2025-11-10,8,Apresentação
APT008119,PRJ0118,ANL014,29-dez-2025,7,Apresentação
APT000938,PRJ0012,ANL017,03/05/2026,4,Reunião com cliente
APT005773,PRJ0081,ANL017,02/06/2026,6,Coleta
APT002862,PRJ0036,ANL013,28-mai-2026,7,Dashboard
APT001825,PRJ0024,ANL017,20/10/2025,6,Reunião com cliente
APT005355,PRJ0075,ANL020,09/02/2025,3.5,Reunião com cliente
APT001794,PRJ0024,ANL017,2025-11-03,2,Testes
APT001546,PRJ0019,ANL010,24-jan-2025,8.5,ETL
APT003003,PRJ0037,ANL010,06/23/2025,8,Dashboard
APT001903,PRJ0025,ANL022,14-abr-2025,"4,5",Testes
APT004544,PRJ0062,ANL005,2025-02-18,8,Coleta
APT007834,PRJ0112,ANL003,2025-07-04,4,Documentação
APT006721,PRJ0095,ANL020,2025-04-03,"5,5",Documentação
APT007461,PRJ0106,ANL003,13-abr-2026,4,Testes
APT005121,PRJ0070,ANL004,2025-03-05,7.5,ETL
APT000423,PRJ0007,ANL004,2025-02-06,4,Testes
APT009788,PRJ0140,ANL018,2025-09-01,4,Reunião com cliente
APT003599,PRJ0045,ANL004,2025-02-25,6,Documentação
APT002475,PRJ0032,ANL024,2026-04-20,4,Dashboard
APT000670,PRJ0008,ANL017,26/02/2026,4,Apresentação
APT003973,PRJ0051,ANL023,2024-12-23,"6,5",ETL
APT002655,PRJ0034,ANL012,2024-02-01,2,Testes
APT007155,PRJ0102,ANL007,2025-01-17,2.5,Documentação
APT009339,PRJ0134,ANL009,2026-01-06,3.5,ETL
APT004621,PRJ0063,ANL007,2026-05-25,"7,5",Testes
APT008611,PRJ0122,ANL015,2025-12-02,8,Testes
APT006778,PRJ0096,ANL021,2026-03-19,7,Coleta
APT004017,PRJ0051,ANL023,26-nov-2024,3,Documentação
APT006892,PRJ0098,ANL012,2025-09-23,4.5,Dashboard
APT003618,PRJ0046,ANL016,02-fev-2024,3,Coleta
APT005776,PRJ0081,ANL017,2026-05-04,6,MODELAGEM
APT001879,PRJ0024,ANL017,2025-10-06,4,Reunião com cliente
APT002205,PRJ0027,ANL007,09/25/2024,6.5,Apresentação
APT007726,PRJ0109,ANL013,20/04/2026,6,MODELAGEM
APT004270,PRJ0056,ANL003,02/12/2025,6.5,Documentação
APT006247,PRJ0084,ANL005,2025-09-11,"5,5",Documentação
APT004147,PRJ0053,ANL002,2026-03-13,"6,5",ETL
APT003491,PRJ0042,ANL013,28/07/2025,6,Apresentação
APT002590,PRJ0032,ANL012,05/11/2026,6,ETL
APT001196,PRJ0014,ANL002,12-ago-2024,7,Reunião com cliente
APT009616,PRJ0139,ANL017,05/11/2024,3,Dashboard
APT000176,PRJ0004,ANL011,2024-04-03,5,DOCUMENTAÇÃO
APT002818,PRJ0035,ANL016,2025-03-26,3.5,Dashboard
APT001031,PRJ0012,ANL017,2026-05-22,4,ETL
APT009143,PRJ0130,ANL013,2025-04-22,5,Apresentação
APT002033,PRJ0026,ANL003,2025-10-30,8.5,Modelagem
APT004001,PRJ0051,ANL017,2024-12-02,4,REUNIÃO COM CLIENTE
APT004103,PRJ0053,ANL020,2026-03-11,6.5,Coleta
APT005705,PRJ0080,ANL009,11/15/2024,7,Dashboard
APT005243,PRJ0071,ANL005,02/13/2025,6.5,Apresentação
APT009079,PRJ0130,ANL019,07/01/2025,8,Apresentação
APT000512,PRJ0007,ANL022,2024-11-18,6,Modelagem
APT003058,PRJ0039,ANL001,08-nov-2024,7,Dashboard
APT009559,PRJ0137,ANL013,2025-06-26,4,ETL
APT003622,PRJ0046,ANL022,2024-03-18,6,Testes
APT008838,PRJ0126,ANL005,2026-02-09,6,Apresentação
APT006770,PRJ0095,ANL002,2025-04-07,8,Documentação
APT002300,PRJ0029,ANL013,2025-11-06,3,Testes
APT002374,PRJ0029,ANL013,2025-08-25,5,Coleta
APT003742,PRJ0047,ANL006,2024-09-23,6,ETL
APT009542,PRJ0136,ANL001,2026-05-20,5,Dashboard
APT000373,PRJ0006,ANL014,2025-03-31,"3,5",Modelagem
APT004767,PRJ0064,ANL002,05/20/2026,4.5,Coleta
APT008715,PRJ0122,ANL009,09/23/2025,7.5,Modelagem
APT006994,PRJ0100,ANL010,2026-05-15,5.5,Apresentação
APT005800,PRJ0081,ANL017,2026-05-04,8,Apresentação
APT005311,PRJ0073,ANL021,04/03/2025,4,Dashboard
APT007996,PRJ0115,ANL005,2024-04-18,5.5,Testes
APT002934,PRJ0036,ANL001,2026-06-22,2,Testes
APT006959,PRJ0099,ANL003,2025-05-29,7,Modelagem
APT008675,PRJ0122,ANL003,2025-08-06,2,Reunião com cliente
APT004435,PRJ0059,ANL002,2025-02-04,4,ETL
APT000410,PRJ0006,ANL020,2025-07-03,2,Testes
APT008321,PRJ0120,ANL013,24/04/2026,7,Coleta
APT003025,PRJ0037,ANL004,2025-04-28,"5,5",Modelagem
APT004179,PRJ0055,ANL014,06/17/2024,4.5,Modelagem
APT004148,PRJ0053,ANL008,2026-03-03,2,Reunião com cliente
APT005503,PRJ0078,ANL011,2025-07-15,2,Reunião com cliente
APT003124,PRJ0039,ANL007,2024-12-02,7,Dashboard
APT004638,PRJ0063,ANL001,2026-05-19,2,Testes
APT001216,PRJ0014,ANL020,04/11/2024,2,Testes
APT002686,PRJ0034,ANL006,26/01/2024,8,Apresentação
APT004441,PRJ0059,ANL020,2025-05-12,2,Documentação
APT003112,PRJ0039,ANL013,2025-02-03,2,Modelagem
APT005594,PRJ0079,ANL024,2025-05-19,6,Apresentação
APT002844,PRJ0036,ANL007,2026-05-11,4,Testes
APT000867,PRJ0011,ANL020,28-ago-2025,4,Apresentação
APT004020,PRJ0051,ANL023,2024-11-21,6,Reunião com cliente
APT006734,PRJ0095,ANL002,02/13/2025,6.5,Modelagem
APT007071,PRJ0101,ANL018,2026-04-27,4,Reunião com cliente
APT005790,PRJ0081,ANL023,2026-04-22,3,ETL
APT005345,PRJ0074,ANL010,2025-11-03,6,Coleta
APT005691,PRJ0080,ANL009,11/25/2024,6,Documentação
APT000264,PRJ0005,ANL017,12/02/2025,2,Modelagem
APT008946,PRJ0128,ANL005,04/06/2026,5,Coleta
APT005334,PRJ0074,ANL010,10/29/2025,2.5,Reunião com cliente
APT000037,PRJ0001,ANL010,2024-04-05,8,Reunião com cliente
APT004788,PRJ0064,ANL002,05/25/2026,2,Modelagem
APT002455,PRJ0032,ANL006,19/05/2026,8,Dashboard
APT001399,PRJ0016,ANL004,03-jun-2026,"6,5",Reunião com cliente
APT001460,PRJ0017,ANL010,2024-12-30,2,Testes
APT006274,PRJ0085,ANL018,2025-10-02,7,Coleta
APT005238,PRJ0071,ANL023,2025-02-26,5,Testes
APT005524,PRJ0078,ANL011,2025-09-30,5,Dashboard
APT004750,PRJ0064,ANL008,2026-05-18,7.5,Coleta
APT005501,PRJ0078,ANL023,27-jun-2025,6,TESTES
APT004950,PRJ0066,ANL021,2024-11-01,3,Coleta
APT002728,PRJ0034,ANL024,10/06/2024,4,Dashboard
APT002029,PRJ0026,ANL021,03-out-2025,"4,5",Coleta
APT004305,PRJ0056,ANL003,02/26/2025,8,Dashboard
APT007640,PRJ0109,ANL007,2026-04-16,4.5,Documentação
APT003798,PRJ0048,ANL023,2024-12-09,5,Coleta
APT002959,PRJ0036,ANL019,25/03/2026,"8,5",Testes
APT007874,PRJ0113,ANL004,15-mai-2024,8.5,Reunião com cliente
APT009373,PRJ0135,ANL020,03/07/2024,"6,5",Dashboard
APT001388,PRJ0016,ANL004,2026-05-20,6.5,Reunião com cliente
APT008927,PRJ0127,ANL018,2025-09-22,4,Reunião com cliente
APT009266,PRJ0133,ANL024,06/05/2026,5,Documentação
APT000187,PRJ0004,ANL023,22/04/2024,6,Dashboard
APT007646,PRJ0109,ANL001,2026-05-05,8,Apresentação
APT002582,PRJ0032,ANL018,18-mai-2026,4,Documentação
APT004699,PRJ0063,ANL007,2026-05-29,7,Dashboard
APT000093,PRJ0003,ANL009,2025-08-04,4,Documentação
APT001071,PRJ0012,ANL005,04/13/2026,6,Dashboard
APT006597,PRJ0093,ANL008,2024-09-12,2.5,Dashboard
APT001285,PRJ0014,ANL020,2024-07-18,7,Dashboard
APT000407,PRJ0006,ANL020,2025-03-10,8,Testes
APT009757,PRJ0140,ANL024,15-jan-2026,7,Coleta
APT000672,PRJ0008,ANL017,05/18/2026,5,Coleta
APT006141,PRJ0083,ANL021,2025-11-13,8,ETL
APT002124,PRJ0026,ANL003,2026-01-23,4.5,Documentação
APT005627,PRJ0079,ANL024,15-mai-2025,3.5,Dashboard
APT009628,PRJ0139,ANL005,2024-11-28,7.5,ETL
APT006101,PRJ0083,ANL009,2025-08-18,3,TESTES
APT009508,PRJ0136,ANL007,2026-05-18,7,Documentação
APT004664,PRJ0063,ANL019,2026-05-15,3.5,Apresentação
APT007512,PRJ0106,ANL009,2026-06-08,7,Coleta
APT005376,PRJ0076,ANL003,05/20/2024,4,MODELAGEM
APT002920,PRJ0036,ANL013,2026-03-09,4.5,Coleta
APT006590,PRJ0093,ANL020,2024-09-16,6.5,Coleta
APT000295,PRJ0005,ANL023,2024-12-25,4,Coleta
APT006792,PRJ0096,ANL021,2026-04-27,2,ETL
APT007348,PRJ0105,ANL020,03/12/2025,8,Documentação
APT008464,PRJ0120,ANL013,2026-04-28,7.5,ETL
APT006788,PRJ0096,ANL003,19/05/2026,6,Reunião com cliente
APT000036,PRJ0001,ANL010,2024-05-01,5.5,Dashboard
APT008536,PRJ0121,ANL015,2026-05-29,2,Reunião com cliente
APT007722,PRJ0109,ANL007,2026-06-02,4,Reunião com cliente
APT006877,PRJ0098,ANL024,2025-08-25,"6,5",Apresentação
APT001439,PRJ0017,ANL022,2025-01-30,8.5,Modelagem
APT005866,PRJ0081,ANL005,06/22/2026,6,Apresentação
APT006217,PRJ0084,ANL005,2025-08-11,7,Documentação
APT000421,PRJ0007,ANL022,2025-01-28,8,Coleta
APT001094,PRJ0012,ANL005,2026-04-13,6,Reunião com cliente
APT004502,PRJ0060,ANL012,2025-05-12,6,Reunião com cliente
APT003482,PRJ0042,ANL019,2025-05-06,6.5,Dashboard
APT002644,PRJ0034,ANL012,13/05/2024,6.5,Testes
APT005177,PRJ0070,ANL016,2025-04-29,5.5,Documentação
APT001948,PRJ0025,ANL010,2025-01-13,5,ETL
APT006068,PRJ0083,ANL009,28-nov-2025,4,Reunião com cliente
APT001409,PRJ0016,ANL016,2026-05-18,7.5,Apresentação
APT002855,PRJ0036,ANL019,01-jun-2026,5,Coleta
APT006914,PRJ0098,ANL006,29/09/2025,6,Documentação
APT005555,PRJ0078,ANL005,2025-10-06,6.5,Reunião com cliente
APT001060,PRJ0012,ANL023,2026-06-02,6.5,Apresentação
APT009007,PRJ0129,ANL019,04/12/2025,3,Dashboard
APT004244,PRJ0055,ANL008,2024-07-26,2.5,Coleta
APT002309,PRJ0029,ANL013,29-set-2025,8,Coleta
APT005455,PRJ0078,ANL023,2025-08-07,8,Apresentação
APT006235,PRJ0084,ANL011,28/08/2025,7,Apresentação
APT004489,PRJ0059,ANL014,2025-02-17,6,Documentação
APT004969,PRJ0066,ANL015,23-out-2024,"6,5",Dashboard
APT002123,PRJ0026,ANL021,2026-01-05,8,ETL
APT001024,PRJ0012,ANL017,2026-02-11,6,ETL
APT005500,PRJ0078,ANL011,16/06/2025,8.5,Testes
APT003675,PRJ0046,ANL016,02/15/2024,7,Apresentação
APT001599,PRJ0020,ANL016,2024-03-14,8,Modelagem
APT007323,PRJ0104,ANL012,2024-05-07,5,Modelagem
APT009614,PRJ0139,ANL023,2024-12-03,6,ETL
APT001534,PRJ0018,ANL023,2025-09-10,4,Documentação
APT008071,PRJ0116,ANL019,05/12/2025,"4,5",Modelagem
APT006980,PRJ0099,ANL021,2025-05-06,7,ETL
APT009426,PRJ0136,ANL019,2026-04-06,4,DOCUMENTAÇÃO
APT000005,PRJ0001,ANL022,02/05/2024,2,Testes
APT008310,PRJ0120,ANL001,2026-05-20,2,Reunião com cliente
APT001458,PRJ0017,ANL016,2025-02-14,7,Coleta
APT006755,PRJ0095,ANL002,03/11/2025,5,Coleta
APT003506,PRJ0042,ANL013,26-mai-2025,3,Documentação
APT000227,PRJ0005,ANL011,2025-02-03,6,Reunião com cliente
APT005740,PRJ0081,ANL005,06/01/2026,3.5,Documentação
APT002640,PRJ0034,ANL012,2024-06-12,4,Apresentação
APT009481,PRJ0136,ANL007,2026-02-17,6,ETL
APT004455,PRJ0059,ANL020,2025-03-31,5,Coleta
APT001117,PRJ0013,ANL005,2024-12-18,3,Dashboard
APT009698,PRJ0140,ANL024,2025-10-07,5,Dashboard
APT002162,PRJ0026,ANL021,16-jul-2025,4,Modelagem
APT009052,PRJ0130,ANL019,2025-06-16,4.5,Testes
APT003956,PRJ0051,ANL011,2024-12-16,6,Coleta
APT003683,PRJ0047,ANL012,2024-09-10,7.5,Testes
APT007443,PRJ0106,ANL015,2026-04-08,4.5,Documentação
APT008441,PRJ0120,ANL007,25-mai-2026,5,Documentação
APT006278,PRJ0086,ANL009,09-mar-2026,8,Modelagem
APT005462,PRJ0078,ANL017,2025-07-29,6.5,Coleta
APT005997,PRJ0082,ANL010,06/06/2025,5,ETL
APT008874,PRJ0126,ANL011,25/03/2026,4.5,Apresentação
APT002276,PRJ0029,ANL007,2025-10-06,5,TESTES
APT005798,PRJ0081,ANL017,2026-05-11,3,Testes
APT004405,PRJ0058,ANL019,2024-03-18,7,Apresentação
APT008092,PRJ0117,ANL003,07/30/2025,3,Documentação
APT005925,PRJ0081,ANL023,2026-05-04,8.5,Reunião com cliente
APT005443,PRJ0077,ANL020,2024-12-11,4,Dashboard
APT000001,PRJ0001,ANL004,2024-04-24,2,COLETA
APT006867,PRJ0098,ANL018,08/18/2025,2,Reunião com cliente
APT001447,PRJ0017,ANL004,27/12/2024,"5,5",Testes
APT001778,PRJ0023,ANL017,01/13/2026,3.5,Coleta
APT002866,PRJ0036,ANL007,2026-06-08,8,Reunião com cliente
APT001496,PRJ0017,ANL010,24/01/2025,7,Coleta
APT008087,PRJ0117,ANL009,2025-07-31,4,Reunião com cliente
APT003168,PRJ0039,ANL019,2024-12-16,6,Modelagem
APT006317,PRJ0086,ANL009,2026-04-10,6,Coleta
APT008859,PRJ0126,ANL017,2026-02-27,4,Documentação
APT003754,PRJ0047,ANL018,2024-09-02,5,Apresentação
APT002820,PRJ0035,ANL022,03-mar-2025,8,Reunião com cliente
APT000029,PRJ0001,ANL022,2024-04-29,4,Modelagem
APT000639,PRJ0008,ANL011,2026-05-04,2,Dashboard
APT002203,PRJ0027,ANL007,23/09/2024,2,Testes
APT002238,PRJ0028,ANL022,15/10/2024,7,Reunião com cliente
APT006009,PRJ0082,ANL010,2025-04-28,6.5,Dashboard
APT002558,PRJ0032,ANL018,2026-04-06,6.5,Apresentação
APT005073,PRJ0069,ANL024,09/09/2024,5,Documentação
APT005990,PRJ0082,ANL022,08/07/2025,8,Testes
APT005172,PRJ0070,ANL016,03-jul-2025,6,Modelagem
APT008674,PRJ0122,ANL021,2025-09-03,6,Reunião com cliente
APT009139,PRJ0130,ANL019,2025-06-18,"6,5",Documentação
APT006647,PRJ0093,ANL014,2024-10-10,7,Reunião com cliente
APT002274,PRJ0029,ANL019,14-out-2025,5,Testes
APT006600,PRJ0093,ANL002,22-out-2024,5,Coleta
APT006978,PRJ0099,ANL003,27-jun-2025,2,Modelagem
APT003907,PRJ0050,ANL020,2025-09-15,7,Coleta
APT006365,PRJ0087,ANL018,2025-11-11,8,ETL
APT004436,PRJ0059,ANL014,26/03/2025,8,ETL
APT007656,PRJ0109,ANL001,02/06/2026,4,Dashboard
APT007489,PRJ0106,ANL015,08-jun-2026,4,Apresentação
APT001118,PRJ0013,ANL023,02/12/2024,4,Apresentação
APT006125,PRJ0083,ANL021,06/24/2025,8,Testes
APT007555,PRJ0106,ANL009,2026-04-06,7,Reunião com cliente
APT007233,PRJ0103,ANL005,2025-05-01,8,Dashboard
APT007676,PRJ0109,ANL013,2026-05-25,5,APRESENTAÇÃO
APT002789,PRJ0034,ANL006,2024-02-23,4,Dashboard
APT001299,PRJ0014,ANL014,2024-10-02,4.5,Modelagem
APT004911,PRJ0065,ANL004,2026-03-10,6,Modelagem
APT004736,PRJ0063,ANL007,2026-05-21,6.5,ETL
APT003218,PRJ0041,ANL017,07/04/2025,8,ETL
APT001760,PRJ0023,ANL011,2026-03-05,4,Modelagem
APT004557,PRJ0062,ANL011,02/14/2025,7,Modelagem
APT009459,PRJ0136,ANL013,2026-04-20,4,Reunião com cliente
APT001639,PRJ0021,ANL002,2025-11-10,4,Apresentação
APT008023,PRJ0115,ANL023,2024-06-26,8,Modelagem
APT004914,PRJ0066,ANL003,10/23/2024,2,Dashboard
APT009733,PRJ0140,ANL018,2025-09-05,"6,5",Modelagem
APT001132,PRJ0013,ANL005,11/11/2024,5,Documentação
APT001140,PRJ0013,ANL011,20-nov-2024,4.5,ETL
APT009252,PRJ0133,ANL018,12/05/2026,2.5,Apresentação
APT005658,PRJ0079,ANL006,2025-06-25,4,Dashboard
APT001160,PRJ0013,ANL023,04/12/2024,6,Reunião com cliente
APT001890,PRJ0024,ANL011,10/06/2025,3,Coleta
APT003598,PRJ0045,ANL004,02/26/2025,4,Modelagem
APT003881,PRJ0049,ANL024,2026-02-02,2,Testes
APT003534,PRJ0042,ANL001,07-jul-2025,4,Reunião com cliente
APT004286,PRJ0056,ANL015,2025-04-14,6,Coleta
APT009636,PRJ0139,ANL005,2024-12-16,4,Modelagem
APT000033,PRJ0001,ANL004,15/04/2024,8.5,Modelagem
APT007450,PRJ0106,ANL003,2026-04-15,5.5,ETL
APT007244,PRJ0103,ANL005,23-jan-2025,4,Dashboard
APT003076,PRJ0039,ANL001,2024-12-17,2,COLETA
APT009749,PRJ0140,ANL024,09/09/2025,7.5,Modelagem
APT007805,PRJ0111,ANL023,04/21/2026,6.5,Apresentação
APT000793,PRJ0010,ANL019,2024-10-21,2,ETL
APT006625,PRJ0093,ANL020,2024-11-18,3,Documentação
APT008697,PRJ0122,ANL003,2025-07-24,6,Coleta
APT005207,PRJ0070,ANL010,20-jun-2025,5,Documentação
APT002339,PRJ0029,ANL013,2025-05-27,7.5,Testes
APT007315,PRJ0104,ANL018,04/24/2024,4,Reunião com cliente
APT007074,PRJ0101,ANL012,2026-05-21,6,Dashboard
APT004393,PRJ0057,ANL006,2026-04-20,2,Apresentação
APT005803,PRJ0081,ANL005,04/16/2026,4,Apresentação
APT004740,PRJ0063,ANL007,2026-05-11,4,Modelagem
APT004410,PRJ0058,ANL013,03/13/2024,2,Dashboard
APT009688,PRJ0140,ANL006,09/19/2025,5,Apresentação
APT007373,PRJ0106,ANL015,2026-04-13,2,Coleta
APT005310,PRJ0073,ANL015,2025-02-06,4,Apresentação
APT003516,PRJ0042,ANL019,2025-05-05,3,Modelagem
APT000738,PRJ0009,ANL011,2025-10-22,3,Coleta
APT004067,PRJ0052,ANL004,03/11/2026,5.5,Apresentação
APT003657,PRJ0046,ANL022,2024-03-11,5,Reunião com cliente
APT002183,PRJ0026,ANL015,29-jul-2025,4,Testes
APT008919,PRJ0127,ANL018,2025-10-21,4,Testes
APT002079,PRJ0026,ANL021,10/16/2025,4,Dashboard
APT009797,PRJ0140,ANL006,2025-10-03,2.5,Dashboard
APT002234,PRJ0027,ANL019,2024-10-25,7.5,Coleta
APT006784,PRJ0096,ANL021,2026-03-26,6.5,Reunião com cliente
APT008151,PRJ0118,ANL020,2025-12-24,4.5,TESTES
APT006909,PRJ0098,ANL024,10/07/2025,4.5,Modelagem
APT008017,PRJ0115,ANL017,2024-05-31,7,Documentação
APT006662,PRJ0093,ANL002,17/10/2024,4,Modelagem
APT005096,PRJ0070,ANL016,07/09/2025,6,Apresentação
APT001373,PRJ0016,ANL022,2026-05-27,6.5,Testes
APT003538,PRJ0043,ANL023,2025-12-03,5,Reunião com cliente
APT002886,PRJ0036,ANL013,2026-06-17,5,Testes
APT005559,PRJ0078,ANL011,2025-08-04,6.5,ETL
APT005214,PRJ0070,ANL022,30-jul-2025,5,Testes
APT000675,PRJ0008,ANL023,2026-05-25,8,Dashboard
APT001690,PRJ0022,ANL015,2026-02-24,8,Apresentação
APT005357,PRJ0075,ANL020,2025-08-11,4,Coleta
APT001717,PRJ0022,ANL021,2026-02-17,5,Apresentação
APT005956,PRJ0081,ANL011,29-mai-2026,6.5,Apresentação
APT001007,PRJ0012,ANL011,15-abr-2026,4.5,ETL
APT007633,PRJ0109,ANL001,2026-04-30,6,Apresentação
APT008672,PRJ0122,ANL015,13-ago-2025,8,Documentação
APT001872,PRJ0024,ANL023,2025-10-27,6.5,Documentação
APT001943,PRJ0025,ANL016,2025-02-19,5,Modelagem
APT001224,PRJ0014,ANL008,30-ago-2024,8,Apresentação
APT008959,PRJ0128,ANL017,11-mai-2026,4,Testes
APT006480,PRJ0089,ANL016,19/08/2024,7,Documentação
APT000778,PRJ0010,ANL007,2024-07-29,5,Coleta
APT009340,PRJ0134,ANL009,2026-02-23,5,Apresentação
APT005194,PRJ0070,ANL022,08/11/2025,6,Reunião com cliente
APT006931,PRJ0099,ANL003,2025-06-20,2,Modelagem
APT009478,PRJ0136,ANL001,05/04/2026,4,ETL
APT008264,PRJ0119,ANL018,2024-01-15,3.5,ETL
APT001003,PRJ0012,ANL005,2026-04-20,"8,5",Dashboard
APT003277,PRJ0042,ANL019,2025-03-26,2,Modelagem
APT004948,PRJ0066,ANL021,18-nov-2024,8,Dashboard
APT005754,PRJ0081,ANL005,06/23/2026,2,ETL
APT009240,PRJ0133,ANL024,05/27/2026,6,Dashboard
APT006393,PRJ0089,ANL004,2024-06-24,5,Testes
APT005464,PRJ0078,ANL017,2025-06-18,6.5,ETL
APT008180,PRJ0119,ANL012,2024-05-13,8,Apresentação
APT000950,PRJ0012,ANL023,17/02/2026,8,ETL
APT006859,PRJ0098,ANL012,02-set-2025,5,Coleta
APT002198,PRJ0027,ANL001,10/28/2024,6,Dashboard
APT001393,PRJ0016,ANL016,06/01/2026,4,Reunião com cliente
APT008610,PRJ0122,ANL009,11/04/2025,2,Dashboard
APT004198,PRJ0055,ANL008,10/09/2024,6,Apresentação
APT000924,PRJ0012,ANL005,04/27/2026,7,Testes
APT004359,PRJ0056,ANL009,12/03/2025,2.5,Documentação
APT001958,PRJ0025,ANL004,31/01/2025,4.5,Documentação
APT007195,PRJ0103,ANL011,28-jan-2025,5,Apresentação
APT005478,PRJ0078,ANL011,2025-07-15,2,Reunião com cliente
APT005821,PRJ0081,ANL023,2026-04-09,4,ETL
APT007342,PRJ0105,ANL002,05-dez-2025,2,Modelagem
APT006427,PRJ0089,ANL004,2024-09-23,3,ETL
APT007109,PRJ0101,ANL012,2026-04-29,6,Reunião com cliente
APT007040,PRJ0101,ANL006,11/05/2026,3.5,Coleta
APT008742,PRJ0123,ANL020,04-ago-2025,4.5,Documentação
APT009249,PRJ0133,ANL012,2026-05-11,7,Apresentação
APT006083,PRJ0083,ANL015,06/02/2025,4,Coleta
APT001384,PRJ0016,ANL004,18/05/2026,6,Documentação
APT004920,PRJ0066,ANL021,15-out-2024,4,Dashboard
APT007179,PRJ0103,ANL011,2025-01-30,6,Reunião com cliente
APT004011,PRJ0051,ANL017,11/07/2024,4,ETL
APT006571,PRJ0093,ANL008,30/10/2024,2,Dashboard
APT003511,PRJ0042,ANL013,2025-08-27,4,Apresentação
APT004526,PRJ0061,ANL006,2025-06-04,4,REUNIÃO COM CLIENTE
APT009510,PRJ0136,ANL019,2026-01-26,7.5,Documentação
APT001803,PRJ0024,ANL011,2025-08-18,6.5,Testes
APT002604,PRJ0033,ANL002,01/29/2024,4,Testes
APT001042,PRJ0012,ANL011,16-mar-2026,6,Reunião com cliente
APT003204,PRJ0041,ANL011,18/07/2025,3,Dashboard
APT001998,PRJ0026,ANL015,2025-11-12,4.5,Documentação
APT001241,PRJ0014,ANL014,2024-08-29,7,Documentação
APT007369,PRJ0106,ANL003,24/04/2026,"7,5",Reunião com cliente
APT007899,PRJ0113,ANL010,2024-05-28,5.5,Reunião com cliente
APT001731,PRJ0023,ANL005,2026-02-16,3,Apresentação
APT005849,PRJ0081,ANL005,2026-04-03,7.5,Documentação
APT006968,PRJ0099,ANL003,2025-05-29,7.5,Coleta
APT000399,PRJ0006,ANL014,06/18/2025,4.5,Coleta
APT002969,PRJ0036,ANL001,2026-06-18,8,Documentação
APT000141,PRJ0003,ANL015,2025-07-07,4,Reunião com cliente
APT008917,PRJ0127,ANL024,24-nov-2025,3,Coleta
APT008273,PRJ0119,ANL006,21-mai-2024,7,Documentação
APT009191,PRJ0131,ANL009,03/08/2024,6,Reunião com cliente
APT006966,PRJ0099,ANL021,2025-05-12,8,Apresentação
APT006314,PRJ0086,ANL021,05/25/2026,4,Reunião com cliente
APT003868,PRJ0049,ANL012,2026-02-20,3,Coleta
APT006185,PRJ0083,ANL021,2025-09-11,5,Testes
APT004231,PRJ0055,ANL014,2024-06-28,6,Apresentação
APT001930,PRJ0025,ANL010,31/01/2025,3,Dashboard
APT007119,PRJ0101,ANL018,04/20/2026,5,Modelagem
APT008065,PRJ0116,ANL013,2025-05-09,7,Apresentação
APT001417,PRJ0017,ANL004,2025-02-26,7,Coleta
APT000850,PRJ0010,ANL019,2024-10-15,4,ETL
APT004775,PRJ0064,ANL002,2026-05-18,4,Dashboard
APT006196,PRJ0083,ANL009,2025-09-24,4,Modelagem
APT006686,PRJ0094,ANL010,2025-09-12,5.5,Apresentação
APT000403,PRJ0006,ANL014,2025-06-16,"4,5",Testes
APT009085,PRJ0130,ANL007,10-jun-2025,6,Documentação
APT008505,PRJ0121,ANL015,06/10/2026,6.5,Reunião com cliente
APT001187,PRJ0014,ANL014,2024-08-20,4,Dashboard
APT007530,PRJ0106,ANL021,11/05/2026,3,Documentação
APT008758,PRJ0123,ANL014,2025-05-12,6,Reunião com cliente
APT002982,PRJ0036,ANL019,04/29/2026,6,Coleta
APT006330,PRJ0086,ANL021,2026-03-16,5,Apresentação
APT006780,PRJ0096,ANL021,2026-04-20,4,Coleta
APT001257,PRJ0014,ANL002,2024-09-02,5.5,Modelagem
APT008570,PRJ0121,ANL021,2026-05-15,4,Testes
APT005097,PRJ0070,ANL004,2025-05-19,5,Dashboard
APT008819,PRJ0125,ANL003,04-abr-2025,8,Modelagem
APT006638,PRJ0093,ANL020,2024-10-04,2,ETL
APT008407,PRJ0120,ANL001,05/15/2026,4,ETL
APT000622,PRJ0008,ANL011,06-abr-2026,8.5,Reunião com cliente
APT006331,PRJ0086,ANL021,2026-05-15,2,Coleta
APT004862,PRJ0064,ANL020,2026-04-20,5,Testes
APT002175,PRJ0026,ANL015,01/09/2025,4,Apresentação
APT008630,PRJ0122,ANL015,28-jul-2025,5,Coleta
APT005283,PRJ0072,ANL018,30/10/2025,2,Modelagem
APT007326,PRJ0104,ANL012,2024-04-18,8,ETL
APT008822,PRJ0126,ANL023,2026-03-11,2,Reunião com cliente
APT008816,PRJ0125,ANL003,2025-04-10,3,Reunião com cliente
APT002592,PRJ0033,ANL008,2024-02-07,5.5,Reunião com cliente
APT000532,PRJ0007,ANL022,10/22/2024,6,Testes
APT004784,PRJ0064,ANL008,2026-05-25,2,Documentação
APT007047,PRJ0101,ANL018,24/04/2026,5,Reunião com cliente
APT009391,PRJ0135,ANL008,2024-02-26,6,Apresentação
APT009215,PRJ0132,ANL010,2024-10-29,4.5,ETL
APT002257,PRJ0029,ANL013,2025-06-25,6,ETL
APT006900,PRJ0098,ANL018,15/09/2025,6,Coleta
APT008141,PRJ0118,ANL008,11/24/2025,6,Testes
APT002804,PRJ0035,ANL022,2025-03-24,2.5,Coleta
APT002531,PRJ0032,ANL006,2026-02-19,4.5,Coleta
APT006612,PRJ0093,ANL014,2024-09-30,6,Apresentação
APT008882,PRJ0126,ANL023,25-mar-2026,4,Documentação
APT009399,PRJ0135,ANL014,16/02/2024,3.5,Modelagem
APT000812,PRJ0010,ANL007,08/05/2024,5,Coleta
APT004156,PRJ0054,ANL016,10/11/2025,7,Coleta
APT003977,PRJ0051,ANL023,2024-12-09,4,Coleta
APT003932,PRJ0050,ANL020,06/10/2025,7,Reunião com cliente
APT003499,PRJ0042,ANL007,19-set-2025,"4,5",Coleta
APT003565,PRJ0044,ANL011,2025-05-29,7,Apresentação
APT003219,PRJ0041,ANL005,02-jun-2025,4.5,Coleta
APT000162,PRJ0004,ANL017,2024-03-26,4,Documentação
APT006562,PRJ0092,ANL001,2024-08-14,5,Dashboard
APT007774,PRJ0110,ANL008,2025-01-27,4.5,Documentação
APT009772,PRJ0140,ANL018,02/04/2026,7.5,Coleta
APT001893,PRJ0024,ANL023,2025-09-01,7,Reunião com cliente
APT002998,PRJ0037,ANL022,2025-05-29,8.5,Apresentação
APT008640,PRJ0122,ANL021,2025-10-16,4.5,ETL
APT006688,PRJ0094,ANL016,2025-09-25,4,Testes
APT006051,PRJ0082,ANL022,2025-05-22,8.5,COLETA
APT000527,PRJ0007,ANL004,2024-11-25,8,Modelagem
APT000012,PRJ0001,ANL010,24/04/2024,-4.0,Apresentação
APT002598,PRJ0033,ANL020,2024-01-29,8,Documentação
APT008371,PRJ0120,ANL007,08-mai-2026,"6,5",Dashboard
APT002668,PRJ0034,ANL006,2024-03-11,6,Coleta
APT005801,PRJ0081,ANL017,15/06/2026,4.5,TESTES
APT005287,PRJ0073,ANL009,2025-01-20,7,ETL
APT002414,PRJ0030,ANL021,14-out-2024,7.5,Modelagem
APT003658,PRJ0046,ANL022,2024-01-22,8,Dashboard
APT008266,PRJ0119,ANL006,02-mai-2024,8.5,Documentação
APT007790,PRJ0110,ANL008,15-jan-2025,6,Testes
APT005987,PRJ0082,ANL022,2025-03-24,6,Modelagem
APT003274,PRJ0042,ANL013,20/05/2025,6.5,Coleta
APT008793,PRJ0124,ANL016,2024-10-03,8,Documentação
APT002521,PRJ0032,ANL012,2026-05-11,2,Dashboard
APT008396,PRJ0120,ANL019,2026-04-06,2,Dashboard
APT004199,PRJ0055,ANL002,08-jul-2024,4.5,Dashboard
APT006087,PRJ0083,ANL015,2025-06-02,8,Coleta
APT001637,PRJ0021,ANL002,16-out-2025,4,ETL
APT003129,PRJ0039,ANL001,10/28/2024,6,Reunião com cliente
APT001609,PRJ0020,ANL010,07-mar-2024,6,Coleta
APT000193,PRJ0004,ANL005,2024-04-08,5,Modelagem
APT008638,PRJ0122,ANL021,11/17/2025,5,Coleta
APT008423,PRJ0120,ANL013,2026-06-01,3,Dashboard
APT003365,PRJ0042,ANL001,07/05/2025,7,Coleta
APT002859,PRJ0036,ANL007,2026-06-09,2,Coleta
APT000714,PRJ0008,ANL005,05/25/2026,3.5,Reunião com cliente
APT002472,PRJ0032,ANL018,2026-03-16,3,Dashboard
APT003400,PRJ0042,ANL013,23/09/2025,3.5,Dashboard
APT008957,PRJ0128,ANL017,2026-06-05,4,Dashboard
APT009659,PRJ0139,ANL005,22-out-2024,6,Modelagem
APT004881,PRJ0065,ANL010,2026-02-23,4,Dashboard
APT008239,PRJ0119,ANL012,03/15/2024,4,Modelagem
APT001692,PRJ0022,ANL009,06/03/2026,6.5,Testes
APT008157,PRJ0118,ANL002,2025-11-24,2.5,ETL
APT001502,PRJ0017,ANL022,2025-01-07,7.5,Testes
APT006463,PRJ0089,ANL004,2024-06-20,"4,5",ETL
APT007391,PRJ0106,ANL015,14-abr-2026,6,ETL
APT002458,PRJ0032,ANL018,2026-03-30,4,Reunião com cliente
APT002984,PRJ0036,ANL013,2026-04-17,4,Testes
APT002830,PRJ0036,ANL013,2026-04-20,4,Documentação
APT003340,PRJ0042,ANL007,2025-09-01,4,Dashboard
APT005847,PRJ0081,ANL011,2026-06-22,6,Reunião com cliente
APT006492,PRJ0089,ANL022,2024-08-26,7,ETL
APT007779,PRJ0110,ANL008,2025-01-27,5.5,Testes
APT006326,PRJ0086,ANL021,21/05/2026,4.5,DOCUMENTAÇÃO
APT005071,PRJ0069,ANL018,2024-10-11,3,Apresentação
APT009033,PRJ0129,ANL001,2026-01-05,6,Documentação
APT001950,PRJ0025,ANL004,2025-04-02,7,Documentação
APT005184,PRJ0070,ANL022,2025-05-20,4.5,Testes
APT000737,PRJ0009,ANL017,2025-10-27,6.5,Documentação
APT007869,PRJ0113,ANL010,2024-06-03,7,Dashboard
APT007427,PRJ0106,ANL021,05/04/2026,4,Reunião com cliente
APT002560,PRJ0032,ANL006,05/03/2026,6.5,ETL
APT008392,PRJ0120,ANL001,08-jun-2026,5,Coleta
APT008452,PRJ0120,ANL001,2026-06-15,4,ETL
APT005304,PRJ0073,ANL009,25/02/2025,5,Reunião com cliente
APT000266,PRJ0005,ANL005,02/06/2025,3,Coleta
APT006694,PRJ0094,ANL010,2025-09-24,4.5,Documentação
APT007273,PRJ0103,ANL023,04/16/2025,4,Coleta
APT004549,PRJ0062,ANL023,13-jan-2025,"8,5",ETL
APT000858,PRJ0010,ANL001,2024-08-12,2,Modelagem
APT005724,PRJ0080,ANL009,15/11/2024,8.5,Modelagem
APT006652,PRJ0093,ANL014,2024-11-18,8,Testes
APT001413,PRJ0017,ANL010,10-mar-2025,6,ETL
APT001228,PRJ0014,ANL020,2024-07-01,6,Apresentação
APT009615,PRJ0139,ANL005,2024-12-16,6,Dashboard
APT006215,PRJ0084,ANL011,04-set-2025,7,Documentação
APT005868,PRJ0081,ANL005,2026-06-22,6,Modelagem
APT009773,PRJ0140,ANL006,2025-08-25,7,Dashboard
APT009054,PRJ0130,ANL007,2025-05-26,3,Apresentação
APT000370,PRJ0006,ANL002,30-jun-2025,6,Dashboard
APT007085,PRJ0101,ANL006,2026-05-19,6,Apresentação
APT007723,PRJ0109,ANL001,2026-03-17,6,Coleta
APT004689,PRJ0063,ANL007,15-jun-2026,6,Coleta
APT002733,PRJ0034,ANL012,2024-06-17,4,Modelagem
APT008539,PRJ0121,ANL021,02-jun-2026,7,Dashboard
APT006864,PRJ0098,ANL024,2025-09-08,6,ETL
APT008563,PRJ0121,ANL021,2026-04-06,3,Modelagem
APT009212,PRJ0132,ANL004,11/06/2024,4,ETL
APT005115,PRJ0070,ANL004,31/07/2025,3,Documentação
APT003811,PRJ0048,ANL023,2024-12-25,6,Reunião com cliente
APT004185,PRJ0055,ANL020,07-ago-2024,3,Modelagem
APT000628,PRJ0008,ANL005,22/06/2026,3.5,Documentação
APT000517,PRJ0007,ANL016,09-set-2024,"4,5",Reunião com cliente
APT005802,PRJ0081,ANL023,14-abr-2026,3,Testes
APT006657,PRJ0093,ANL002,10/17/2024,6,Modelagem
APT003473,PRJ0042,ANL019,2025-04-14,6,Reunião com cliente
APT008921,PRJ0127,ANL006,2025-11-03,6,Testes
APT003049,PRJ0038,ANL008,2024-07-01,2,Testes
APT007029,PRJ0101,ANL018,2026-06-26,4,Dashboard
APT001169,PRJ0013,ANL005,11/04/2024,4,Modelagem
APT005982,PRJ0082,ANL016,2025-06-02,4,ETL
APT008781,PRJ0124,ANL016,2024-10-04,8,Testes
APT000466,PRJ0007,ANL010,2025-02-03,6,ETL
APT004035,PRJ0052,ANL010,2026-03-26,7.5,Dashboard
APT004585,PRJ0062,ANL005,02/12/2025,3,Testes
APT001344,PRJ0015,ANL004,10/06/2025,3.5,ETL
APT003109,PRJ0039,ANL007,2025-01-06,5,Modelagem
APT005323,PRJ0073,ANL015,2025-01-30,6,Documentação
APT008755,PRJ0123,ANL008,01/08/2025,"4,5",Dashboard
APT002180,PRJ0026,ANL015,2025-11-11,2,Coleta
APT001463,PRJ0017,ANL016,02/17/2025,2,Dashboard
APT003729,PRJ0047,ANL006,05/09/2024,3,Coleta
APT009172,PRJ0131,ANL015,2024-03-11,8,Testes
APT005475,PRJ0078,ANL005,2025-08-06,2,Testes
APT003421,PRJ0042,ANL019,19/05/2025,"2,5",Dashboard
APT005119,PRJ0070,ANL016,2025-04-22,2,Dashboard
APT002054,PRJ0026,ANL003,2025-09-22,7,Dashboard
APT005217,PRJ0070,ANL016,2025-03-17,3,Reunião com cliente
APT003008,PRJ0037,ANL022,27/03/2025,8,Testes
APT003462,PRJ0042,ANL007,2025-07-02,4.5,ETL
APT001656,PRJ0021,ANL002,2025-12-17,6,Apresentação
APT006802,PRJ0096,ANL021,19/05/2026,6,Reunião com cliente
APT001963,PRJ0025,ANL010,2025-03-21,3,Reunião com cliente
APT003090,PRJ0039,ANL019,2025-01-21,6,Coleta
APT004799,PRJ0064,ANL008,2026-05-11,8,ETL
APT002591,PRJ0032,ANL018,2026-03-16,3,ETL
APT005591,PRJ0079,ANL006,20/06/2025,4,Testes
APT002402,PRJ0030,ANL003,2024-09-18,6,Reunião com cliente
APT008324,PRJ0120,ANL013,2026-05-19,8,Coleta
APT006798,PRJ0096,ANL021,2026-05-06,5,Testes
APT000916,PRJ0012,ANL017,30-mar-2026,8,Dashboard
APT007889,PRJ0113,ANL022,05/29/2024,3,Coleta
APT003998,PRJ0051,ANL023,2024-12-16,7,Coleta
APT006967,PRJ0099,ANL021,2025-05-30,2,Reunião com cliente
APT004434,PRJ0059,ANL002,2025-03-31,3.5,Documentação
APT005431,PRJ0077,ANL008,27-nov-2024,2,Modelagem
APT004473,PRJ0059,ANL002,02/10/2025,8,Coleta
APT000026,PRJ0001,ANL016,25/04/2024,6.5,APRESENTAÇÃO
APT003721,PRJ0047,ANL006,2024-08-26,4,Dashboard
APT005136,PRJ0070,ANL010,22/07/2025,7,Modelagem
APT005148,PRJ0070,ANL016,2025-03-27,6,Testes
APT009538,PRJ0136,ANL013,2026-03-16,6.5,Reunião com cliente
APT000646,PRJ0008,ANL023,2026-05-12,6.5,ETL
APT002406,PRJ0030,ANL021,14/10/2024,7,Apresentação
APT009196,PRJ0131,ANL003,01/03/2024,3,Testes
APT001842,PRJ0024,ANL017,2025-10-20,4,Reunião com cliente
APT002311,PRJ0029,ANL019,2025-08-11,3,Dashboard
APT008172,PRJ0119,ANL024,2024-04-01,8.5,Modelagem
APT000681,PRJ0008,ANL017,2026-06-01,5.5,Modelagem
APT001544,PRJ0019,ANL010,2025-01-27,3.5,ETL
APT009053,PRJ0130,ANL001,2025-05-19,8,Coleta
APT003420,PRJ0042,ANL013,2025-07-09,3,Reunião com cliente
APT000084,PRJ0003,ANL003,08/11/2025,4,Modelagem
APT006551,PRJ0091,ANL009,15-dez-2025,2,DASHBOARD
APT000561,PRJ0007,ANL022,2024-10-14,8.5,Dashboard
APT004769,PRJ0064,ANL020,2026-05-01,4,Documentação
APT007876,PRJ0113,ANL004,2024-06-03,6,DOCUMENTAÇÃO
APT003594,PRJ0045,ANL004,2025-02-24,6.5,Documentação
APT005994,PRJ0082,ANL004,2025-04-21,6,Apresentação
APT005190,PRJ0070,ANL016,2025-05-30,6,Testes
APT006422,PRJ0089,ANL010,2024-07-08,6.5,Coleta
APT005397,PRJ0076,ANL003,06/07/2024,5,Testes
APT004282,PRJ0056,ANL003,10/04/2025,5,ETL
APT004195,PRJ0055,ANL008,2024-08-16,"7,5",Modelagem
APT005883,PRJ0081,ANL011,2026-05-29,3,Testes
APT005270,PRJ0072,ANL012,10-out-2025,7,Testes
APT007398,PRJ0106,ANL015,04-mai-2026,7,ETL
APT004096,PRJ0053,ANL014,2026-02-19,8.5,Testes
APT009263,PRJ0133,ANL006,2026-04-23,4,Documentação
APT009483,PRJ0136,ANL001,22/04/2026,3.5,Reunião com cliente
APT004821,PRJ0064,ANL020,24/03/2026,5,Apresentação
APT006288,PRJ0086,ANL021,2026-03-30,8,Dashboard
APT001347,PRJ0015,ANL010,2025-11-19,6.5,Dashboard
APT000124,PRJ0003,ANL009,11/09/2025,5,Documentação
APT009275,PRJ0133,ANL018,06/19/2026,2.5,Coleta
APT004161,PRJ0054,ANL016,2025-10-24,7.5,ETL
APT001372,PRJ0015,ANL004,11/28/2025,4,Reunião com cliente
APT004783,PRJ0064,ANL020,2026-03-09,7,Dashboard
APT004592,PRJ0062,ANL017,02/24/2025,4,Reunião com cliente
APT006133,PRJ0083,ANL009,2025-11-19,4,Reunião com cliente
APT007192,PRJ0103,ANL017,2025-01-16,2,Documentação
APT002722,PRJ0034,ANL006,08-fev-2024,3,Apresentação
APT006110,PRJ0083,ANL003,26-set-2025,8,Testes
APT001785,PRJ0023,ANL011,02/02/2026,8.5,Dashboard
APT008554,PRJ0121,ANL003,05/29/2026,7,Apresentação
APT000547,PRJ0007,ANL010,2024-10-04,4,Documentação
APT007731,PRJ0109,ANL007,2026-05-01,4.5,Dashboard
APT001722,PRJ0022,ANL021,02/25/2026,4,Coleta
APT006952,PRJ0099,ANL021,2025-05-09,3.5,Documentação
APT000667,PRJ0008,ANL017,2026-05-19,3,Testes
APT001274,PRJ0014,ANL008,06/28/2024,8.5,Apresentação
APT005317,PRJ0073,ANL015,2025-02-13,2,Modelagem
APT006359,PRJ0086,ANL009,2026-05-27,4.5,Apresentação
APT003299,PRJ0042,ANL013,2025-08-11,8,Modelagem
APT007748,PRJ0109,ANL007,05-mai-2026,8,ETL
APT003016,PRJ0037,ANL022,19-jun-2025,4,Dashboard
APT004462,PRJ0059,ANL002,2025-05-09,6,Dashboard
APT007252,PRJ0103,ANL017,02/17/2025,6,Documentação
APT003660,PRJ0046,ANL004,15-jan-2024,2,Documentação
APT000428,PRJ0007,ANL010,2025-01-20,5,Modelagem
APT005365,PRJ0075,ANL020,2025-08-04,6,Apresentação
APT006474,PRJ0089,ANL022,02-jul-2024,4,Dashboard
APT003313,PRJ0042,ANL019,2025-04-15,4,Documentação
APT009070,PRJ0130,ANL019,03/06/2025,6.5,Coleta
APT009216,PRJ0132,ANL010,2024-10-31,4,Modelagem
APT004086,PRJ0052,ANL004,21/04/2026,4.5,Reunião com cliente
APT003556,PRJ0044,ANL005,05/28/2025,4,Documentação
APT001440,PRJ0017,ANL010,20/01/2025,2,Modelagem
APT000765,PRJ0010,ANL019,2024-08-19,8,Modelagem
APT002315,PRJ0029,ANL007,02/06/2025,4,Reunião com cliente
APT008405,PRJ0120,ANL007,27/04/2026,4.5,ETL
APT002286,PRJ0029,ANL001,2025-09-15,3,Coleta
APT005386,PRJ0076,ANL003,2024-06-03,4,Dashboard
APT008662,PRJ0122,ANL003,2025-07-23,2,Documentação
APT009633,PRJ0139,ANL011,2024-12-16,7,Apresentação
APT005638,PRJ0079,ANL018,2025-05-27,6,Documentação
APT005275,PRJ0072,ANL006,2025-10-29,"6,5",Testes
APT002034,PRJ0026,ANL009,2025-07-15,6,Apresentação
APT008175,PRJ0119,ANL018,24-abr-2024,5,Apresentação
APT006534,PRJ0091,ANL015,2025-12-25,2,ETL
APT009011,PRJ0129,ANL001,2025-12-30,8.5,Testes
APT005091,PRJ0069,ANL012,2024-11-04,4.5,Modelagem
APT000279,PRJ0005,ANL005,27-jan-2025,5,Documentação
APT002606,PRJ0033,ANL020,2024-02-12,6.5,Documentação
APT003788,PRJ0048,ANL005,2024-12-20,7,Coleta
APT005236,PRJ0071,ANL005,01/27/2025,7,Coleta
APT006879,PRJ0098,ANL018,22/08/2025,7,Apresentação
APT008836,PRJ0126,ANL023,2026-03-05,4,Testes
APT001753,PRJ0023,ANL011,2026-03-23,7,Modelagem
APT003952,PRJ0050,ANL008,2025-10-14,6.5,Testes
APT006219,PRJ0084,ANL011,2025-09-01,7,Dashboard
APT004018,PRJ0051,ANL023,11/04/2024,4,Apresentação
APT003801,PRJ0048,ANL011,11/21/2024,4,DASHBOARD
APT005947,PRJ0081,ANL005,2026-06-12,"6,5",Dashboard
APT008208,PRJ0119,ANL024,2024-01-22,3.5,Documentação
APT008811,PRJ0125,ANL009,14/04/2025,5,Reunião com cliente
APT003686,PRJ0047,ANL012,2024-10-22,4,Documentação
APT004892,PRJ0065,ANL022,10-mar-2026,4.5,ETL
APT006355,PRJ0086,ANL015,09-mar-2026,2,Dashboard
APT007916,PRJ0113,ANL004,06-mai-2024,7.5,Apresentação
APT005460,PRJ0078,ANL005,07/15/2025,7,ETL
APT002429,PRJ0031,ANL009,11/04/2024,2.5,Dashboard
APT003736,PRJ0047,ANL012,26/09/2024,6.5,Apresentação
APT002909,PRJ0036,ANL013,2026-03-09,4,Coleta
APT007226,PRJ0103,ANL011,2025-04-08,8,DOCUMENTAÇÃO
APT003477,PRJ0042,ANL007,28/05/2025,4.5,Coleta
APT008764,PRJ0123,ANL020,05/01/2025,6,Apresentação
APT000220,PRJ0005,ANL023,2025-02-13,8,Reunião com cliente
APT008043,PRJ0115,ANL011,05/24/2024,2.5,Coleta
APT006704,PRJ0094,ANL004,27/08/2025,4,Modelagem
APT001293,PRJ0014,ANL020,08/07/2024,8,Apresentação
APT009384,PRJ0135,ANL020,2024-02-13,3,ETL
APT008786,PRJ0124,ANL022,2024-11-01,4,Modelagem
APT003155,PRJ0039,ANL007,27/01/2025,7,Reunião com cliente
APT000969,PRJ0012,ANL023,2026-03-12,4.5,Reunião com cliente
APT005151,PRJ0070,ANL010,10-jun-2025,2.5,MODELAGEM
APT009672,PRJ0139,ANL011,30/09/2024,4,Testes
APT003371,PRJ0042,ANL001,2025-09-29,2,Dashboard
APT003303,PRJ0042,ANL013,03-jul-2025,6.5,Documentação
APT003089,PRJ0039,ANL019,2024-11-15,6,Testes
APT001111,PRJ0013,ANL011,29/11/2024,5,Modelagem
APT006846,PRJ0098,ANL006,09/03/2025,4,Apresentação
APT008573,PRJ0121,ANL009,20/04/2026,6,Testes
APT003102,PRJ0039,ANL007,2025-01-16,3,Coleta
APT004757,PRJ0064,ANL020,2026-04-13,6.5,Reunião com cliente
APT009519,PRJ0136,ANL013,06-mai-2026,4,Documentação
APT006513,PRJ0090,ANL023,2024-10-21,8,ETL
APT004642,PRJ0063,ANL001,2026-05-25,4,Dashboard
APT000994,PRJ0012,ANL011,05/06/2026,7,Reunião com cliente
APT008431,PRJ0120,ANL007,2026-05-25,"4,5",Coleta
APT005421,PRJ0077,ANL002,2024-11-15,4.5,Reunião com cliente
APT009341,PRJ0134,ANL003,2026-01-16,6,Modelagem
APT007121,PRJ0101,ANL006,2026-05-28,5.5,ETL
APT006822,PRJ0096,ANL021,2026-04-15,6,Testes
APT001826,PRJ0024,ANL017,24-nov-2025,4,TESTES
APT001837,PRJ0024,ANL017,2025-10-24,3,ETL
APT004186,PRJ0055,ANL014,10/09/2024,8,Testes
APT009434,PRJ0136,ANL007,06/04/2026,3,Testes
APT004989,PRJ0067,ANL001,25/06/2024,8,Dashboard
APT008707,PRJ0122,ANL021,21-out-2025,8,Coleta
APT004942,PRJ0066,ANL009,12/06/2024,3,ETL
APT000973,PRJ0012,ANL005,04/09/2026,4,Coleta
APT008222,PRJ0119,ANL024,2024-04-01,4,Apresentação
APT004222,PRJ0055,ANL008,2024-07-29,6,Coleta
APT006563,PRJ0092,ANL001,2024-08-15,2,Coleta
APT000855,PRJ0010,ANL019,2024-09-26,5,Coleta
APT004838,PRJ0064,ANL014,2026-05-13,6.5,Dashboard
APT007905,PRJ0113,ANL022,2024-04-25,4,Apresentação
APT003993,PRJ0051,ANL023,2024-12-16,2,Testes
APT006818,PRJ0096,ANL009,04/28/2026,3,Testes
APT003631,PRJ0046,ANL022,29/02/2024,"7,5",ETL
APT005088,PRJ0069,ANL012,11-nov-2024,3,Dashboard
APT002690,PRJ0034,ANL012,2024-05-23,2,Reunião com cliente
APT006997,PRJ0100,ANL022,2026-06-02,4,Modelagem
APT005944,PRJ0081,ANL023,2026-04-20,4.5,Reunião com cliente
APT009211,PRJ0132,ANL016,28-out-2024,6,Modelagem
APT006230,PRJ0084,ANL023,09/02/2025,4,ETL
APT003059,PRJ0039,ANL007,02/24/2025,7,Reunião com cliente
APT008700,PRJ0122,ANL009,23-out-2025,6.5,Reunião com cliente
APT008253,PRJ0119,ANL006,05/06/2024,2.5,Documentação
APT004595,PRJ0062,ANL005,2024-12-04,6,Dashboard
APT003493,PRJ0042,ANL019,04/29/2025,"6,5",Reunião com cliente
APT002542,PRJ0032,ANL024,2026-03-23,6.5,Dashboard
APT007595,PRJ0106,ANL021,06/15/2026,4.5,Testes
APT007171,PRJ0102,ANL013,2025-02-03,8,Coleta
APT005290,PRJ0073,ANL009,11/03/2025,2,ETL
APT002641,PRJ0034,ANL024,2024-03-01,3,Testes
APT008870,PRJ0126,ANL011,2026-02-04,2.5,Reunião com cliente
APT006380,PRJ0088,ANL007,2025-09-29,8.5,Modelagem
APT003673,PRJ0046,ANL010,19/02/2024,6,Modelagem
APT002047,PRJ0026,ANL009,2025-10-30,6,Reunião com cliente
APT002365,PRJ0029,ANL013,13-out-2025,"8,5",Dashboard
APT002184,PRJ0026,ANL009,08/25/2025,6,Modelagem
APT009447,PRJ0136,ANL007,2026-03-30,3.5,Testes
APT009708,PRJ0140,ANL018,08-set-2025,6,Coleta
APT003819,PRJ0048,ANL017,2024-12-30,4,Dashboard
APT001229,PRJ0014,ANL014,2024-11-12,6,Testes
APT004754,PRJ0064,ANL020,2026-03-18,2,Apresentação
APT000640,PRJ0008,ANL011,2026-05-07,2,ETL
APT004576,PRJ0062,ANL017,08/11/2024,6,TESTES
APT007567,PRJ0106,ANL009,06/15/2026,6,Apresentação
APT000893,PRJ0011,ANL020,2025-09-01,7,Reunião com cliente
APT008136,PRJ0118,ANL014,2025-10-20,6,Testes
APT006787,PRJ0096,ANL009,2026-04-24,3,Apresentação
APT009260,PRJ0133,ANL018,18-mai-2026,6,Documentação
APT000768,PRJ0010,ANL007,21/10/2024,4,Modelagem
APT000653,PRJ0008,ANL011,2026-03-23,4.5,Apresentação
APT007762,PRJ0109,ANL019,25-mai-2026,6,Testes
APT002092,PRJ0026,ANL015,10-nov-2025,7,Documentação
APT000151,PRJ0003,ANL003,2025-06-30,4,APRESENTAÇÃO
APT005969,PRJ0081,ANL017,24/06/2026,8.5,Testes
APT009065,PRJ0130,ANL001,06/30/2025,6,Coleta
APT009224,PRJ0132,ANL010,08/11/2024,7,Modelagem
APT006265,PRJ0085,ANL012,11/03/2025,2,Modelagem
APT001381,PRJ0016,ANL022,2026-05-22,3,Coleta
APT005247,PRJ0071,ANL017,2025-02-03,2.5,Modelagem
APT001957,PRJ0025,ANL004,2025-01-13,4,Modelagem
APT001866,PRJ0024,ANL023,2025-08-20,4.5,Documentação
APT000740,PRJ0009,ANL023,15/10/2025,3,Coleta
APT007755,PRJ0109,ANL013,25-mai-2026,4,Apresentação
APT008686,PRJ0122,ANL003,01-ago-2025,7,Documentação
APT006442,PRJ0089,ANL016,2024-09-16,2,ETL
APT008858,PRJ0126,ANL023,2026-04-06,4,Documentação
APT000048,PRJ0001,ANL010,29-abr-2024,7.5,Reunião com cliente
APT009100,PRJ0130,ANL007,06/30/2025,2,Reunião com cliente
APT007797,PRJ0110,ANL002,22-jan-2025,6,Coleta
APT005898,PRJ0081,ANL005,2026-04-29,4,Dashboard
APT007895,PRJ0113,ANL016,20-mai-2024,8,Dashboard
APT005025,PRJ0068,ANL017,17-mar-2025,7.5,Coleta
APT005134,PRJ0070,ANL010,2025-03-03,2,Modelagem
APT003881,PRJ0049,ANL024,2026-02-02,2,Testes
APT008615,PRJ0122,ANL015,07/10/2025,8.5,Documentação
APT002144,PRJ0026,ANL015,2025-07-29,3,Reunião com cliente
APT008158,PRJ0118,ANL020,2025-11-18,5.5,Coleta
APT002617,PRJ0033,ANL014,31-jan-2024,6,Apresentação
APT006832,PRJ0097,ANL006,06/25/2024,7,Documentação
APT008939,PRJ0127,ANL012,11/24/2025,2.5,Testes
APT000542,PRJ0007,ANL016,2024-11-11,8,Dashboard
APT006059,PRJ0082,ANL004,2025-04-29,4.5,Documentação
APT001793,PRJ0024,ANL023,2025-10-29,2,Reunião com cliente
APT004026,PRJ0052,ANL016,2026-03-03,6,DOCUMENTAÇÃO
APT005929,PRJ0081,ANL005,06/01/2026,6,Reunião com cliente
APT007128,PRJ0101,ANL012,2026-04-29,6,Reunião com cliente
APT000357,PRJ0006,ANL014,05/26/2025,4.5,Reunião com cliente
APT002331,PRJ0029,ANL013,09/01/2025,6,ETL
APT001851,PRJ0024,ANL023,2025-09-29,2,ETL
APT000056,PRJ0001,ANL010,05/06/2024,6,Modelagem
APT000977,PRJ0012,ANL017,2026-06-16,7,Coleta
APT008649,PRJ0122,ANL021,2025-11-13,7,Dashboard
APT006611,PRJ0093,ANL008,2024-11-18,5,ETL
APT009554,PRJ0137,ANL001,20-jun-2025,7,Documentação
APT000705,PRJ0008,ANL005,08/04/2026,2,Apresentação
APT008538,PRJ0121,ANL021,25/05/2026,4,Coleta
APT003164,PRJ0039,ANL001,11/07/2024,4,Apresentação
APT008010,PRJ0115,ANL017,2024-06-10,7,Testes
APT004563,PRJ0062,ANL023,21-fev-2025,8,Testes
APT009705,PRJ0140,ANL006,2026-01-12,4,Apresentação
APT004112,PRJ0053,ANL020,2026-03-02,8.5,Coleta
APT008147,PRJ0118,ANL008,25-nov-2025,2,Dashboard
APT001540,PRJ0019,ANL010,12/20/2024,6,Testes
APT007203,PRJ0103,ANL017,04/07/2025,7,Reunião com cliente
APT006608,PRJ0093,ANL002,10/08/2024,5,Coleta
APT004069,PRJ0052,ANL004,2026-03-12,"4,5",Coleta
APT000386,PRJ0006,ANL020,2025-07-09,4,Reunião com cliente
APT002364,PRJ0029,ANL019,02/07/2025,6,Modelagem
APT001718,PRJ0022,ANL021,2026-03-30,6,Reunião com cliente
APT004146,PRJ0053,ANL020,2026-03-16,4,Modelagem
APT003625,PRJ0046,ANL022,13-mar-2024,6,Modelagem
APT003710,PRJ0047,ANL006,10/31/2024,7,Dashboard
APT001341,PRJ0015,ANL010,2025-09-15,7,Dashboard
APT003610,PRJ0046,ANL016,15/01/2024,5,Dashboard
APT005732,PRJ0081,ANL023,28-mai-2026,4.5,Reunião com cliente
APT007761,PRJ0109,ANL001,21/04/2026,4,Apresentação
APT000700,PRJ0008,ANL005,03/17/2026,7,Testes
APT001967,PRJ0025,ANL022,03/10/2025,4,Documentação
APT004476,PRJ0059,ANL020,2025-02-11,5,APRESENTAÇÃO
APT004568,PRJ0062,ANL011,2024-12-11,2,ETL
APT007980,PRJ0115,ANL005,05/07/2024,5,Documentação
APT007454,PRJ0106,ANL021,08-jun-2026,3,ETL
APT002851,PRJ0036,ANL007,2026-05-18,"4,5",MODELAGEM
APT007185,PRJ0103,ANL023,2025-03-07,6.5,Documentação
APT004153,PRJ0053,ANL008,2026-02-09,4,Testes
APT000322,PRJ0006,ANL002,07/04/2025,8,Apresentação
APT009610,PRJ0139,ANL011,18-nov-2024,8.5,Documentação
APT005056,PRJ0069,ANL012,2024-10-24,8.5,Dashboard
APT002375,PRJ0029,ANL001,2025-09-24,6,Dashboard
APT005991,PRJ0082,ANL022,02-mai-2025,4,Coleta
APT008480,PRJ0120,ANL013,2026-04-15,8,Reunião com cliente
APT008547,PRJ0121,ANL009,04/23/2026,7,Apresentação
APT003324,PRJ0042,ANL001,14-jul-2025,2,ETL
APT003017,PRJ0037,ANL016,06/04/2025,4,Modelagem
APT003769,PRJ0047,ANL006,2024-11-04,5,Reunião com cliente
APT004521,PRJ0061,ANL006,27-mai-2025,7,Testes
APT009402,PRJ0135,ANL002,2024-02-26,7.5,Apresentação
APT004381,PRJ0057,ANL024,02-mar-2026,4,Modelagem
APT008469,PRJ0120,ANL013,11-jun-2026,2.5,Reunião com cliente
APT006648,PRJ0093,ANL008,27/09/2024,2.5,Modelagem
APT007378,PRJ0106,ANL021,06/25/2026,8.5,ETL
APT000447,PRJ0007,ANL016,11-nov-2024,4,Documentação
APT001972,PRJ0025,ANL004,14/04/2025,5,Coleta
APT004332,PRJ0056,ANL021,28-abr-2025,6.5,Reunião com cliente
APT002811,PRJ0035,ANL022,2025-02-24,8,Coleta
APT002772,PRJ0034,ANL012,04/22/2024,6.5,Coleta
APT008508,PRJ0121,ANL009,2026-04-20,8,ETL
APT004698,PRJ0063,ANL007,2026-05-12,4,ETL
APT008426,PRJ0120,ANL007,12/05/2026,4,COLETA
APT008196,PRJ0119,ANL024,05-fev-2024,4,Dashboard
APT006762,PRJ0095,ANL002,03/10/2025,2,Apresentação
APT001414,PRJ0017,ANL022,01/27/2025,3,Coleta
APT001390,PRJ0016,ANL010,2026-06-01,6,ETL
APT005699,PRJ0080,ANL009,2024-10-21,4,Dashboard
APT006120,PRJ0083,ANL015,2025-08-20,4.5,Documentação
APT009651,PRJ0139,ANL023,29/11/2024,6,MODELAGEM
APT002252,PRJ0028,ANL016,22/10/2024,6.5,Modelagem
APT006019,PRJ0082,ANL016,16-jun-2025,3,Apresentação
APT009734,PRJ0140,ANL006,2025-11-26,5.5,Testes
APT001786,PRJ0023,ANL017,2026-03-23,7,Modelagem
APT009465,PRJ0136,ANL001,2026-02-11,8.5,ETL
APT005774,PRJ0081,ANL017,24-jun-2026,6.5,Reunião com cliente
APT005428,PRJ0077,ANL002,2024-11-13,7,Documentação
APT002620,PRJ0034,ANL012,2024-02-08,6,Reunião com cliente
APT003891,PRJ0050,ANL002,05-nov-2025,3,Modelagem
APT007815,PRJ0111,ANL023,2026-04-21,7,Reunião com cliente
APT003312,PRJ0042,ANL007,2025-06-13,5,Coleta
APT004228,PRJ0055,ANL014,08/01/2024,3,Reunião com cliente
APT006919,PRJ0098,ANL018,2025-08-18,"8,5",Testes
APT004743,PRJ0064,ANL008,2026-02-27,6,Documentação
APT003343,PRJ0042,ANL019,2025-06-24,4,Reunião com cliente
APT006454,PRJ0089,ANL016,07/23/2024,7,Reunião com cliente
APT005157,PRJ0070,ANL004,28/07/2025,5,ETL
APT008024,PRJ0115,ANL023,2024-05-21,8.5,Dashboard
APT001103,PRJ0012,ANL023,2026-06-15,6.5,Coleta
APT008558,PRJ0121,ANL009,2026-05-20,4,Coleta
APT006097,PRJ0083,ANL003,06/10/2025,2,Coleta
APT009061,PRJ0130,ANL007,2025-04-21,8,Testes
APT005291,PRJ0073,ANL015,17-fev-2025,2.5,Reunião com cliente
APT003092,PRJ0039,ANL007,16/01/2025,4.5,Apresentação
APT001624,PRJ0021,ANL008,10/10/2025,2,Documentação
APT005480,PRJ0078,ANL017,27-ago-2025,2,Reunião com cliente
APT002636,PRJ0034,ANL012,2024-06-04,4,Dashboard
APT009527,PRJ0136,ANL019,03/06/2026,2,Coleta
APT004794,PRJ0064,ANL014,09-mar-2026,6,Reunião com cliente
APT000184,PRJ0004,ANL017,2024-04-24,2,Coleta
APT001946,PRJ0025,ANL004,02/03/2025,8.5,Documentação
APT006370,PRJ0087,ANL018,11/17/2025,4.5,ETL
APT009149,PRJ0131,ANL003,03/01/2024,2.5,Reunião com cliente
APT009683,PRJ0140,ANL012,2025-10-17,4,ETL
APT002493,PRJ0032,ANL024,2026-03-26,6,ETL
APT003529,PRJ0042,ANL001,2025-07-04,6,ETL
APT005558,PRJ0078,ANL005,06/09/2025,6,Apresentação
APT002566,PRJ0032,ANL012,2026-04-14,3,ETL
APT003939,PRJ0050,ANL020,16/10/2025,3.5,Documentação
APT005505,PRJ0078,ANL023,2025-08-07,7,ETL
APT000713,PRJ0008,ANL017,25-fev-2026,3,Documentação
APT001063,PRJ0012,ANL023,06-abr-2026,2,ETL
APT004729,PRJ0063,ANL019,2026-05-18,"3,5",Apresentação
APT004511,PRJ0060,ANL024,2025-05-09,4,Documentação
APT001531,PRJ0018,ANL023,03/10/2025,6,Modelagem
APT004556,PRJ0062,ANL005,15-nov-2024,6.5,ETL
APT000696,PRJ0008,ANL011,2026-03-11,8,Modelagem
APT000822,PRJ0010,ANL007,2024-07-26,8.5,ETL
APT005372,PRJ0075,ANL020,2025-08-11,4.5,ETL
APT007778,PRJ0110,ANL002,2025-02-03,7,Apresentação
APT002945,PRJ0036,ANL013,25/05/2026,3,Apresentação
APT006352,PRJ0086,ANL009,2026-05-18,7,Testes
APT009783,PRJ0140,ANL018,2025-09-04,3,ETL
APT007619,PRJ0108,ANL008,2024-06-19,6.5,Modelagem
APT005049,PRJ0069,ANL006,2024-10-01,2,ETL
APT003553,PRJ0044,ANL017,2025-05-29,2,Modelagem
APT004141,PRJ0053,ANL020,2026-02-18,6,ETL
APT000949,PRJ0012,ANL011,2026-06-12,6,ETL
APT002464,PRJ0032,ANL018,03/25/2026,5,Documentação
APT000181,PRJ0004,ANL011,10-abr-2024,"2,5",Dashboard
APT003558,PRJ0044,ANL023,2025-06-06,3.5,Documentação
APT000003,PRJ0001,ANL016,2024-04-19,8,Apresentação
APT005032,PRJ0068,ANL005,17-mar-2025,5.5,ETL
APT004961,PRJ0066,ANL003,19/12/2024,3,Testes
APT006570,PRJ0093,ANL020,2024-09-23,4.5,Coleta
APT008393,PRJ0120,ANL007,05/11/2026,8,Modelagem
APT008944,PRJ0128,ANL023,19/05/2026,6.5,Modelagem
APT008730,PRJ0122,ANL003,2025-08-27,8,Testes
APT006161,PRJ0083,ANL015,2025-11-14,4,Dashboard
APT006241,PRJ0084,ANL023,2025-08-27,"8,5",Reunião com cliente
APT005303,PRJ0073,ANL021,2025-01-22,6.5,Coleta
APT009591,PRJ0138,ANL017,2026-06-08,6,ETL
APT005393,PRJ0076,ANL003,2024-06-13,5,Modelagem
APT008466,PRJ0120,ANL013,2026-06-18,7,Dashboard
APT004375,PRJ0057,ANL018,04/09/2026,"6,5",Dashboard
APT005361,PRJ0075,ANL014,04-ago-2025,7,Documentação
APT006156,PRJ0083,ANL021,2025-08-19,6.5,Dashboard
APT000648,PRJ0008,ANL017,2026-02-26,6,Dashboard
APT001909,PRJ0025,ANL010,11/03/2025,6,Dashboard
APT005942,PRJ0081,ANL005,02-abr-2026,2,ETL
APT003875,PRJ0049,ANL024,2026-01-20,5,Testes
APT009398,PRJ0135,ANL008,2024-02-12,4,Apresentação
APT006791,PRJ0096,ANL009,2026-04-02,4,ETL
APT009744,PRJ0140,ANL024,10/30/2025,6,Documentação
APT004629,PRJ0063,ANL019,2026-06-09,5,Modelagem
APT006771,PRJ0095,ANL008,2025-02-11,4,Documentação
APT002835,PRJ0036,ANL001,04/21/2026,4,ETL
APT005870,PRJ0081,ANL005,2026-05-06,6,Dashboard
APT003291,PRJ0042,ANL001,2025-07-24,4,Dashboard
APT007472,PRJ0106,ANL003,2026-04-01,5,Reunião com cliente
APT008732,PRJ0123,ANL020,2025-06-09,5,ETL
APT005807,PRJ0081,ANL023,2026-04-30,2,Modelagem
APT006645,PRJ0093,ANL002,2024-09-09,3,Apresentação
APT000548,PRJ0007,ANL004,2024-09-23,3,Apresentação
APT005862,PRJ0081,ANL023,2026-05-12,6,Modelagem
APT006294,PRJ0086,ANL015,2026-06-01,8,Reunião com cliente
APT001873,PRJ0024,ANL005,2025-10-06,4,Dashboard
APT002045,PRJ0026,ANL009,2025-10-06,6,ETL
APT006289,PRJ0086,ANL003,2026-04-22,6,Reunião com cliente
APT008666,PRJ0122,ANL015,08/12/2025,6,Coleta
APT000539,PRJ0007,ANL022,10/14/2024,6.5,Coleta
APT007360,PRJ0106,ANL021,2026-05-25,4.5,ETL
APT007822,PRJ0111,ANL005,2026-05-04,4,Apresentação
APT002648,PRJ0034,ANL018,2024-04-04,4,Modelagem
APT008459,PRJ0120,ANL007,2026-05-13,3.5,Modelagem
APT009599,PRJ0138,ANL005,2026-05-18,2,ETL
APT009718,PRJ0140,ANL018,2025-10-13,7,ETL
APT006449,PRJ0089,ANL004,2024-09-02,7,Documentação
APT005048,PRJ0069,ANL018,2024-09-09,6,Documentação
APT006415,PRJ0089,ANL010,2024-07-08,2,ETL
APT002529,PRJ0032,ANL012,2026-02-09,4,Dashboard
APT007911,PRJ0113,ANL022,2024-06-04,7,Dashboard
APT000895,PRJ0011,ANL008,11-ago-2025,"3,5",Reunião com cliente
APT002444,PRJ0032,ANL012,2026-04-27,2,Apresentação
APT003006,PRJ0037,ANL022,2025-03-25,3,Reunião com cliente
APT009204,PRJ0131,ANL015,22-mar-2024,6,Dashboard
APT002004,PRJ0026,ANL009,2026-01-19,6.5,Reunião com cliente
APT000718,PRJ0009,ANL017,2025-11-10,6,Modelagem
APT004438,PRJ0059,ANL008,05/05/2025,2,Apresentação
APT005170,PRJ0070,ANL016,2025-05-13,6.5,Modelagem
APT006855,PRJ0098,ANL024,2025-10-06,3,Testes
APT000864,PRJ0010,ANL019,2024-08-07,7,Dashboard
APT007508,PRJ0106,ANL009,2026-06-24,6,ETL
APT002619,PRJ0033,ANL002,2024-02-07,8.5,Apresentação
APT005229,PRJ0071,ANL017,02/10/2025,7,Coleta
APT004391,PRJ0057,ANL024,2026-04-16,6,Dashboard
APT003180,PRJ0039,ANL019,2024-11-25,6,Testes
APT002099,PRJ0026,ANL009,17-set-2025,4,Reunião com cliente
APT006958,PRJ0099,ANL015,05/23/2025,4.5,Modelagem
APT006804,PRJ0096,ANL021,05/01/2026,2,Modelagem
APT006117,PRJ0083,ANL009,02-jun-2025,5,Reunião com cliente
APT000445,PRJ0007,ANL010,2024-09-02,6,ETL
APT004024,PRJ0051,ANL017,12-nov-2024,8,Modelagem
APT001578,PRJ0019,ANL022,2025-01-17,8,ETL
APT001113,PRJ0013,ANL011,10/29/2024,4,Apresentação
APT007906,PRJ0113,ANL016,2024-05-29,8,Apresentação
APT001830,PRJ0024,ANL005,2025-08-12,5,Dashboard
APT006065,PRJ0083,ANL003,2025-09-15,6,Testes
APT007037,PRJ0101,ANL006,2026-05-29,2.5,Reunião com cliente
APT001737,PRJ0023,ANL017,2026-02-06,2.5,Dashboard
APT009579,PRJ0138,ANL017,2026-06-02,7.5,Documentação
APT008224,PRJ0119,ANL018,19-fev-2024,8,Dashboard
APT003776,PRJ0047,ANL006,2024-10-14,8.5,APRESENTAÇÃO
APT007028,PRJ0101,ANL018,05/08/2026,4,Apresentação
APT005737,PRJ0081,ANL011,2026-04-20,6,Modelagem
APT003036,PRJ0037,ANL004,12/05/2025,3,Apresentação
APT005479,PRJ0078,ANL017,20/06/2025,4,Documentação
APT004124,PRJ0053,ANL002,2026-03-23,5,Reunião com cliente
APT000155,PRJ0003,ANL021,2025-06-25,7.5,Testes
APT005313,PRJ0073,ANL015,02/26/2025,6.5,Apresentação
APT007902,PRJ0113,ANL010,06-mai-2024,6,Dashboard
APT008671,PRJ0122,ANL009,13/10/2025,6,Coleta
APT002876,PRJ0036,ANL007,13-mar-2026,8,DOCUMENTAÇÃO
APT005189,PRJ0070,ANL022,2025-07-15,6.5,ETL
APT002848,PRJ0036,ANL001,11-mar-2026,5,Reunião com cliente
APT002622,PRJ0034,ANL006,2024-06-13,5,Dashboard
APT006733,PRJ0095,ANL014,21-abr-2025,3,Modelagem
APT001846,PRJ0024,ANL011,20/08/2025,6,Coleta
APT005667,PRJ0079,ANL006,2025-07-10,6,Coleta
APT006178,PRJ0083,ANL009,2025-10-28,6,Dashboard
APT004824,PRJ0064,ANL002,2026-05-25,4,ETL
APT009418,PRJ0135,ANL014,2024-03-22,8,Reunião com cliente
APT001052,PRJ0012,ANL017,2026-06-08,4,Testes
APT000460,PRJ0007,ANL022,02/12/2024,6,ETL
APT007010,PRJ0100,ANL004,2026-05-11,5,Documentação
APT009582,PRJ0138,ANL023,08-mai-2026,5,Reunião com cliente
APT004735,PRJ0063,ANL007,2026-06-03,4,Reunião com cliente
APT006216,PRJ0084,ANL011,09/09/2025,6,Reunião com cliente
APT009236,PRJ0133,ANL018,2026-05-28,4,Dashboard
APT007453,PRJ0106,ANL021,09/06/2026,5,Reunião com cliente
APT005125,PRJ0070,ANL022,2025-08-04,3,Reunião com cliente
APT008129,PRJ0118,ANL014,2025-10-28,8,ETL
APT007421,PRJ0106,ANL015,2026-05-19,3,Coleta
APT001956,PRJ0025,ANL010,2025-02-24,5.5,Modelagem
APT009415,PRJ0135,ANL008,03/04/2024,3,ETL
APT004093,PRJ0053,ANL020,16/02/2026,"5,5",ETL
APT002197,PRJ0027,ANL001,04-nov-2024,4,ETL
APT008329,PRJ0120,ANL001,12-jun-2026,"4,5",Dashboard
APT001333,PRJ0015,ANL010,2025-09-29,6,Reunião com cliente
APT003123,PRJ0039,ANL019,2024-11-25,8,Apresentação
APT004340,PRJ0056,ANL003,03/17/2025,7,Modelagem
APT001005,PRJ0012,ANL017,2026-04-27,6.5,ETL
APT000707,PRJ0008,ANL023,04/13/2026,7.5,Apresentação
APT004903,PRJ0065,ANL010,2026-03-23,3,Coleta
APT002880,PRJ0036,ANL007,2026-03-25,4,Testes
APT000156,PRJ0004,ANL005,2024-04-22,2,ETL
APT000293,PRJ0005,ANL017,03-mar-2025,6,Dashboard
APT000414,PRJ0006,ANL002,2025-06-27,6.5,ETL
APT009654,PRJ0139,ANL011,2024-11-25,4,Reunião com cliente
APT000347,PRJ0006,ANL002,2025-06-27,4,Dashboard
APT000644,PRJ0008,ANL023,05/11/2026,7,ETL
APT008139,PRJ0118,ANL008,27/11/2025,5,Documentação
APT003454,PRJ0042,ANL007,2025-09-08,8,ETL
APT004416,PRJ0058,ANL001,02-abr-2024,7.5,Modelagem
APT003784,PRJ0047,ANL006,2024-11-15,7,Modelagem
APT008647,PRJ0122,ANL003,2025-07-21,7,ETL
APT003317,PRJ0042,ANL019,15-jul-2025,6,Reunião com cliente
APT004046,PRJ0052,ANL004,04/23/2026,6,Modelagem
APT009077,PRJ0130,ANL001,02/06/2025,2,Apresentação
APT007058,PRJ0101,ANL012,2026-05-29,6,Documentação
APT002261,PRJ0029,ANL001,11/03/2025,4,Reunião com cliente
APT002805,PRJ0035,ANL016,24/02/2025,2,Dashboard
APT000948,PRJ0012,ANL005,2026-03-02,6,Coleta
APT000364,PRJ0006,ANL008,06/11/2025,2,Dashboard
APT002700,PRJ0034,ANL024,04/03/2024,8,Documentação
APT008013,PRJ0115,ANL023,17/06/2024,6.5,Reunião com cliente
APT009721,PRJ0140,ANL006,15/12/2025,2,Testes
APT001713,PRJ0022,ANL015,16/02/2026,4,Apresentação
APT009453,PRJ0136,ANL007,2026-04-06,3,Documentação
APT005261,PRJ0072,ANL018,2025-10-10,6,Reunião com cliente
APT001348,PRJ0015,ANL004,2025-10-28,2,Modelagem
APT003503,PRJ0042,ANL001,2025-04-07,6.5,Modelagem
APT007664,PRJ0109,ANL013,10-jun-2026,4,ETL
APT009235,PRJ0133,ANL018,2026-06-08,2,Dashboard
APT001827,PRJ0024,ANL005,12/01/2025,6,Testes
APT008688,PRJ0122,ANL021,2025-10-17,6,Documentação
APT005633,PRJ0079,ANL006,18/06/2025,6,Documentação
APT006229,PRJ0084,ANL011,03-set-2025,"6,5",Testes
APT001207,PRJ0014,ANL008,2024-08-08,6,Dashboard
APT007081,PRJ0101,ANL012,2026-06-03,4,Reunião com cliente
APT001561,PRJ0019,ANL016,12/18/2024,"7,5",Testes
APT007839,PRJ0112,ANL021,07-ago-2025,6,Coleta
APT004159,PRJ0054,ANL010,2025-10-08,"6,5",Dashboard
APT008586,PRJ0121,ANL003,2026-06-01,4,Testes
APT003889,PRJ0050,ANL020,2025-10-28,3,Coleta
APT000142,PRJ0003,ANL009,2025-08-18,4,Testes
APT000800,PRJ0010,ANL007,2024-08-07,7,Documentação
APT004007,PRJ0051,ANL017,2024-10-28,4.5,Dashboard
APT006557,PRJ0092,ANL019,15/08/2024,8.5,Coleta
APT008374,PRJ0120,ANL013,2026-03-25,8,Documentação
APT003665,PRJ0046,ANL010,2024-01-24,8.5,Testes
APT007006,PRJ0100,ANL010,13-mai-2026,4.5,Documentação
APT002156,PRJ0026,ANL003,09/24/2025,6,ETL
APT003634,PRJ0046,ANL022,2024-01-18,4.5,Testes
APT007573,PRJ0106,ANL009,22-jun-2026,4,ETL
APT000899,PRJ0011,ANL014,2025-09-01,7,Dashboard
APT000111,PRJ0003,ANL015,17-jun-2025,4.5,Coleta
APT000042,PRJ0001,ANL022,05/03/2024,3,Reunião com cliente
APT000143,PRJ0003,ANL021,2025-07-21,6,ETL
APT007529,PRJ0106,ANL021,2026-06-23,6,Modelagem
APT002499,PRJ0032,ANL024,02/02/2026,8,Modelagem
APT008683,PRJ0122,ANL009,2025-09-05,"6,5",Testes
APT008038,PRJ0115,ANL005,2024-04-09,3,Documentação
APT008398,PRJ0120,ANL013,15/06/2026,6,Coleta
APT000984,PRJ0012,ANL017,2026-05-18,6,Coleta
APT009525,PRJ0136,ANL013,28/01/2026,2,Dashboard
APT003373,PRJ0042,ANL013,28-abr-2025,"7,5",Modelagem
APT008281,PRJ0119,ANL024,01/15/2024,7,Dashboard
APT005408,PRJ0077,ANL020,2024-11-04,6,Reunião com cliente
APT005206,PRJ0070,ANL010,04/08/2025,4,ETL
APT003249,PRJ0041,ANL005,2025-04-01,7,Testes
APT003825,PRJ0048,ANL005,2024-11-21,6,Dashboard
APT008475,PRJ0120,ANL001,13/04/2026,4.5,Apresentação
APT007680,PRJ0109,ANL013,2026-05-25,6,Dashboard
APT004398,PRJ0057,ANL006,2026-02-10,6.5,ETL
APT008891,PRJ0126,ANL005,2026-05-18,7,Coleta
APT002456,PRJ0032,ANL024,11-fev-2026,4,Coleta
APT003533,PRJ0042,ANL007,12/06/2025,7,Reunião com cliente
APT002572,PRJ0032,ANL006,2026-02-25,5.5,ETL
APT006635,PRJ0093,ANL020,28-out-2024,8.5,Apresentação
APT009754,PRJ0140,ANL012,2025-12-22,6,Apresentação
APT004985,PRJ0067,ANL019,2024-07-03,6,Reunião com cliente
APT006193,PRJ0083,ANL009,08/05/2025,7,Testes
APT006775,PRJ0096,ANL003,19-mar-2026,4,Dashboard
APT000722,PRJ0009,ANL017,2025-11-10,2,Dashboard
APT002256,PRJ0029,ANL013,2025-07-28,4,Testes
APT008621,PRJ0122,ANL021,2025-09-08,6.5,Apresentação
APT006659,PRJ0093,ANL008,2024-09-02,4,Apresentação
APT006639,PRJ0093,ANL020,2024-09-16,4,ETL
APT000499,PRJ0007,ANL010,2024-12-16,"7,5",Modelagem
APT006010,PRJ0082,ANL010,2025-04-09,7.5,Dashboard
APT001038,PRJ0012,ANL011,2026-05-22,6,ETL
APT001633,PRJ0021,ANL002,2025-12-25,4,Testes
APT003227,PRJ0041,ANL011,06/16/2025,7,Dashboard
APT007997,PRJ0115,ANL023,2024-05-07,3,Dashboard
APT008593,PRJ0121,ANL009,2026-03-25,7,ETL
APT002502,PRJ0032,ANL006,2026-02-06,2,Dashboard
APT001260,PRJ0014,ANL014,07/08/2024,3,Coleta
APT007012,PRJ0101,ANL012,08/06/2026,4.5,Testes
APT002854,PRJ0036,ANL013,24/04/2026,3,Coleta
APT001955,PRJ0025,ANL010,2025-02-04,5,Testes
APT000163,PRJ0004,ANL017,2024-04-17,"4,5",Apresentação
APT008523,PRJ0121,ANL021,2026-04-03,4,ETL
APT000993,PRJ0012,ANL005,04-mai-2026,3.5,Dashboard
APT008806,PRJ0124,ANL022,10/14/2024,8,Testes
APT003809,PRJ0048,ANL005,2024-11-25,4,ETL
APT001498,PRJ0017,ANL022,02/03/2025,7,ETL
APT000318,PRJ0006,ANL008,2025-04-24,5,ETL
APT003520,PRJ0042,ANL001,21-ago-2025,4,Dashboard
APT006496,PRJ0089,ANL022,06/27/2024,7.5,Documentação
APT002991,PRJ0037,ANL004,2025-04-03,6,Modelagem
APT004118,PRJ0053,ANL002,2026-04-10,4,Modelagem
APT009379,PRJ0135,ANL014,01-mar-2024,4,Reunião com cliente
APT004349,PRJ0056,ANL003,2025-03-12,7,Apresentação
APT004219,PRJ0055,ANL008,06/09/2024,7,Testes
APT007220,PRJ0103,ANL017,2025-02-10,8,Testes
APT000478,PRJ0007,ANL022,2025-02-03,6.5,Apresentação
APT002656,PRJ0034,ANL018,2024-05-27,3,ETL
APT007395,PRJ0106,ANL021,2026-05-25,5,Apresentação
APT008733,PRJ0123,ANL020,2025-04-25,6,Coleta
APT000361,PRJ0006,ANL014,2025-06-13,6,Reunião com cliente
APT004651,PRJ0063,ANL013,2026-06-24,7,DOCUMENTAÇÃO
APT001569,PRJ0019,ANL022,2024-12-10,6,Dashboard
APT006367,PRJ0087,ANL012,2025-11-17,7,Testes
APT009192,PRJ0131,ANL015,2024-04-08,3,Documentação
APT000817,PRJ0010,ANL013,14/10/2024,6,Modelagem
APT005029,PRJ0068,ANL023,2025-03-05,"6,5",Reunião com cliente
APT006606,PRJ0093,ANL014,25/09/2024,4,Dashboard
APT002888,PRJ0036,ANL019,2026-03-05,8,Documentação
APT003816,PRJ0048,ANL023,2024-12-27,3,Reunião com cliente
APT002160,PRJ0026,ANL021,2025-08-29,6.5,Coleta
APT001486,PRJ0017,ANL022,2025-02-03,5,Dashboard
APT004396,PRJ0057,ANL012,02/23/2026,8,Testes
APT003852,PRJ0049,ANL012,2026-02-09,5,Documentação
APT002343,PRJ0029,ANL013,03/11/2025,4.5,Modelagem
APT005867,PRJ0081,ANL005,2026-06-23,8,Testes
APT000128,PRJ0003,ANL003,2025-06-30,6,Documentação
APT008308,PRJ0120,ANL019,25-mai-2026,3,Testes
APT009014,PRJ0129,ANL001,13/01/2026,2.5,Coleta
APT006815,PRJ0096,ANL015,2026-05-06,6,Documentação
APT008589,PRJ0121,ANL009,05/29/2026,2,Apresentação
APT003479,PRJ0042,ANL007,05/02/2025,5,Dashboard
APT002388,PRJ0029,ANL001,2025-10-20,7,ETL
APT000249,PRJ0005,ANL011,2024-12-09,6,Documentação
APT005697,PRJ0080,ANL021,26-nov-2024,3,Coleta
APT009766,PRJ0140,ANL024,2025-10-27,7,ETL
APT004335,PRJ0056,ANL009,2025-02-17,2,Testes
APT007330,PRJ0104,ANL018,2024-06-03,4,ETL
APT003142,PRJ0039,ANL019,11-nov-2024,5.5,Modelagem
APT007282,PRJ0104,ANL006,2024-04-22,5,Dashboard
APT004718,PRJ0063,ANL001,05/14/2026,5,Documentação
APT001926,PRJ0025,ANL022,2025-02-18,8,COLETA
APT004805,PRJ0064,ANL002,2026-04-15,8,ETL
APT005918,PRJ0081,ANL017,2026-06-08,6,Documentação
APT008261,PRJ0119,ANL018,2024-02-27,6,Documentação
APT001367,PRJ0015,ANL016,2025-11-03,2.5,Apresentação
APT001076,PRJ0012,ANL017,28/05/2026,3.5,MODELAGEM
APT007735,PRJ0109,ANL013,05/11/2026,"7,5",Modelagem
APT007528,PRJ0106,ANL009,2026-04-02,3,Testes
APT005788,PRJ0081,ANL011,18-mai-2026,2,Dashboard
APT001048,PRJ0012,ANL011,24/02/2026,2,Apresentação
APT001465,PRJ0017,ANL004,2025-02-10,4,Apresentação
APT001147,PRJ0013,ANL023,04-nov-2024,8,Apresentação
APT004404,PRJ0058,ANL007,2024-04-01,8,Documentação
APT008518,PRJ0121,ANL021,11-mai-2026,3,Coleta
APT000034,PRJ0001,ANL022,22-abr-2024,4,Testes
APT000362,PRJ0006,ANL002,24/06/2025,3.5,ETL
APT000044,PRJ0001,ANL004,2024-04-23,5,Dashboard
APT003864,PRJ0049,ANL018,02/12/2026,6.5,Dashboard
APT004168,PRJ0055,ANL020,2024-09-18,8.5,Apresentação
APT007792,PRJ0110,ANL008,2025-01-23,6.5,Dashboard
APT005829,PRJ0081,ANL011,22/04/2026,8,Reunião com cliente
APT000600,PRJ0008,ANL017,22/05/2026,7,ETL
APT001411,PRJ0016,ANL004,2026-05-19,7,Apresentação
APT000219,PRJ0005,ANL017,2025-02-17,5,Dashboard
APT002731,PRJ0034,ANL024,2024-02-22,6,Coleta
APT004761,PRJ0064,ANL008,2026-03-16,7,Modelagem
APT001548,PRJ0019,ANL010,2025-02-05,4.5,Dashboard
APT001176,PRJ0014,ANL020,06/28/2024,7,DASHBOARD
APT009256,PRJ0133,ANL006,2026-04-27,7,Coleta
APT002831,PRJ0036,ANL001,2026-06-02,4.5,Documentação
APT001964,PRJ0025,ANL022,2025-04-14,4.5,Apresentação
APT005424,PRJ0077,ANL008,01-nov-2024,4,Dashboard
APT007452,PRJ0106,ANL015,2026-06-12,7,Coleta
APT002189,PRJ0026,ANL003,19/01/2026,4.5,Testes
APT009649,PRJ0139,ANL005,2024-11-25,4,ETL
APT006767,PRJ0095,ANL008,25/02/2025,7,Documentação
APT006091,PRJ0083,ANL021,2025-05-27,"8,5",ETL
APT008653,PRJ0122,ANL009,2025-09-12,8,Coleta
APT000959,PRJ0012,ANL023,04/06/2026,8,ETL
APT005167,PRJ0070,ANL022,2025-06-20,8,Apresentação
APT005598,PRJ0079,ANL012,01/07/2025,2,Dashboard
APT000022,PRJ0001,ANL022,2024-05-06,4,Coleta
APT005084,PRJ0069,ANL024,2024-09-16,8.5,Coleta
APT008544,PRJ0121,ANL021,2026-06-05,3,Reunião com cliente
APT002564,PRJ0032,ANL012,2026-05-12,6,Modelagem
APT005120,PRJ0070,ANL016,2025-03-12,4,Reunião com cliente
APT009245,PRJ0133,ANL018,01/06/2026,4,Testes
APT008345,PRJ0120,ANL001,2026-03-23,2,Dashboard
APT009486,PRJ0136,ANL019,2026-03-25,6.5,Coleta
APT004044,PRJ0052,ANL004,23/04/2026,6,Testes
APT004663,PRJ0063,ANL007,2026-06-26,2,Dashboard
APT002520,PRJ0032,ANL024,06/08/2026,4,Modelagem
APT005223,PRJ0071,ANL023,2025-02-24,6,Dashboard
APT003393,PRJ0042,ANL019,23/06/2025,2,Modelagem
APT003562,PRJ0044,ANL017,09-jun-2025,7,ETL
APT008561,PRJ0121,ANL009,04/27/2026,6,Modelagem
APT005837,PRJ0081,ANL017,20-abr-2026,6,Reunião com cliente
APT000255,PRJ0005,ANL011,2024-12-18,2.5,Dashboard
APT004484,PRJ0059,ANL008,2025-02-07,2,Coleta
APT007059,PRJ0101,ANL024,2026-06-25,6.5,Coleta
APT009765,PRJ0140,ANL012,09/17/2025,7,Coleta
APT006760,PRJ0095,ANL014,27/01/2025,6,Modelagem
APT009620,PRJ0139,ANL023,2024-12-02,5,Coleta
APT001928,PRJ0025,ANL010,2025-02-10,2.5,Apresentação
APT009729,PRJ0140,ANL012,18-dez-2025,6,Testes
APT008133,PRJ0118,ANL008,14-nov-2025,7.5,Testes
APT000905,PRJ0012,ANL011,2026-03-23,8,Modelagem
APT001510,PRJ0018,ANL017,22/09/2025,6,Coleta
APT005875,PRJ0081,ANL011,2026-04-21,"4,5",Reunião com cliente
APT007076,PRJ0101,ANL018,23-abr-2026,4,COLETA
APT001267,PRJ0014,ANL008,09/09/2024,3,Testes
APT004964,PRJ0066,ANL015,2024-11-04,7,Apresentação
APT000582,PRJ0008,ANL023,2026-06-17,7,Modelagem
APT007000,PRJ0100,ANL022,05/08/2026,4.5,Dashboard
APT008522,PRJ0121,ANL009,2026-04-03,8,Reunião com cliente
APT001535,PRJ0019,ANL016,2025-01-01,6,Reunião com cliente
APT000283,PRJ0005,ANL011,2025-01-06,6,Modelagem
APT008908,PRJ0127,ANL018,2025-10-13,3,Reunião com cliente
APT008313,PRJ0120,ANL019,2026-05-14,7,Coleta
APT006283,PRJ0086,ANL021,2026-04-09,8,ETL
APT005581,PRJ0079,ANL006,2025-06-05,6,Testes
APT009467,PRJ0136,ANL007,2026-02-09,5,Testes
APT003097,PRJ0039,ANL013,2024-12-16,3,Coleta
APT009099,PRJ0130,ANL013,16-jun-2025,6,Reunião com cliente
APT006209,PRJ0083,ANL003,07/10/2025,8,Testes
APT004125,PRJ0053,ANL002,2026-03-26,6.5,Testes
APT002826,PRJ0036,ANL013,22/04/2026,4,MODELAGEM
APT008271,PRJ0119,ANL006,2024-02-14,3,Coleta
APT006741,PRJ0095,ANL020,01/16/2025,2.5,Apresentação
APT008458,PRJ0120,ANL001,2026-05-21,7,Reunião com cliente
APT001576,PRJ0019,ANL010,2024-12-16,6,ETL
APT007524,PRJ0106,ANL021,01-jun-2026,6,Dashboard
APT004691,PRJ0063,ANL001,2026-05-22,4,Apresentação
APT000103,PRJ0003,ANL009,28/07/2025,6,Modelagem
APT000816,PRJ0010,ANL019,2024-08-14,7,Reunião com cliente
APT008861,PRJ0126,ANL017,26-jan-2026,2,ETL
APT004207,PRJ0055,ANL020,06/24/2024,5,Dashboard
APT003041,PRJ0037,ANL004,2025-03-24,6.5,Dashboard
APT009278,PRJ0133,ANL012,2026-06-24,4.5,Documentação
APT004329,PRJ0056,ANL003,2025-04-07,2.5,Dashboard
APT003502,PRJ0042,ANL013,2025-04-29,6,Dashboard
APT008241,PRJ0119,ANL006,2024-02-26,5,Documentação
APT004685,PRJ0063,ANL007,2026-06-12,5.5,Modelagem
APT001891,PRJ0024,ANL011,2025-10-31,2,Testes
APT003517,PRJ0042,ANL019,2025-04-09,4,Coleta
APT007865,PRJ0113,ANL010,2024-05-16,7.5,Documentação
APT002600,PRJ0033,ANL002,2024-02-01,4,Coleta
APT002423,PRJ0031,ANL009,2024-10-28,6,Modelagem
APT006843,PRJ0098,ANL006,2025-08-15,5,Modelagem
APT009104,PRJ0130,ANL007,2025-05-05,6,Reunião com cliente
APT002446,PRJ0032,ANL006,2026-06-15,4,Documentação
APT009353,PRJ0134,ANL021,2026-02-02,2.5,Dashboard
APT009548,PRJ0136,ANL007,05/05/2026,6,Reunião com cliente
APT005520,PRJ0078,ANL005,2025-10-13,7,Coleta
APT000960,PRJ0012,ANL005,2026-04-30,3.5,Modelagem
APT001728,PRJ0023,ANL005,09-mar-2026,6,Coleta
APT006130,PRJ0083,ANL021,24/11/2025,6,Testes
APT008312,PRJ0120,ANL001,2026-06-08,6,Reunião com cliente
APT003402,PRJ0042,ANL007,09/25/2025,5.5,Documentação
APT008386,PRJ0120,ANL001,04/27/2026,5,Modelagem
APT003063,PRJ0039,ANL019,2025-02-26,7,ETL
APT000903,PRJ0012,ANL017,04/08/2026,7,Coleta
APT001889,PRJ0024,ANL017,15-set-2025,7,Coleta
APT009330,PRJ0134,ANL021,09-fev-2026,4.5,Dashboard
APT000569,PRJ0008,ANL023,2026-04-29,6,Apresentação
APT007603,PRJ0107,ANL005,2025-03-20,6,Reunião com cliente
APT005777,PRJ0081,ANL005,2026-05-25,3,ETL
APT005359,PRJ0075,ANL014,2025-09-01,7,ETL
APT009323,PRJ0134,ANL015,09-jan-2026,7,Reunião com cliente
APT003842,PRJ0049,ANL018,26-jan-2026,6,Testes
APT007444,PRJ0106,ANL021,2026-04-27,3,Dashboard
APT002815,PRJ0035,ANL004,2025-03-18,5,Reunião com cliente
APT002078,PRJ0026,ANL009,20-jan-2026,6,Apresentação
APT002459,PRJ0032,ANL012,2026-05-08,8.5,Dashboard
APT008947,PRJ0128,ANL005,2026-05-20,4,Coleta
APT008503,PRJ0121,ANL003,22/06/2026,3,Documentação
APT008852,PRJ0126,ANL023,2026-02-10,3,Modelagem
APT009464,PRJ0136,ANL013,01/22/2026,4,Apresentação
APT009169,PRJ0131,ANL009,05-mar-2024,5,Coleta
APT004082,PRJ0052,ANL022,2026-03-13,5,Documentação
APT008655,PRJ0122,ANL003,2025-12-01,6,Reunião com cliente
APT000480,PRJ0007,ANL010,2025-01-27,3,Dashboard
APT003691,PRJ0047,ANL018,2024-10-14,7,Dashboard
APT003380,PRJ0042,ANL001,16-set-2025,2,Testes
APT007970,PRJ0115,ANL005,2024-06-28,6,ETL
APT000170,PRJ0004,ANL017,2024-03-19,4,ETL
APT009786,PRJ0140,ANL006,09/29/2025,6.5,Testes
APT002703,PRJ0034,ANL024,2024-05-24,3,Apresentação
APT008333,PRJ0120,ANL013,2026-06-24,5,Coleta
APT000910,PRJ0012,ANL023,03/12/2026,2.5,Modelagem
APT009756,PRJ0140,ANL018,28/01/2026,6,ETL
APT000979,PRJ0012,ANL023,30-abr-2026,"6,5",Coleta
APT004452,PRJ0059,ANL014,03/10/2025,6,Reunião com cliente
APT003910,PRJ0050,ANL020,2025-09-15,8,Modelagem
APT007991,PRJ0115,ANL011,2024-05-23,6,Apresentação
APT006916,PRJ0098,ANL012,09/24/2025,8.5,Testes
APT007845,PRJ0112,ANL003,04/07/2025,3,Reunião com cliente
APT001380,PRJ0016,ANL010,2026-05-19,7,Dashboard
APT008787,PRJ0124,ANL022,2024-10-11,5,Apresentação
APT008744,PRJ0123,ANL014,2025-08-04,4.5,Testes
APT008051,PRJ0115,ANL005,2024-05-06,4,REUNIÃO COM CLIENTE
APT008606,PRJ0122,ANL003,2025-10-27,7,Reunião com cliente
APT007270,PRJ0103,ANL005,2025-02-17,4.5,Testes
APT004108,PRJ0053,ANL020,04-mar-2026,6.5,Reunião com cliente
APT007727,PRJ0109,ANL007,01-jun-2026,2.5,Apresentação
APT007626,PRJ0109,ANL007,2026-03-16,4,DASHBOARD
APT001223,PRJ0014,ANL020,27/06/2024,4,Documentação
APT000655,PRJ0008,ANL005,2026-04-27,6,ETL
APT006364,PRJ0086,ANL015,2026-04-22,6,Modelagem
APT007966,PRJ0114,ANL011,05/13/2024,2,Reunião com cliente
APT001116,PRJ0013,ANL005,2024-12-12,3,Coleta
APT000764,PRJ0010,ANL001,2024-07-30,3.5,Apresentação
APT001688,PRJ0022,ANL009,2026-02-16,4,Apresentação
APT002224,PRJ0027,ANL007,24/10/2024,6.5,Dashboard
APT001136,PRJ0013,ANL005,2024-12-09,8,Documentação
APT009114,PRJ0130,ANL013,05/12/2025,3,Modelagem
APT004469,PRJ0059,ANL014,2025-04-11,8.5,Dashboard
APT006705,PRJ0095,ANL008,10-fev-2025,4.5,Apresentação
APT005020,PRJ0068,ANL005,2025-03-06,6,Apresentação
APT004936,PRJ0066,ANL003,2024-12-16,4.5,Dashboard
APT009356,PRJ0134,ANL003,2026-01-29,4,Documentação
APT002275,PRJ0029,ANL019,06/25/2025,6,Reunião com cliente
APT008031,PRJ0115,ANL011,2024-04-29,3,Coleta
APT009634,PRJ0139,ANL011,2024-11-25,7.5,Dashboard
APT000633,PRJ0008,ANL011,2026-06-15,6,Modelagem
APT001426,PRJ0017,ANL016,02/01/2025,6,REUNIÃO COM CLIENTE
APT004408,PRJ0058,ANL007,19/03/2024,2,ETL
APT002809,PRJ0035,ANL016,2025-03-10,8,Documentação
APT007787,PRJ0110,ANL002,2025-02-10,6,ETL
APT009463,PRJ0136,ANL013,20-jan-2026,6,Documentação
APT000452,PRJ0007,ANL022,2024-12-23,8.5,Coleta
APT001935,PRJ0025,ANL022,2025-04-11,4.5,Documentação
APT003942,PRJ0050,ANL002,2025-09-29,4.5,Apresentação
APT003561,PRJ0044,ANL023,05/06/2025,8,Modelagem
APT005985,PRJ0082,ANL022,06/19/2025,2,Documentação
APT006751,PRJ0095,ANL008,2025-03-17,6,REUNIÃO COM CLIENTE
APT002110,PRJ0026,ANL009,2025-11-05,8,Reunião com cliente
APT007247,PRJ0103,ANL023,2025-04-10,2,Coleta
APT005440,PRJ0077,ANL020,2024-12-24,5,ETL
APT007404,PRJ0106,ANL009,14/04/2026,8,Testes
APT001901,PRJ0025,ANL004,2025-02-24,4.5,MODELAGEM
APT009491,PRJ0136,ANL019,06-mar-2026,4.5,Dashboard
APT006695,PRJ0094,ANL010,2025-08-25,7,ETL
APT007405,PRJ0106,ANL015,30-mar-2026,"3,5",Dashboard
APT000507,PRJ0007,ANL004,2024-11-18,6,Coleta
APT000636,PRJ0008,ANL011,08-jun-2026,6,Testes
APT007844,PRJ0112,ANL021,2025-08-04,6,Testes
APT005209,PRJ0070,ANL016,2025-06-23,"6,5",Coleta
APT002230,PRJ0027,ANL013,2024-09-23,3,Coleta
APT003459,PRJ0042,ANL007,2025-05-28,4,Modelagem
APT006990,PRJ0100,ANL004,2026-05-25,2,Apresentação
APT005993,PRJ0082,ANL022,2025-06-25,7,Testes
APT002102,PRJ0026,ANL021,2025-11-24,6.5,Modelagem
APT007713,PRJ0109,ANL019,03-abr-2026,8.5,Modelagem
APT003492,PRJ0042,ANL001,05-jun-2025,7,Coleta
APT001317,PRJ0015,ANL010,2025-11-12,6.5,Documentação
APT001965,PRJ0025,ANL022,11/04/2025,5,Documentação
APT008229,PRJ0119,ANL006,2024-04-22,5,Dashboard
APT004174,PRJ0055,ANL002,2024-07-01,6,Coleta
APT003804,PRJ0048,ANL011,2024-12-02,6,Modelagem
APT009436,PRJ0136,ANL013,02/19/2026,6.5,Apresentação
APT006391,PRJ0089,ANL022,08/08/2024,3,Documentação
APT003898,PRJ0050,ANL002,18-set-2025,7,ETL
APT008911,PRJ0127,ANL018,11/21/2025,2,Documentação
APT008585,PRJ0121,ANL003,2026-05-27,2,Apresentação
APT001298,PRJ0014,ANL002,2024-10-14,7,Dashboard
APT008156,PRJ0118,ANL008,2026-02-09,4,Dashboard
APT001685,PRJ0022,ANL003,01/04/2026,7,Reunião com cliente
APT000379,PRJ0006,ANL002,2025-03-07,6,Coleta
APT000442,PRJ0007,ANL004,2024-09-16,4,Documentação
APT005917,PRJ0081,ANL011,2026-04-17,8,Documentação
APT006139,PRJ0083,ANL009,06/23/2025,4,Documentação
APT006198,PRJ0083,ANL009,2025-09-26,5.5,Testes
APT003901,PRJ0050,ANL020,2025-10-30,7,TESTES
APT004081,PRJ0052,ANL022,04/17/2026,5,Modelagem
APT003703,PRJ0047,ANL006,10/01/2024,7,ETL
APT004403,PRJ0058,ANL019,03/18/2024,7,Testes
APT007160,PRJ0102,ANL007,20-jan-2025,2,Reunião com cliente
APT000065,PRJ0003,ANL021,2025-09-19,6.5,Dashboard
APT004003,PRJ0051,ANL011,18-nov-2024,4,Coleta
APT001884,PRJ0024,ANL011,2025-10-23,6.5,Apresentação
APT001354,PRJ0015,ANL016,2025-12-02,3,Modelagem
APT002720,PRJ0034,ANL018,2024-02-16,6,Testes
APT005483,PRJ0078,ANL023,2025-08-25,6,Dashboard
APT006840,PRJ0097,ANL018,2024-06-10,6,Dashboard
APT008089,PRJ0117,ANL015,2025-08-01,4,Modelagem
APT007658,PRJ0109,ANL013,04/27/2026,4,Dashboard
APT008244,PRJ0119,ANL018,07/02/2024,4,Dashboard
APT000263,PRJ0005,ANL017,2024-12-27,3,Testes
APT006347,PRJ0086,ANL021,08/06/2026,7.5,Coleta
APT004175,PRJ0055,ANL014,2024-10-07,3,Coleta
APT007241,PRJ0103,ANL005,2025-01-29,4,ETL
APT001723,PRJ0022,ANL009,2026-02-26,6,ETL
APT007332,PRJ0104,ANL006,2024-06-06,4,Modelagem
APT002900,PRJ0036,ANL001,2026-03-09,3.5,Reunião com cliente
APT004160,PRJ0054,ANL004,2025-09-19,4.5,Testes
APT005610,PRJ0079,ANL024,2025-06-13,8,Dashboard
APT005288,PRJ0073,ANL009,2025-02-10,4,Testes
APT008885,PRJ0126,ANL011,2026-01-30,6.5,Dashboard
APT000790,PRJ0010,ANL013,19-set-2024,6.5,Reunião com cliente
APT005373,PRJ0075,ANL002,2025-08-14,8,Apresentação
APT008162,PRJ0118,ANL020,01/13/2026,2,Testes
APT000607,PRJ0008,ANL005,04/05/2026,4,Dashboard
APT001489,PRJ0017,ANL010,21/01/2025,"3,5",Reunião com cliente
APT000312,PRJ0006,ANL008,2025-03-20,5.5,ETL
APT007699,PRJ0109,ANL013,31-mar-2026,3,Dashboard
APT001174,PRJ0014,ANL020,12/08/2024,4.5,ETL
APT009283,PRJ0133,ANL018,2026-05-29,3,Documentação
APT007579,PRJ0106,ANL003,15/06/2026,"6,5",Apresentação
APT000755,PRJ0010,ANL019,26-jul-2024,5,Modelagem
APT006644,PRJ0093,ANL020,2024-11-01,2,Apresentação
APT004825,PRJ0064,ANL002,2026-05-12,"8,5",Apresentação
APT000363,PRJ0006,ANL020,26-jun-2025,4,Reunião com cliente
APT008382,PRJ0120,ANL007,2026-05-29,2,Modelagem
APT005616,PRJ0079,ANL012,2025-06-13,3.5,Apresentação
APT002013,PRJ0026,ANL003,2025-09-12,4.5,Dashboard
APT004800,PRJ0064,ANL008,01/05/2026,3,Testes
APT007471,PRJ0106,ANL003,2026-05-19,"6,5",Dashboard
APT003757,PRJ0047,ANL012,15/11/2024,5,Modelagem
APT009310,PRJ0133,ANL018,05/04/2026,4,Dashboard
APT007176,PRJ0102,ANL001,2025-02-04,6.5,DOCUMENTAÇÃO
APT009056,PRJ0130,ANL007,16/06/2025,7.5,Testes
APT006410,PRJ0089,ANL016,17/06/2024,7.5,ETL
APT001146,PRJ0013,ANL023,09/12/2024,7.5,Modelagem
APT002295,PRJ0029,ANL013,26-set-2025,4,Apresentação
APT006015,PRJ0082,ANL016,2025-07-04,2,Modelagem
APT004342,PRJ0056,ANL021,2025-01-31,2.5,Documentação
APT001166,PRJ0013,ANL023,2024-12-16,2,Modelagem
APT008896,PRJ0127,ANL024,02-dez-2025,4,Testes
APT007293,PRJ0104,ANL024,20-mai-2024,5.5,Dashboard
APT006526,PRJ0091,ANL003,2025-12-05,4,APRESENTAÇÃO
APT002462,PRJ0032,ANL012,27/05/2026,8.5,Modelagem
APT002195,PRJ0027,ANL001,2024-10-25,8,Apresentação
APT006834,PRJ0097,ANL018,2024-06-10,4,ETL
APT001454,PRJ0017,ANL016,18/02/2025,6,ETL
APT004094,PRJ0053,ANL014,18-mar-2026,4.5,Reunião com cliente
APT007290,PRJ0104,ANL024,2024-05-03,4,Testes
APT004836,PRJ0064,ANL014,06-abr-2026,5,Dashboard
APT007054,PRJ0101,ANL024,23/06/2026,4.5,Testes
APT004358,PRJ0056,ANL003,2025-03-18,6,Reunião com cliente
APT004113,PRJ0053,ANL014,2026-03-23,6,Modelagem
APT002717,PRJ0034,ANL006,2024-03-29,6,Modelagem
APT003322,PRJ0042,ANL001,2025-09-25,2,Coleta
APT009205,PRJ0132,ANL016,11/04/2024,2,Dashboard
APT003488,PRJ0042,ANL007,2025-05-12,2,Dashboard
APT001205,PRJ0014,ANL014,2024-09-27,8.5,Coleta
APT003414,PRJ0042,ANL007,20/06/2025,4.5,Documentação
APT000448,PRJ0007,ANL022,11/13/2024,5,Coleta
APT001626,PRJ0021,ANL020,2025-12-18,6,DASHBOARD
APT004297,PRJ0056,ANL021,29-abr-2025,6,Coleta
APT008633,PRJ0122,ANL021,2025-09-30,3,Testes
APT002433,PRJ0031,ANL015,2024-10-21,2,Dashboard
APT009281,PRJ0133,ANL006,01-mai-2026,2,Documentação
APT000231,PRJ0005,ANL023,12/20/2024,6,Coleta
APT003271,PRJ0042,ANL007,2025-04-07,"6,5",Coleta
APT008862,PRJ0126,ANL011,02/23/2026,4.5,Reunião com cliente
APT000503,PRJ0007,ANL004,13-jan-2025,2,Dashboard
APT006560,PRJ0092,ANL019,2024-08-19,5,Apresentação
APT000239,PRJ0005,ANL005,2024-12-23,3,Coleta
APT007204,PRJ0103,ANL017,2025-03-19,4.5,Testes
APT004439,PRJ0059,ANL008,2025-04-01,5,Modelagem
APT004620,PRJ0063,ANL001,05/19/2026,6,Reunião com cliente
APT002849,PRJ0036,ANL007,03/16/2026,8,Dashboard
APT002267,PRJ0029,ANL001,12-ago-2025,4,Apresentação
APT004303,PRJ0056,ANL021,10/02/2025,6,Testes
APT007986,PRJ0115,ANL017,01-abr-2024,6,Dashboard
APT006259,PRJ0084,ANL005,2025-08-22,3,Testes
APT002449,PRJ0032,ANL012,14-mai-2026,4,Apresentação
APT002126,PRJ0026,ANL003,30/07/2025,6,APRESENTAÇÃO
APT009229,PRJ0132,ANL016,2024-11-01,2,Dashboard
APT005122,PRJ0070,ANL016,17/03/2025,6,Documentação
APT000437,PRJ0007,ANL004,2024-11-27,6,Reunião com cliente
APT009577,PRJ0138,ANL005,2026-06-22,"7,5",Documentação
APT009590,PRJ0138,ANL023,06/15/2026,5,Modelagem
APT005307,PRJ0073,ANL015,2025-02-04,7.5,ETL
APT006045,PRJ0082,ANL004,2025-03-19,4,Modelagem
APT003885,PRJ0050,ANL002,10/24/2025,5,ETL
APT001161,PRJ0013,ANL017,28-out-2024,4,ETL
APT003498,PRJ0042,ANL013,31/03/2025,6,Documentação
APT007096,PRJ0101,ANL018,15/06/2026,4.5,Apresentação
APT008074,PRJ0116,ANL001,2025-05-12,5,Apresentação
APT004182,PRJ0055,ANL014,2024-07-22,4,Coleta
APT009083,PRJ0130,ANL013,2025-06-02,2,Dashboard
APT009034,PRJ0129,ANL019,2025-12-09,3,Modelagem
APT004732,PRJ0063,ANL013,05/12/2026,6,Dashboard
APT006486,PRJ0089,ANL010,2024-08-28,6,Documentação
APT007635,PRJ0109,ANL019,23/04/2026,2.5,Documentação
APT006131,PRJ0083,ANL021,28-mai-2025,3.5,Modelagem
APT004227,PRJ0055,ANL008,24-jun-2024,3,Testes
APT004919,PRJ0066,ANL009,19/12/2024,3.5,Testes
APT007257,PRJ0103,ANL017,17/03/2025,4,ETL
APT009364,PRJ0134,ANL003,12/01/2026,7,Testes
APT004296,PRJ0056,ANL015,14/03/2025,6,Reunião com cliente
APT000082,PRJ0003,ANL003,16/07/2025,4,Coleta
APT005253,PRJ0071,ANL011,2025-02-24,4,Testes
APT004203,PRJ0055,ANL014,2024-10-02,4,ETL
APT007201,PRJ0103,ANL023,15/01/2025,"6,5",TESTES
APT002936,PRJ0036,ANL007,2026-03-30,6,ETL
APT006381,PRJ0088,ANL007,2025-08-18,4.5,Dashboard
APT004240,PRJ0055,ANL014,11/09/2024,6,Dashboard
APT005110,PRJ0070,ANL010,07/18/2025,4,Reunião com cliente
APT002152,PRJ0026,ANL003,2025-09-02,5,Modelagem
APT005951,PRJ0081,ANL011,2026-06-05,5,APRESENTAÇÃO
APT004753,PRJ0064,ANL014,03/09/2026,4,Apresentação
APT006847,PRJ0098,ANL018,2025-08-11,4,Coleta
APT007409,PRJ0106,ANL021,2026-05-28,6,Coleta
APT009420,PRJ0135,ANL008,22/03/2024,4.5,Modelagem
APT005199,PRJ0070,ANL004,29/05/2025,6,Modelagem
APT009096,PRJ0130,ANL001,2025-05-16,3.5,Coleta
APT007971,PRJ0115,ANL011,17/06/2024,4,Testes
APT007136,PRJ0101,ANL024,2026-06-08,3.5,Reunião com cliente
APT005427,PRJ0077,ANL008,2024-12-02,5,Modelagem
APT006181,PRJ0083,ANL015,11/25/2025,5,Reunião com cliente
APT007935,PRJ0114,ANL017,2024-04-24,5,Coleta
APT006764,PRJ0095,ANL014,2025-04-25,8.5,Testes
APT004968,PRJ0066,ANL003,21/10/2024,3,Apresentação
APT008368,PRJ0120,ANL013,2026-06-22,5,Coleta
APT001479,PRJ0017,ANL010,2025-02-17,3,Modelagem
APT004591,PRJ0062,ANL023,11-dez-2024,2,Documentação
APT009374,PRJ0135,ANL002,2024-04-02,8,ETL
APT001775,PRJ0023,ANL023,2026-04-06,3.5,Documentação
APT005286,PRJ0072,ANL024,2025-10-24,8,Apresentação
APT005626,PRJ0079,ANL024,23/06/2025,4,MODELAGEM
APT008436,PRJ0120,ANL013,2026-03-31,2,Testes
APT002021,PRJ0026,ANL003,16/10/2025,6,Testes
APT003981,PRJ0051,ANL005,30/10/2024,6,Apresentação
APT007982,PRJ0115,ANL017,2024-06-20,4.5,Reunião com cliente
APT003659,PRJ0046,ANL016,10/01/2024,4.5,Coleta
APT002949,PRJ0036,ANL019,2026-03-05,7,ETL
APT006582,PRJ0093,ANL002,2024-11-12,6,Dashboard
APT002581,PRJ0032,ANL024,08/05/2026,4,Modelagem
APT005618,PRJ0079,ANL018,2025-06-02,6,ETL
APT003628,PRJ0046,ANL010,2024-02-02,4,Dashboard
APT009302,PRJ0133,ANL006,24-abr-2026,4,Apresentação
APT004372,PRJ0057,ANL024,2026-04-16,5,Modelagem
APT009640,PRJ0139,ANL005,2024-12-04,6.5,Coleta
APT000262,PRJ0005,ANL011,2024-12-30,5,Documentação
APT007718,PRJ0109,ANL007,2026-06-08,5,Testes
APT004251,PRJ0055,ANL014,2024-09-10,4.5,APRESENTAÇÃO
APT004922,PRJ0066,ANL003,2024-12-09,7,Coleta
APT007432,PRJ0106,ANL015,25/05/2026,8.5,Documentação
APT000674,PRJ0008,ANL011,2026-03-26,6.5,ETL
APT001173,PRJ0013,ANL005,2024-11-18,6,Dashboard
APT000491,PRJ0007,ANL016,2024-12-09,2,ETL
APT000412,PRJ0006,ANL020,07-jul-2025,8,Documentação
APT007048,PRJ0101,ANL006,04-mai-2026,5.5,Apresentação
APT006438,PRJ0089,ANL010,29/07/2024,3,Dashboard
APT006180,PRJ0083,ANL003,14-mai-2025,3,Dashboard
APT001756,PRJ0023,ANL011,16-mar-2026,3,ETL
APT000677,PRJ0008,ANL011,23/03/2026,4,Modelagem
APT001019,PRJ0012,ANL017,2026-06-25,6,Testes
APT006930,PRJ0099,ANL003,06/23/2025,6,Reunião com cliente
APT008979,PRJ0129,ANL019,22/01/2026,6.5,Coleta
APT001304,PRJ0014,ANL020,2024-06-24,8,Reunião com cliente
APT006507,PRJ0090,ANL023,2024-11-11,8.5,Coleta
APT000047,PRJ0001,ANL010,01/05/2024,4,Testes
APT001144,PRJ0013,ANL017,2024-11-11,7,Testes
APT001954,PRJ0025,ANL010,2025-03-31,4,Reunião com cliente
APT004449,PRJ0059,ANL008,2025-05-06,7.5,Testes
APT003108,PRJ0039,ANL019,12/24/2024,5,Apresentação
APT008792,PRJ0124,ANL004,10/31/2024,4,Testes
APT002599,PRJ0033,ANL008,2024-01-29,4,Coleta
APT001603,PRJ0020,ANL010,03/25/2024,6,ETL
APT003706,PRJ0047,ANL024,2024-11-26,6,ETL
APT009086,PRJ0130,ANL019,04/21/2025,8,Coleta
APT003984,PRJ0051,ANL011,2024-10-28,5,Modelagem
APT008477,PRJ0120,ANL013,03/24/2026,4,Modelagem
APT009799,PRJ0140,ANL024,06-jan-2026,"6,5",Apresentação
APT004925,PRJ0066,ANL015,2024-10-28,6,Documentação
APT006026,PRJ0082,ANL010,28-abr-2025,4.5,TESTES
APT005392,PRJ0076,ANL015,2024-05-31,7,Testes
APT005639,PRJ0079,ANL012,2025-06-02,4,Coleta
APT001264,PRJ0014,ANL002,2024-09-09,6.5,Apresentação
APT002744,PRJ0034,ANL018,03/14/2024,6,Modelagem
APT003065,PRJ0039,ANL001,27-nov-2024,2,Apresentação
APT003161,PRJ0039,ANL013,2025-01-20,6.5,Testes
APT002155,PRJ0026,ANL015,05-dez-2025,6,Apresentação
APT001096,PRJ0012,ANL023,2026-03-10,4,Apresentação
APT008247,PRJ0119,ANL012,2024-03-11,6,Documentação
APT002526,PRJ0032,ANL024,10-fev-2026,5.5,ETL
APT003176,PRJ0039,ANL019,04/02/2025,5,DOCUMENTAÇÃO
APT008580,PRJ0121,ANL021,07/05/2026,8,ETL
APT001352,PRJ0015,ANL016,2025-10-21,4.5,Reunião com cliente
APT005669,PRJ0079,ANL024,19-jun-2025,5,Reunião com cliente
APT003028,PRJ0037,ANL004,2025-04-24,7.5,Dashboard
APT002743,PRJ0034,ANL024,04-mar-2024,2,Reunião com cliente
APT005634,PRJ0079,ANL018,26-mai-2025,7.5,Modelagem
APT007523,PRJ0106,ANL009,10/04/2026,5.5,Apresentação
APT000304,PRJ0006,ANL014,2025-03-06,5,Reunião com cliente
APT003794,PRJ0048,ANL011,11/25/2024,6.5,Modelagem
APT003398,PRJ0042,ANL019,2025-04-21,8,ETL
APT008879,PRJ0126,ANL005,2026-04-10,8.5,Dashboard
APT001941,PRJ0025,ANL010,2025-02-03,8.5,Testes
APT006681,PRJ0094,ANL010,2025-09-08,4,Reunião com cliente
APT008905,PRJ0127,ANL018,2025-11-24,"7,5",Documentação
APT006903,PRJ0098,ANL006,2025-09-29,7,Apresentação
APT000116,PRJ0003,ANL015,2025-07-16,4,Reunião com cliente
APT009493,PRJ0136,ANL007,2026-05-11,"7,5",Documentação
APT000840,PRJ0010,ANL019,07/17/2024,2,Coleta
APT000435,PRJ0007,ANL022,2024-12-06,3,Dashboard
APT006126,PRJ0083,ANL015,2025-11-17,6,DASHBOARD
APT003578,PRJ0045,ANL010,2025-03-10,6,Coleta
APT007827,PRJ0111,ANL005,2026-05-04,4,ETL
APT005235,PRJ0071,ANL005,22-jan-2025,4.5,Coleta
APT000886,PRJ0011,ANL008,2025-08-22,6,ETL
APT009737,PRJ0140,ANL006,09/11/2025,3.5,ETL
APT003500,PRJ0042,ANL019,08/22/2025,6,Modelagem
APT007227,PRJ0103,ANL005,2025-04-04,3,Coleta
APT005415,PRJ0077,ANL002,2024-11-14,7.5,Reunião com cliente
APT003524,PRJ0042,ANL007,2025-04-21,4,Apresentação
APT006248,PRJ0084,ANL023,2025-08-27,4,Reunião com cliente
APT004356,PRJ0056,ANL009,2025-04-17,7.5,Reunião com cliente
APT009665,PRJ0139,ANL023,04/12/2024,2,Documentação
APT008821,PRJ0125,ANL021,2025-04-07,3,Documentação
APT003968,PRJ0051,ANL023,06-dez-2024,5,ETL
APT005257,PRJ0071,ANL017,01/27/2025,5,Modelagem
APT007389,PRJ0106,ANL003,2026-05-27,6,Documentação
APT007993,PRJ0115,ANL005,26-abr-2024,6,Apresentação
APT005150,PRJ0070,ANL004,30/05/2025,6,Dashboard
APT001027,PRJ0012,ANL017,15/06/2026,"7,5",Testes
APT009241,PRJ0133,ANL018,2026-05-06,5,Apresentação
APT006656,PRJ0093,ANL014,16-set-2024,4,Documentação
APT001913,PRJ0025,ANL022,2025-03-24,4,Dashboard
APT006202,PRJ0083,ANL003,09/23/2025,6,Modelagem
APT000588,PRJ0008,ANL017,05/04/2026,2.5,Dashboard
APT007246,PRJ0103,ANL011,2025-02-17,2,Dashboard
APT000522,PRJ0007,ANL010,2025-02-20,4.5,ETL
APT007451,PRJ0106,ANL003,2026-03-30,3,MODELAGEM
APT000704,PRJ0008,ANL005,2026-06-10,5,Modelagem
APT008121,PRJ0118,ANL020,2026-02-09,5,Modelagem
APT002836,PRJ0036,ANL001,2026-03-16,7.5,Coleta
APT000929,PRJ0012,ANL017,16/02/2026,2,Reunião com cliente
APT002605,PRJ0033,ANL020,2024-01-26,2,Apresentação
APT003316,PRJ0042,ANL013,19/06/2025,4,Reunião com cliente
APT006508,PRJ0090,ANL017,18/11/2024,240.0,Coleta
APT004353,PRJ0056,ANL009,29-abr-2025,6,Coleta
APT000759,PRJ0010,ANL019,2024-09-23,4,ETL
APT009365,PRJ0134,ANL003,04-fev-2026,4.5,Documentação
APT003334,PRJ0042,ANL019,2025-03-31,2.5,Apresentação
APT002146,PRJ0026,ANL015,2025-11-11,4,Testes
APT001715,PRJ0022,ANL015,02/18/2026,2,Dashboard
APT003320,PRJ0042,ANL001,2025-09-05,2,Coleta
APT009703,PRJ0140,ANL012,2025-11-04,5,Coleta
APT001182,PRJ0014,ANL014,20-ago-2024,5.5,Dashboard
APT001438,PRJ0017,ANL022,2024-12-23,4,Modelagem
APT009663,PRJ0139,ANL011,2024-11-21,5,ETL
APT002426,PRJ0031,ANL003,2024-10-23,4,APRESENTAÇÃO
APT004383,PRJ0057,ANL024,2026-03-02,4,Coleta
APT003856,PRJ0049,ANL006,23-fev-2026,6,Reunião com cliente
APT002658,PRJ0034,ANL024,04/03/2024,8,Dashboard
APT007509,PRJ0106,ANL009,22/06/2026,8,ETL
APT000250,PRJ0005,ANL005,28/02/2025,2,Testes
APT006309,PRJ0086,ANL015,2026-03-05,6,Apresentação
APT008187,PRJ0119,ANL018,2024-05-21,5.5,Coleta
APT008915,PRJ0127,ANL012,2025-10-03,7,Dashboard
APT000076,PRJ0003,ANL003,12-ago-2025,6.5,MODELAGEM
APT001432,PRJ0017,ANL004,2025-02-24,3.5,Documentação
APT009351,PRJ0134,ANL015,03-fev-2026,4.5,MODELAGEM
APT008993,PRJ0129,ANL019,26/01/2026,6,Modelagem
APT007052,PRJ0101,ANL012,2026-05-13,7,Coleta
APT005470,PRJ0078,ANL017,2025-09-24,2,Testes
APT007168,PRJ0102,ANL019,01/20/2025,6.5,Testes
APT008231,PRJ0119,ANL012,22-mar-2024,4,Reunião com cliente
APT005488,PRJ0078,ANL023,09/19/2025,6,Testes
APT004276,PRJ0056,ANL021,31-mar-2025,3,TESTES
APT004142,PRJ0053,ANL020,30/03/2026,3,Testes
APT007657,PRJ0109,ANL007,01-mai-2026,"3,5",Coleta
APT005468,PRJ0078,ANL017,2025-09-29,6,Apresentação
APT003358,PRJ0042,ANL007,22/04/2025,8.5,Documentação
APT006304,PRJ0086,ANL009,2026-03-18,2,Documentação
APT009526,PRJ0136,ANL013,26-jan-2026,8,ETL
APT004658,PRJ0063,ANL019,2026-05-25,3,Apresentação
APT008972,PRJ0128,ANL011,20/04/2026,4,Modelagem
APT008789,PRJ0124,ANL016,2024-10-08,2.5,Apresentação
APT001467,PRJ0017,ANL010,2025-02-10,2,ETL
APT009287,PRJ0133,ANL006,22/06/2026,7,Modelagem
APT007769,PRJ0109,ANL019,04-jun-2026,6,Coleta
APT004292,PRJ0056,ANL003,2025-04-14,3,ETL
APT000552,PRJ0007,ANL022,07-jan-2025,4,Apresentação
APT007131,PRJ0101,ANL012,17/06/2026,6,Dashboard
APT007976,PRJ0115,ANL017,2024-06-03,2,APRESENTAÇÃO
APT000634,PRJ0008,ANL011,2026-05-29,8,Apresentação
APT005907,PRJ0081,ANL005,20-mai-2026,7,Documentação
APT005399,PRJ0076,ANL009,2024-06-03,4,Testes
APT003652,PRJ0046,ANL004,19/02/2024,4,Modelagem
APT006773,PRJ0096,ANL015,2026-05-29,8,Apresentação
APT007521,PRJ0106,ANL003,2026-06-12,4,Documentação
APT003339,PRJ0042,ANL007,07/21/2025,8,Coleta
APT003645,PRJ0046,ANL016,20/03/2024,2.5,Apresentação
APT002463,PRJ0032,ANL006,02-mar-2026,2.5,Dashboard
APT007242,PRJ0103,ANL005,2025-04-28,7.5,Documentação
APT003975,PRJ0051,ANL005,29-nov-2024,4,Reunião com cliente
APT007677,PRJ0109,ANL001,25/05/2026,6,Coleta
APT003920,PRJ0050,ANL020,11/05/2025,7,Apresentação
APT004586,PRJ0062,ANL017,2024-12-27,8,ETL
APT002332,PRJ0029,ANL013,2025-07-18,4,Apresentação
APT002243,PRJ0028,ANL004,2024-10-01,4,Documentação
APT000557,PRJ0007,ANL016,2024-10-21,7,Modelagem
APT005137,PRJ0070,ANL022,09-abr-2025,2,Reunião com cliente
APT002127,PRJ0026,ANL009,09-out-2025,8,ETL
APT007102,PRJ0101,ANL012,2026-06-23,4,Dashboard
APT006809,PRJ0096,ANL021,20/04/2026,2,Apresentação
APT004345,PRJ0056,ANL009,04/03/2025,6,Modelagem
APT003937,PRJ0050,ANL020,2025-11-05,3,Dashboard
APT003826,PRJ0048,ANL005,2024-12-04,2,COLETA
APT009556,PRJ0137,ANL001,2025-07-11,4,Apresentação
APT008768,PRJ0123,ANL014,2025-06-20,4,Testes
APT000884,PRJ0011,ANL014,2025-08-12,6,Apresentação
APT007401,PRJ0106,ANL021,2026-06-03,7,ETL
APT001703,PRJ0022,ANL003,2026-03-26,2,Dashboard
APT006675,PRJ0093,ANL008,2024-10-03,5,Dashboard
APT007027,PRJ0101,ANL018,02-jun-2026,3,Apresentação
APT005465,PRJ0078,ANL011,11/08/2025,6,Testes
APT001504,PRJ0017,ANL022,06-jan-2025,4,Reunião com cliente
APT001183,PRJ0014,ANL002,11/08/2024,8,Modelagem
APT002834,PRJ0036,ANL013,16-jun-2026,8,ETL
APT003265,PRJ0041,ANL017,2025-04-14,8,ETL
APT000748,PRJ0010,ANL001,24-set-2024,6.5,Modelagem
APT002976,PRJ0036,ANL013,2026-04-29,3,DASHBOARD
APT008478,PRJ0120,ANL001,2026-05-04,6,Dashboard
APT005476,PRJ0078,ANL005,2025-10-10,8.5,MODELAGEM
APT005054,PRJ0069,ANL024,09/23/2024,2,Dashboard
APT005346,PRJ0075,ANL020,18/08/2025,4.5,Reunião com cliente
APT008901,PRJ0127,ANL018,2025-11-12,2,DASHBOARD
APT005583,PRJ0079,ANL018,2025-07-03,7.5,Coleta
APT004409,PRJ0058,ANL013,21-mar-2024,7,Reunião com cliente
APT003162,PRJ0039,ANL013,03/01/2025,5,Documentação
APT002174,PRJ0026,ANL015,2025-08-13,7,Testes
APT007873,PRJ0113,ANL016,30/05/2024,"4,5",ETL
APT004652,PRJ0063,ANL019,2026-06-18,5,Modelagem
APT003674,PRJ0046,ANL010,24-jan-2024,2,Dashboard
APT001127,PRJ0013,ANL023,11/25/2024,6,Coleta
APT008812,PRJ0125,ANL021,14-abr-2025,8,Coleta
APT001471,PRJ0017,ANL016,2025-02-25,7,Testes
APT004766,PRJ0064,ANL002,23-fev-2026,3,Testes
APT005698,PRJ0080,ANL021,11/11/2024,6,Testes
APT000719,PRJ0009,ANL023,13/11/2025,8.5,Modelagem
APT008422,PRJ0120,ANL019,2026-04-08,7,ETL
APT009161,PRJ0131,ANL009,19/03/2024,5,Reunião com cliente
APT003232,PRJ0041,ANL005,24/04/2025,4,Coleta
APT003046,PRJ0038,ANL002,2024-06-24,6.5,Modelagem
APT004499,PRJ0060,ANL018,05/05/2025,4,Testes
APT008565,PRJ0121,ANL021,2026-04-02,5.5,Coleta
APT006143,PRJ0083,ANL015,2025-08-01,4,Dashboard
APT005544,PRJ0078,ANL005,08/13/2025,5,Documentação
APT009655,PRJ0139,ANL023,2024-09-23,"7,5",Reunião com cliente
APT004339,PRJ0056,ANL015,04-abr-2025,"8,5",Documentação
APT002823,PRJ0035,ANL022,2025-03-12,5,Coleta
APT003582,PRJ0045,ANL016,21/02/2025,6.5,ETL
APT002342,PRJ0029,ANL007,2025-10-06,6,Reunião com cliente
APT008916,PRJ0127,ANL006,29/09/2025,7,Modelagem
APT003902,PRJ0050,ANL008,2025-09-15,3.5,Documentação
APT002941,PRJ0036,ANL001,2026-04-01,6,Modelagem
APT003616,PRJ0046,ANL016,2024-01-09,2,Dashboard
APT008745,PRJ0123,ANL002,2025-06-02,4,Coleta
APT008603,PRJ0121,ANL003,05/12/2026,3.5,Documentação
APT005966,PRJ0081,ANL017,2026-06-09,5,Modelagem
APT009255,PRJ0133,ANL012,2026-04-23,3,Testes
APT004164,PRJ0054,ANL010,26-set-2025,4.5,Coleta
APT007194,PRJ0103,ANL023,10/02/2025,6,Coleta
APT004601,PRJ0062,ANL017,2025-02-21,3,ETL
APT005322,PRJ0073,ANL021,2025-02-10,7,Modelagem
APT003429,PRJ0042,ANL019,13-mai-2025,4,Documentação
APT001280,PRJ0014,ANL008,03-set-2024,6.5,ETL
APT007056,PRJ0101,ANL006,06/02/2026,4,Documentação
APT004140,PRJ0053,ANL014,2026-04-22,4.5,ETL
APT002405,PRJ0030,ANL015,2024-09-27,4,Testes
APT003105,PRJ0039,ANL001,2024-11-18,7.5,Testes
APT002272,PRJ0029,ANL013,2025-10-13,7,Apresentação
APT001526,PRJ0018,ANL011,10/17/2025,7,COLETA
APT008650,PRJ0122,ANL003,13/08/2025,7.5,Testes
APT007590,PRJ0106,ANL021,2026-06-05,8,Documentação
APT004468,PRJ0059,ANL014,2025-03-20,3,Apresentação
APT003179,PRJ0039,ANL019,2025-01-31,8,Modelagem
APT006752,PRJ0095,ANL002,2025-03-31,4,Testes
APT002220,PRJ0027,ANL001,2024-10-03,4,ETL
APT005009,PRJ0067,ANL007,2024-07-08,6,Documentação
APT008260,PRJ0119,ANL012,05/14/2024,6,Testes
APT009175,PRJ0131,ANL003,15/03/2024,"7,5",ETL
APT008296,PRJ0120,ANL013,2026-05-11,5.5,Testes
APT002996,PRJ0037,ANL022,03/28/2025,8,Modelagem
APT003946,PRJ0050,ANL002,06/10/2025,3.5,Coleta
APT003814,PRJ0048,ANL017,23-dez-2024,8,Apresentação
APT009778,PRJ0140,ANL012,26-ago-2025,4,ETL
APT001864,PRJ0024,ANL005,2025-11-17,8.5,Modelagem
APT001154,PRJ0013,ANL011,21-out-2024,5,Modelagem
APT009474,PRJ0136,ANL013,2026-05-15,2.5,Dashboard
APT007945,PRJ0114,ANL005,04/15/2024,3,Apresentação
APT008344,PRJ0120,ANL007,06/22/2026,6.5,Reunião com cliente
APT002288,PRJ0029,ANL001,22-mai-2025,8,Documentação
APT008948,PRJ0128,ANL011,2026-05-25,7,Testes
APT001251,PRJ0014,ANL008,07/08/2024,4.5,TESTES
APT008968,PRJ0128,ANL023,2026-04-07,7,Modelagem
APT008323,PRJ0120,ANL013,04/13/2026,3,Testes
APT007459,PRJ0106,ANL015,2026-06-08,3,Testes
APT006922,PRJ0098,ANL006,15-out-2025,4,Testes
APT003739,PRJ0047,ANL024,2024-10-29,8,ETL
APT008667,PRJ0122,ANL021,2025-09-29,3,Documentação
APT000237,PRJ0005,ANL005,10-fev-2025,7,Apresentação
APT006070,PRJ0083,ANL003,2025-10-06,6,Modelagem
APT005755,PRJ0081,ANL023,2026-04-03,2,Coleta
APT003215,PRJ0041,ANL005,2025-05-27,7,Testes
APT005808,PRJ0081,ANL023,22/06/2026,7,Modelagem
APT003917,PRJ0050,ANL008,2025-10-23,5,Modelagem
APT007634,PRJ0109,ANL019,2026-04-29,4,Testes
APT001859,PRJ0024,ANL023,2025-09-09,4,Modelagem
APT009253,PRJ0133,ANL018,25-jun-2026,3,Coleta
APT007629,PRJ0109,ANL019,15-mai-2026,8,Modelagem
APT008531,PRJ0121,ANL021,15/05/2026,6,Coleta
APT007224,PRJ0103,ANL011,03/18/2025,3,ETL
APT006527,PRJ0091,ANL021,2026-01-07,6,Dashboard
APT009171,PRJ0131,ANL003,2024-03-11,4,Modelagem
APT006999,PRJ0100,ANL010,01-jun-2026,7,Reunião com cliente
APT007356,PRJ0106,ANL003,27-abr-2026,4,Testes
APT004624,PRJ0063,ANL007,2026-05-26,4,Dashboard
APT001738,PRJ0023,ANL023,2026-04-06,6.5,ETL
APT004599,PRJ0062,ANL005,01/27/2025,6.5,Apresentação
APT007118,PRJ0101,ANL012,18-mai-2026,6,Coleta
APT004656,PRJ0063,ANL013,2026-06-04,5.5,Dashboard
APT004430,PRJ0059,ANL008,24-mar-2025,2.5,Reunião com cliente
APT002616,PRJ0033,ANL008,05/02/2024,2,ETL
APT003695,PRJ0047,ANL024,14-ago-2024,6,Coleta
APT000931,PRJ0012,ANL005,06/15/2026,4,Reunião com cliente
APT001456,PRJ0017,ANL010,02/17/2025,5,Coleta
APT000179,PRJ0004,ANL023,2024-04-22,4,Reunião com cliente
APT007491,PRJ0106,ANL003,2026-04-10,7.5,Coleta
APT001268,PRJ0014,ANL020,2024-09-26,4.5,Coleta
APT007051,PRJ0101,ANL024,2026-05-20,7,TESTES
APT003056,PRJ0039,ANL013,2025-02-07,4,Testes
APT004071,PRJ0052,ANL004,2026-03-18,4,Testes
APT007253,PRJ0103,ANL011,2025-02-12,7,Documentação
APT003677,PRJ0046,ANL022,2024-02-19,6,Documentação
APT005957,PRJ0081,ANL005,05/12/2026,4,ETL
APT003067,PRJ0039,ANL007,2024-12-16,4,Reunião com cliente
APT000339,PRJ0006,ANL002,2025-04-11,4,Dashboard
APT001952,PRJ0025,ANL022,06-fev-2025,5,Reunião com cliente
APT005570,PRJ0079,ANL018,21/05/2025,7,Reunião com cliente
APT003132,PRJ0039,ANL013,2024-12-24,5,Testes
APT006296,PRJ0086,ANL021,2026-03-23,4,Documentação
APT003494,PRJ0042,ANL019,2025-06-12,8.5,Testes
APT002822,PRJ0035,ANL010,2025-03-17,8.5,ETL
APT000604,PRJ0008,ANL023,2026-04-20,2,ETL
APT002247,PRJ0028,ANL016,10/16/2024,4,Testes
APT002440,PRJ0032,ANL006,2026-03-16,4,ETL
APT002104,PRJ0026,ANL009,2025-07-17,3,Reunião com cliente
APT006679,PRJ0094,ANL022,2025-09-19,6,ETL
APT000449,PRJ0007,ANL010,2024-09-11,6.5,Dashboard
APT000197,PRJ0004,ANL023,2024-04-16,3,Reunião com cliente
APT007217,PRJ0103,ANL023,05/02/2025,3,ETL
APT009680,PRJ0139,ANL023,15-nov-2024,5,Documentação
APT009336,PRJ0134,ANL003,26/01/2026,7.5,Apresentação
APT005759,PRJ0081,ANL005,25/06/2026,4,Coleta
APT004837,PRJ0064,ANL014,03/23/2026,6,Testes
APT006211,PRJ0084,ANL005,2025-09-10,5,Dashboard
APT003717,PRJ0047,ANL012,08/23/2024,4,Apresentação
APT006715,PRJ0095,ANL014,2025-04-02,4,Dashboard
APT000212,PRJ0005,ANL017,2025-03-12,3,Documentação
APT004315,PRJ0056,ANL003,2025-03-12,7,Dashboard
APT008767,PRJ0123,ANL002,2025-05-26,6,Reunião com cliente
APT000276,PRJ0005,ANL011,2025-01-27,4.5,DASHBOARD
APT004875,PRJ0065,ANL010,2026-02-27,7.5,Coleta
APT007800,PRJ0110,ANL020,2025-02-07,3.5,Dashboard
APT005950,PRJ0081,ANL011,05/21/2026,5,Reunião com cliente
APT000465,PRJ0007,ANL010,2024-09-16,6,Reunião com cliente
APT000565,PRJ0007,ANL010,05/02/2025,4,Reunião com cliente
APT001090,PRJ0012,ANL023,11/06/2026,7.5,Reunião com cliente
APT007832,PRJ0112,ANL009,04-jul-2025,6,ETL
APT005679,PRJ0079,ANL024,2025-05-19,7,Apresentação
APT008463,PRJ0120,ANL013,03/26/2026,4.5,Dashboard
APT006389,PRJ0089,ANL010,22/07/2024,5,Testes
APT009015,PRJ0129,ANL001,19-jan-2026,3,Modelagem
APT005973,PRJ0082,ANL004,2025-07-16,8,Apresentação
APT007384,PRJ0106,ANL009,01-jun-2026,4,ETL
APT002877,PRJ0036,ANL007,05/15/2026,6,Documentação
APT005856,PRJ0081,ANL011,2026-04-27,7,Documentação
APT008641,PRJ0122,ANL021,2025-08-05,6,Modelagem
APT009354,PRJ0134,ANL003,2026-02-02,4,Coleta
APT006164,PRJ0083,ANL009,2025-07-10,6,Modelagem
APT000760,PRJ0010,ANL013,2024-08-19,8,Apresentação
APT000968,PRJ0012,ANL011,2026-05-13,4,Testes
APT003050,PRJ0038,ANL002,11/07/2024,6,Modelagem
APT009102,PRJ0130,ANL007,2025-05-05,7.5,Testes
APT004889,PRJ0065,ANL016,2026-03-04,2,Dashboard
APT000158,PRJ0004,ANL005,2024-04-09,6,ETL
APT003813,PRJ0048,ANL005,04/12/2024,7.5,Coleta
APT008720,PRJ0122,ANL015,05/09/2025,3.5,Modelagem
APT003436,PRJ0042,ANL007,02-mai-2025,7,ETL
APT009466,PRJ0136,ANL013,2026-05-01,4,Dashboard
APT007771,PRJ0109,ANL019,2026-04-07,8,Modelagem
APT002285,PRJ0029,ANL001,2025-07-14,4,Documentação
APT004104,PRJ0053,ANL008,2026-03-24,2,Apresentação
APT008334,PRJ0120,ANL013,2026-05-06,8,ETL
APT005188,PRJ0070,ANL010,2025-05-27,4.5,Documentação
APT005252,PRJ0071,ANL023,2025-02-13,8,Coleta
APT008179,PRJ0119,ANL018,2024-01-15,5,Documentação
APT007513,PRJ0106,ANL015,2026-06-23,"5,5",Dashboard
APT008659,PRJ0122,ANL003,10/02/2025,3,Apresentação
APT008691,PRJ0122,ANL015,2025-09-15,7,Dashboard
APT000623,PRJ0008,ANL005,05/11/2026,6,ETL
APT005083,PRJ0069,ANL024,2024-10-14,"5,5",Testes
APT009210,PRJ0132,ANL010,01/11/2024,6.5,Modelagem
APT000025,PRJ0001,ANL022,2024-04-29,6,Reunião com cliente
APT008144,PRJ0118,ANL002,2025-10-14,8,Reunião com cliente
APT008445,PRJ0120,ANL013,2026-04-17,4,Coleta
APT000469,PRJ0007,ANL016,09/23/2024,4,Dashboard
APT001542,PRJ0019,ANL010,2025-01-30,6,Testes
APT005451,PRJ0077,ANL002,10/12/2024,2,COLETA
APT005882,PRJ0081,ANL017,2026-04-27,5,Documentação
APT003773,PRJ0047,ANL012,12/09/2024,5,Modelagem
APT003991,PRJ0051,ANL011,2024-12-25,4,ETL
APT000834,PRJ0010,ANL001,2024-10-10,4,Dashboard
APT003430,PRJ0042,ANL019,05/01/2025,4.5,Apresentação
APT004605,PRJ0062,ANL011,06-fev-2025,4,ETL
APT003171,PRJ0039,ANL007,10/29/2024,2,Reunião com cliente
APT008338,PRJ0120,ANL013,2026-06-12,6,Reunião com cliente
APT001650,PRJ0021,ANL020,19/11/2025,8,Apresentação
APT002637,PRJ0034,ANL018,29/01/2024,6.5,Documentação
APT004865,PRJ0064,ANL014,03/30/2026,6,Testes
APT000345,PRJ0006,ANL008,2025-03-10,4,Dashboard
APT006123,PRJ0083,ANL015,24/07/2025,4,Documentação
APT008717,PRJ0122,ANL003,2025-07-24,7,Apresentação
APT001464,PRJ0017,ANL016,2025-02-17,6,Documentação
APT007913,PRJ0113,ANL004,2024-06-06,6,Documentação
APT002040,PRJ0026,ANL003,2025-10-06,5,Documentação
APT002321,PRJ0029,ANL007,2025-06-09,4,Reunião com cliente
APT004097,PRJ0053,ANL008,2026-03-13,6.5,Testes
APT009248,PRJ0133,ANL012,2026-06-24,6.5,Coleta
APT003251,PRJ0041,ANL023,2025-05-19,8,TESTES
APT008958,PRJ0128,ANL005,11/05/2026,2.5,Dashboard
APT006890,PRJ0098,ANL012,2025-08-08,4,Documentação
APT006362,PRJ0086,ANL015,08-mai-2026,8,Reunião com cliente
APT002610,PRJ0033,ANL014,05-fev-2024,6,Coleta
APT002506,PRJ0032,ANL006,04/20/2026,6.5,Apresentação
APT001982,PRJ0025,ANL010,2025-04-11,8.5,Coleta
APT008490,PRJ0120,ANL013,04-mai-2026,2,Coleta
APT006512,PRJ0090,ANL005,2024-11-05,5,Coleta
APT005414,PRJ0077,ANL002,2024-10-25,2,Testes
APT001844,PRJ0024,ANL005,2025-08-25,3.5,ETL
APT006599,PRJ0093,ANL002,02/09/2024,4,Dashboard
APT006927,PRJ0099,ANL009,2025-05-08,8,Coleta
APT001862,PRJ0024,ANL011,10/23/2025,7,Apresentação
APT003945,PRJ0050,ANL008,2025-10-09,7.5,Coleta
APT001332,PRJ0015,ANL010,2025-10-21,7,Dashboard
APT009292,PRJ0133,ANL018,2026-06-01,6,Dashboard
APT007050,PRJ0101,ANL012,2026-04-24,6,Documentação
APT001767,PRJ0023,ANL023,2026-02-23,4.5,Reunião com cliente
APT001516,PRJ0018,ANL023,2025-09-16,7,Modelagem
APT006166,PRJ0083,ANL021,27-ago-2025,6.5,Testes
APT003605,PRJ0045,ANL022,03/10/2025,6,Testes
APT008236,PRJ0119,ANL006,2024-04-22,7,Coleta
APT006785,PRJ0096,ANL015,2026-03-16,6,Testes
APT005961,PRJ0081,ANL023,2026-06-08,4,Reunião com cliente
APT005631,PRJ0079,ANL024,2025-05-14,6,Testes
APT003584,PRJ0045,ANL010,03/04/2025,6.5,Modelagem
APT006459,PRJ0089,ANL022,16/08/2024,8,Modelagem
APT003890,PRJ0050,ANL002,07/10/2025,6,Documentação
APT002556,PRJ0032,ANL018,2026-06-15,4,Dashboard
APT007791,PRJ0110,ANL020,01/20/2025,4,Reunião com cliente
APT009670,PRJ0139,ANL005,2024-10-30,2,Reunião com cliente
APT002400,PRJ0029,ANL019,09-jun-2025,2,Documentação
APT000137,PRJ0003,ANL003,2025-08-12,8.5,Coleta
APT002545,PRJ0032,ANL006,2026-02-09,6,Modelagem
APT008551,PRJ0121,ANL003,2026-05-26,"3,5",DASHBOARD
APT006261,PRJ0085,ANL024,2025-09-22,2,Documentação
APT005438,PRJ0077,ANL002,09-dez-2024,8,Dashboard
APT007953,PRJ0114,ANL023,2024-04-22,4,Testes
APT009594,PRJ0138,ANL017,2026-06-22,6,Dashboard
APT006939,PRJ0099,ANL015,2025-06-25,5,Dashboard
APT004523,PRJ0061,ANL024,2025-05-16,8,ETL
APT007836,PRJ0112,ANL003,2025-07-28,6,Apresentação
APT002537,PRJ0032,ANL006,2026-02-27,4.5,Modelagem
APT006987,PRJ0100,ANL022,2026-06-03,6.5,Testes
APT009661,PRJ0139,ANL011,2024-10-24,"5,5",Documentação
APT008451,PRJ0120,ANL019,2026-05-08,8,REUNIÃO COM CLIENTE
APT007818,PRJ0111,ANL005,15-abr-2026,4,ETL
APT001973,PRJ0025,ANL022,14-abr-2025,7.5,Modelagem
APT000830,PRJ0010,ANL001,2024-08-23,8,Apresentação
APT008125,PRJ0118,ANL002,26/12/2025,6,Dashboard
APT001379,PRJ0016,ANL010,05/18/2026,5.5,Apresentação
APT009381,PRJ0135,ANL020,2024-02-22,3,ETL
APT000662,PRJ0008,ANL011,2026-06-16,2,Dashboard
APT008439,PRJ0120,ANL019,2026-04-20,4,Apresentação
APT002281,PRJ0029,ANL019,16-jun-2025,"6,5",Testes
APT009611,PRJ0139,ANL017,11/01/2024,2,ETL
APT000510,PRJ0007,ANL022,16-dez-2024,4,Testes
APT009274,PRJ0133,ANL012,25-mai-2026,5.5,Modelagem
APT004306,PRJ0056,ANL015,2025-03-20,2,Modelagem
APT008197,PRJ0119,ANL012,05/30/2024,6,Modelagem
APT004727,PRJ0063,ANL001,2026-06-24,3.5,ETL
APT008872,PRJ0126,ANL011,2026-02-24,2,Dashboard
APT006810,PRJ0096,ANL021,02-abr-2026,5.5,Dashboard
APT001850,PRJ0024,ANL017,2025-10-27,4,Dashboard
APT007926,PRJ0114,ANL023,2024-04-22,2,COLETA
APT000205,PRJ0004,ANL017,2024-03-29,5,Reunião com cliente
APT007920,PRJ0113,ANL010,2024-05-01,3.5,Reunião com cliente
APT005863,PRJ0081,ANL005,2026-06-10,"3,5",Reunião com cliente
APT004848,PRJ0064,ANL014,2026-05-22,2,Testes
APT007773,PRJ0110,ANL008,2025-01-22,6,Dashboard
APT003621,PRJ0046,ANL022,2024-01-30,2,Testes
APT003158,PRJ0039,ANL019,2024-11-04,7,ETL
APT005401,PRJ0076,ANL009,2024-06-10,4,TESTES
APT004366,PRJ0057,ANL012,10/04/2026,4,Coleta
APT004397,PRJ0057,ANL006,2026-05-04,3,Apresentação
APT008871,PRJ0126,ANL005,2026-05-18,5,Reunião com cliente
APT006111,PRJ0083,ANL003,10/16/2025,3.5,Reunião com cliente
APT006086,PRJ0083,ANL015,2025-05-26,4,Apresentação
APT009269,PRJ0133,ANL012,2026-04-16,3,Dashboard
APT000659,PRJ0008,ANL011,2026-04-16,4,ETL
APT008496,PRJ0121,ANL015,17/04/2026,8.5,ETL
APT002420,PRJ0030,ANL003,23/09/2024,6.5,Coleta
APT008652,PRJ0122,ANL009,08/07/2025,6,Testes
APT006995,PRJ0100,ANL010,2026-05-22,4,Modelagem
APT003523,PRJ0042,ANL007,2025-08-18,2,Documentação
APT009025,PRJ0129,ANL013,2025-12-08,2,Coleta
APT007536,PRJ0106,ANL015,2026-05-25,6,Dashboard
APT002769,PRJ0034,ANL006,2024-04-01,8,Apresentação
APT007001,PRJ0100,ANL022,2026-06-01,8,REUNIÃO COM CLIENTE
APT003871,PRJ0049,ANL012,01/19/2026,"7,5",Modelagem
APT004369,PRJ0057,ANL018,2026-04-29,6,ETL
APT009227,PRJ0132,ANL010,2024-11-11,2,Testes
APT002963,PRJ0036,ANL001,2026-04-22,4,Documentação
APT007698,PRJ0109,ANL013,23/04/2026,6,Apresentação
APT003870,PRJ0049,ANL018,21-jan-2026,5,Testes
APT008805,PRJ0124,ANL022,04-nov-2024,2,Reunião com cliente
APT003643,PRJ0046,ANL022,2024-03-11,"4,5",Reunião com cliente
APT001343,PRJ0015,ANL022,20-out-2025,6,Apresentação
APT002687,PRJ0034,ANL006,18-jun-2024,4,Dashboard
APT009233,PRJ0132,ANL010,11/04/2024,5,Reunião com cliente
APT009518,PRJ0136,ANL019,28/01/2026,3,Reunião com cliente
APT007638,PRJ0109,ANL001,2026-03-23,2,Apresentação
APT000789,PRJ0010,ANL019,16/09/2024,2.5,Apresentação
APT002170,PRJ0026,ANL021,08/14/2025,6,Dashboard
APT005215,PRJ0070,ANL016,05/05/2025,5,Dashboard
APT008289,PRJ0119,ANL024,2024-01-31,8.5,Modelagem
APT007614,PRJ0108,ANL014,17/06/2024,6,Apresentação
APT005972,PRJ0082,ANL004,2025-06-30,7,Documentação
APT004459,PRJ0059,ANL020,04/18/2025,4,Apresentação
APT004423,PRJ0058,ANL019,25-mar-2024,7,Modelagem
APT008284,PRJ0119,ANL018,2024-02-23,5,Coleta
APT005031,PRJ0068,ANL005,11/03/2025,2.5,ETL
APT008550,PRJ0121,ANL009,2026-03-30,4,Testes
APT009424,PRJ0136,ANL007,2026-03-20,2,Testes
APT005795,PRJ0081,ANL011,26-mai-2026,5,Reunião com cliente
APT002229,PRJ0027,ANL001,2024-10-25,7,Apresentação
APT002929,PRJ0036,ANL001,2026-06-22,4,Modelagem
APT000814,PRJ0010,ANL007,2024-10-07,3,Testes
APT007742,PRJ0109,ANL001,03/16/2026,7.5,Documentação
APT003152,PRJ0039,ANL013,2024-11-07,3.5,Coleta
APT009419,PRJ0135,ANL008,2024-02-15,7.5,Dashboard
APT001474,PRJ0017,ANL016,2025-03-14,4,Testes
APT006461,PRJ0089,ANL022,08/08/2024,2,ETL
APT005516,PRJ0078,ANL005,08/04/2025,4,Apresentação
APT002451,PRJ0032,ANL006,2026-02-16,8,DASHBOARD
APT005789,PRJ0081,ANL017,05/27/2026,3.5,Apresentação
APT004674,PRJ0063,ANL019,18/06/2026,8.5,Dashboard
APT005580,PRJ0079,ANL006,2025-06-30,3,Modelagem
APT008255,PRJ0119,ANL012,2024-04-22,4.5,Modelagem
APT003368,PRJ0042,ANL013,2025-05-28,3,Apresentação
APT004897,PRJ0065,ANL022,2026-03-10,3,Dashboard
APT001518,PRJ0018,ANL011,08-set-2025,5,Testes
APT002608,PRJ0033,ANL002,2024-02-07,240.0,Dashboard
APT007263,PRJ0103,ANL011,2025-03-20,6,Reunião com cliente
APT005812,PRJ0081,ANL023,2026-06-09,7,Testes
APT009092,PRJ0130,ANL001,19-jun-2025,3,Apresentação
APT000545,PRJ0007,ANL010,07-out-2024,5,Apresentação
APT003892,PRJ0050,ANL014,09/17/2025,4,Dashboard
APT005504,PRJ0078,ANL011,2025-07-14,5.5,ETL
APT003647,PRJ0046,ANL016,02/13/2024,3,ETL
APT003186,PRJ0040,ANL018,2025-07-31,7.5,Testes
APT001589,PRJ0019,ANL004,02/06/2025,7.5,ETL
APT005739,PRJ0081,ANL017,25-mai-2026,2,Dashboard
APT003384,PRJ0042,ANL007,2025-09-01,6.5,Modelagem
APT004075,PRJ0052,ANL016,2026-03-26,4,Modelagem
APT009305,PRJ0133,ANL024,2026-06-19,2,ETL
APT004807,PRJ0064,ANL020,13/03/2026,4,Testes
APT007120,PRJ0101,ANL024,2026-05-25,4.5,Documentação
APT001091,PRJ0012,ANL005,12-mai-2026,6,Modelagem
APT007504,PRJ0106,ANL009,04/17/2026,4,Dashboard
APT001538,PRJ0019,ANL022,20/01/2025,4.5,Apresentação
APT004431,PRJ0059,ANL014,03/12/2025,6.5,Testes
APT006179,PRJ0083,ANL021,16/07/2025,7,Apresentação
APT004347,PRJ0056,ANL009,03/10/2025,2,Dashboard
APT002185,PRJ0026,ANL003,2026-01-19,4,Modelagem
APT005142,PRJ0070,ANL004,2025-08-11,8.5,Testes
APT004274,PRJ0056,ANL015,2025-02-07,6,Dashboard
APT007032,PRJ0101,ANL006,2026-05-07,5,ETL
APT006555,PRJ0092,ANL007,2024-08-19,3,Coleta
APT006268,PRJ0085,ANL012,2025-09-18,3,Apresentação
APT004230,PRJ0055,ANL008,2024-09-24,6,ETL
APT000913,PRJ0012,ANL005,2026-05-06,"3,5",Modelagem
APT005918,PRJ0081,ANL017,2026-06-08,6,Documentação
APT006249,PRJ0084,ANL017,25/08/2025,2,Coleta
APT004874,PRJ0065,ANL016,2026-03-16,6,ETL
APT006372,PRJ0087,ANL024,2025-11-20,4,Apresentação
APT000558,PRJ0007,ANL022,18/12/2024,6,Documentação
APT004954,PRJ0066,ANL021,18/12/2024,4,ETL
APT003236,PRJ0041,ANL017,2025-07-14,5,Testes
APT009535,PRJ0136,ANL007,2026-01-19,8,Dashboard
APT009795,PRJ0140,ANL018,2026-02-09,7,Apresentação
APT002222,PRJ0027,ANL007,2024-09-16,6,Apresentação
APT000057,PRJ0001,ANL016,2024-04-29,6.5,ETL
APT004618,PRJ0063,ANL019,01/06/2026,4.5,ETL
APT004931,PRJ0066,ANL021,2024-11-06,7.5,ETL
APT006592,PRJ0093,ANL002,04/11/2024,3.5,Dashboard
APT007961,PRJ0114,ANL005,2024-04-29,8,Coleta
APT008590,PRJ0121,ANL021,2026-04-27,3,Coleta
APT001172,PRJ0013,ANL023,2024-10-28,6,Documentação
APT000462,PRJ0007,ANL016,11/12/2024,8,Reunião com cliente
APT005002,PRJ0067,ANL007,2024-06-19,7,ETL
APT009375,PRJ0135,ANL014,2024-02-09,4,Modelagem
APT005003,PRJ0067,ANL013,12/06/2024,7,Reunião com cliente
APT008455,PRJ0120,ANL019,08-jun-2026,8,Coleta
APT009386,PRJ0135,ANL002,18-mar-2024,6,Modelagem
APT006561,PRJ0092,ANL019,2024-08-14,3,Documentação
APT006057,PRJ0082,ANL010,2025-05-19,6.5,Reunião com cliente
APT009646,PRJ0139,ANL023,10/18/2024,2,Modelagem
APT000306,PRJ0006,ANL014,08/04/2025,3,Apresentação
APT004002,PRJ0051,ANL011,28/10/2024,4,Documentação
APT004492,PRJ0059,ANL002,20/02/2025,4,Coleta
APT008825,PRJ0126,ANL023,04/05/2026,5,Documentação
APT002884,PRJ0036,ANL007,06/05/2026,4,Dashboard
APT009747,PRJ0140,ANL024,2025-10-20,6,Documentação
APT000004,PRJ0001,ANL022,2024-04-03,6,ETL
APT006028,PRJ0082,ANL004,2025-04-08,8,Dashboard
APT002727,PRJ0034,ANL012,2024-01-23,8,Apresentação
APT003545,PRJ0043,ANL011,2025-12-02,3,Coleta
APT002779,PRJ0034,ANL006,01/23/2024,4,Modelagem
APT000348,PRJ0006,ANL020,01/05/2025,5,Testes
APT002491,PRJ0032,ANL006,01-jun-2026,7,Documentação
APT009545,PRJ0136,ANL019,2026-04-15,7,Dashboard
APT009742,PRJ0140,ANL012,06/01/2026,6,Documentação
APT007264,PRJ0103,ANL011,21/04/2025,6.5,Dashboard
APT004647,PRJ0063,ANL019,19-jun-2026,4.5,ETL
APT005377,PRJ0076,ANL015,2024-05-21,3,Modelagem
APT006025,PRJ0082,ANL004,15/04/2025,6,Documentação
APT002534,PRJ0032,ANL006,03/02/2026,8,Reunião com cliente
APT004540,PRJ0062,ANL005,2024-12-26,4,ETL
APT002824,PRJ0035,ANL010,2025-03-17,5.5,Documentação
APT008307,PRJ0120,ANL013,04/06/2026,6,Coleta
APT004014,PRJ0051,ANL011,2024-11-25,7.5,ETL
APT002026,PRJ0026,ANL009,2025-09-18,6,TESTES
APT000389,PRJ0006,ANL002,2025-03-26,7,ETL
APT007690,PRJ0109,ANL001,2026-05-04,4,Reunião com cliente
APT009081,PRJ0130,ANL013,2025-04-25,7.5,ETL
APT009643,PRJ0139,ANL005,2024-10-25,"3,5",ETL
APT004630,PRJ0063,ANL007,2026-06-11,6,Reunião com cliente
APT008614,PRJ0122,ANL021,2025-10-03,2,Dashboard
APT001780,PRJ0023,ANL011,2026-01-26,8,Reunião com cliente
APT004631,PRJ0063,ANL001,2026-05-21,6.5,Dashboard
APT004458,PRJ0059,ANL014,16-abr-2025,6.5,Documentação
APT006779,PRJ0096,ANL021,2026-03-19,7,ETL
APT001795,PRJ0024,ANL005,2025-09-15,4,Modelagem
APT001970,PRJ0025,ANL004,2025-01-27,6,Reunião com cliente
APT007093,PRJ0101,ANL024,2026-05-11,3,Coleta
APT008201,PRJ0119,ANL024,2024-04-10,6,REUNIÃO COM CLIENTE
APT000028,PRJ0001,ANL022,04/25/2024,5,Reunião com cliente
APT005652,PRJ0079,ANL018,2025-06-26,6.5,Apresentação
APT007455,PRJ0106,ANL003,06/01/2026,4,Coleta
APT008379,PRJ0120,ANL019,04/06/2026,5.5,Documentação
APT001072,PRJ0012,ANL017,2026-03-23,6.5,Modelagem
APT001777,PRJ0023,ANL017,03-mar-2026,3,ETL
APT003061,PRJ0039,ANL007,2024-12-11,5,Coleta
APT008500,PRJ0121,ANL003,2026-06-26,8,Dashboard
APT004064,PRJ0052,ANL016,2026-03-26,4.5,Dashboard
APT005452,PRJ0078,ANL005,26-jun-2025,5.5,Coleta
APT009144,PRJ0130,ANL001,2025-05-19,3,Testes
APT004856,PRJ0064,ANL014,23/02/2026,4,Dashboard
APT007936,PRJ0114,ANL023,02/05/2024,8,Apresentação
APT001189,PRJ0014,ANL002,14-nov-2024,7,Modelagem
APT002296,PRJ0029,ANL019,11/06/2025,8.5,ETL
APT001673,PRJ0021,ANL014,01/20/2026,6,Documentação
APT002072,PRJ0026,ANL003,08/28/2025,6,Documentação
APT007188,PRJ0103,ANL017,27-mar-2025,5,Dashboard
APT006160,PRJ0083,ANL015,10/14/2025,4,Reunião com cliente
APT009318,PRJ0133,ANL012,2026-06-08,5,Testes
APT006066,PRJ0083,ANL009,2025-06-16,6,Dashboard
APT004232,PRJ0055,ANL002,2024-09-24,4,Documentação
APT005208,PRJ0070,ANL022,07/28/2025,240.0,Apresentação
APT005663,PRJ0079,ANL006,07/14/2025,4.5,Documentação
APT005482,PRJ0078,ANL023,2025-09-16,7,Modelagem
APT006226,PRJ0084,ANL005,2025-08-11,2.5,TESTES
APT005508,PRJ0078,ANL005,11-set-2025,3,Dashboard
APT009088,PRJ0130,ANL019,2025-05-21,8.5,Documentação
APT004129,PRJ0053,ANL002,27-fev-2026,"3,5",Testes
APT000538,PRJ0007,ANL022,30-dez-2024,5.5,Apresentação
APT003423,PRJ0042,ANL019,04/01/2025,8,Documentação
APT004225,PRJ0055,ANL002,2024-06-19,"8,5",Modelagem
APT000387,PRJ0006,ANL008,2025-04-08,2.5,Apresentação
APT009046,PRJ0130,ANL001,2025-04-23,3,Coleta
APT002115,PRJ0026,ANL015,2025-11-10,3,ETL
APT009165,PRJ0131,ANL021,2024-03-08,5.5,Documentação
APT004205,PRJ0055,ANL002,24/06/2024,3.5,Documentação
APT005146,PRJ0070,ANL004,2025-03-13,2,Documentação
APT008026,PRJ0115,ANL011,2024-06-07,6.5,APRESENTAÇÃO
APT007754,PRJ0109,ANL007,08/04/2026,6,Testes
APT002845,PRJ0036,ANL013,2026-04-13,"7,5",Reunião com cliente
APT009475,PRJ0136,ANL019,2026-02-02,4,Reunião com cliente
APT009202,PRJ0131,ANL021,2024-02-13,5,Apresentação
APT008205,PRJ0119,ANL012,2024-01-17,2,Testes
APT005828,PRJ0081,ANL005,2026-05-04,7,Testes
APT000232,PRJ0005,ANL005,2025-01-17,4,Modelagem
APT002863,PRJ0036,ANL013,03/16/2026,4,Documentação
APT007977,PRJ0115,ANL017,2024-06-03,7,Coleta
APT003450,PRJ0042,ANL001,17-abr-2025,2.5,Modelagem
APT003772,PRJ0047,ANL006,14-out-2024,5,Coleta
APT002828,PRJ0036,ANL013,04/20/2026,5.5,Reunião com cliente
APT008084,PRJ0117,ANL021,28-jul-2025,6.5,ETL
APT009681,PRJ0139,ANL005,10/17/2024,7,Testes
APT008624,PRJ0122,ANL003,08/08/2025,6,Reunião com cliente
APT002962,PRJ0036,ANL001,2026-06-16,4,Documentação
APT001495,PRJ0017,ANL004,2025-03-17,7,Documentação
APT003353,PRJ0042,ANL013,07/16/2025,3,Modelagem
APT006720,PRJ0095,ANL014,04/21/2025,4,Dashboard
APT007799,PRJ0110,ANL008,2025-02-06,4.5,Documentação
APT009110,PRJ0130,ANL013,2025-04-24,5,Dashboard
APT004831,PRJ0064,ANL014,2026-05-13,6,Apresentação
APT005171,PRJ0070,ANL010,24/03/2025,4,ETL
APT004019,PRJ0051,ANL023,2024-11-01,4,Documentação
APT003464,PRJ0042,ANL001,16-set-2025,7,Dashboard
APT004667,PRJ0063,ANL013,23/06/2026,7,Modelagem
APT003009,PRJ0037,ANL010,29-mai-2025,3.5,Modelagem
APT009132,PRJ0130,ANL001,2025-05-14,5,Modelagem
APT001571,PRJ0019,ANL010,2025-01-20,6,Coleta
APT007428,PRJ0106,ANL009,2026-04-27,6,Testes
APT006292,PRJ0086,ANL021,07-mai-2026,8,Reunião com cliente
APT007069,PRJ0101,ANL012,01-jun-2026,"6,5",Apresentação
APT009023,PRJ0129,ANL007,12/05/2025,5,ETL
APT007161,PRJ0102,ANL013,03/03/2025,4.5,Testes
APT005674,PRJ0079,ANL018,2025-06-12,6,Coleta
APT007641,PRJ0109,ANL001,2026-04-08,6,Documentação
APT005384,PRJ0076,ANL009,2024-06-11,3,Reunião com cliente
APT005643,PRJ0079,ANL006,2025-06-06,6,ETL
APT004279,PRJ0056,ANL021,2025-04-18,7,Testes
APT000857,PRJ0010,ANL019,2024-09-25,6,Dashboard
APT000148,PRJ0003,ANL015,2025-07-28,4.5,Modelagem
APT004049,PRJ0052,ANL004,2026-04-24,4,Modelagem
APT000320,PRJ0006,ANL020,05/06/2025,8.5,Dashboard
APT001150,PRJ0013,ANL005,2024-12-31,6,Documentação
APT009195,PRJ0131,ANL021,2024-02-08,6.5,Testes
APT008913,PRJ0127,ANL012,2025-10-08,7,Documentação
APT000919,PRJ0012,ANL017,2026-05-21,"4,5",Testes
APT006494,PRJ0089,ANL022,24/07/2024,6,Dashboard
APT009246,PRJ0133,ANL012,22-jun-2026,2,Reunião com cliente
APT007388,PRJ0106,ANL015,2026-05-28,4,Dashboard
APT002746,PRJ0034,ANL024,2024-05-22,8,Documentação
APT008437,PRJ0120,ANL001,2026-04-07,7,Documentação
APT003749,PRJ0047,ANL012,2024-09-02,7,Documentação
APT003438,PRJ0042,ANL013,2025-04-24,6,Dashboard
APT003193,PRJ0040,ANL006,2025-08-05,"6,5",Reunião com cliente
APT003237,PRJ0041,ANL005,2025-07-11,3,Dashboard
APT002585,PRJ0032,ANL018,2026-05-28,2.5,Documentação
APT009322,PRJ0134,ANL021,09/02/2026,2,ETL
APT005576,PRJ0079,ANL018,2025-06-12,6,TESTES
APT000827,PRJ0010,ANL001,2024-09-09,6.5,Dashboard
APT002280,PRJ0029,ANL013,29/05/2025,7,ETL
APT005677,PRJ0079,ANL024,07/21/2025,"3,5",Reunião com cliente
APT003147,PRJ0039,ANL001,2024-11-19,7.5,Documentação
APT007559,PRJ0106,ANL021,21-abr-2026,7,Reunião com cliente
APT003181,PRJ0040,ANL024,2025-08-12,4,Documentação
APT002603,PRJ0033,ANL008,05-fev-2024,4.5,ETL
APT003413,PRJ0042,ANL013,2025-08-11,2,ETL
APT001302,PRJ0014,ANL020,06/14/2024,5,Documentação
APT008922,PRJ0127,ANL006,2025-12-08,4.5,Modelagem
APT007710,PRJ0109,ANL007,2026-04-06,5,Testes
APT009480,PRJ0136,ANL001,2026-03-19,7,ETL
APT005684,PRJ0080,ANL009,10/28/2024,6,Documentação
APT003000,PRJ0037,ANL022,2025-06-13,7,Modelagem
APT009343,PRJ0134,ANL003,18/02/2026,4,Documentação
APT000323,PRJ0006,ANL008,2025-04-11,4,Modelagem
APT003944,PRJ0050,ANL014,2025-09-30,5.5,Reunião com cliente
APT007995,PRJ0115,ANL023,2024-04-29,7.5,Reunião com cliente
APT006588,PRJ0093,ANL020,2024-09-02,5,Dashboard
APT006609,PRJ0093,ANL002,2024-10-21,6,Coleta
APT008798,PRJ0124,ANL016,09-out-2024,3.5,Reunião com cliente
APT008711,PRJ0122,ANL003,2025-12-01,7,Coleta
APT008359,PRJ0120,ANL007,2026-04-06,6,Documentação
APT005896,PRJ0081,ANL005,2026-06-22,4,Apresentação
APT008978,PRJ0129,ANL007,2025-12-23,4,Reunião com cliente
APT002050,PRJ0026,ANL021,17-out-2025,7,Reunião com cliente
APT004208,PRJ0055,ANL014,2024-07-16,2,Coleta
APT008270,PRJ0119,ANL018,2024-02-02,7.5,Coleta
APT007210,PRJ0103,ANL017,04/16/2025,2,Testes
APT004719,PRJ0063,ANL001,2026-06-05,6,Dashboard
APT008770,PRJ0123,ANL008,25-ago-2025,4,Documentação
APT007542,PRJ0106,ANL021,2026-04-27,5,Documentação
APT008934,PRJ0127,ANL018,2025-11-26,4,Documentação
APT006503,PRJ0090,ANL011,11/14/2024,6,Apresentação
APT004470,PRJ0059,ANL014,2025-02-11,4,Coleta
APT005715,PRJ0080,ANL021,2024-11-25,2.5,Apresentação
APT000819,PRJ0010,ANL013,08/26/2024,6,Reunião com cliente
APT001100,PRJ0012,ANL023,2026-02-18,7.5,Apresentação
APT003588,PRJ0045,ANL004,2025-02-26,6,Modelagem
APT006700,PRJ0094,ANL016,2025-09-24,6,Reunião com cliente
APT001989,PRJ0026,ANL015,2025-10-20,5,Modelagem
APT003080,PRJ0039,ANL001,12/16/2024,8,ETL
APT004318,PRJ0056,ANL009,12-mar-2025,2,Modelagem
APT006749,PRJ0095,ANL014,2025-02-21,4,Coleta
APT007353,PRJ0106,ANL003,2026-04-13,4,Coleta
APT003198,PRJ0041,ANL023,15-mai-2025,6,Documentação
APT006569,PRJ0093,ANL008,2024-11-11,3,Testes
APT009439,PRJ0136,ANL019,2026-02-03,8,Documentação
APT000458,PRJ0007,ANL004,2024-08-26,4,Dashboard
APT007973,PRJ0115,ANL005,05/28/2024,6.5,Documentação
APT000513,PRJ0007,ANL004,2024-10-17,7,Reunião com cliente
APT000235,PRJ0005,ANL005,2024-12-25,5,Documentação
APT008637,PRJ0122,ANL015,02-out-2025,2,Reunião com cliente
APT008985,PRJ0129,ANL013,2025-12-17,2,Apresentação
APT001587,PRJ0019,ANL022,15/01/2025,6,ETL
APT001291,PRJ0014,ANL002,2024-07-22,5,Dashboard
APT005742,PRJ0081,ANL017,2026-06-26,6.5,Apresentação
APT006027,PRJ0082,ANL010,07/17/2025,8,Reunião com cliente
APT009613,PRJ0139,ANL005,2024-11-06,"7,5",Apresentação
APT000898,PRJ0011,ANL020,2025-08-22,6,Documentação
APT002413,PRJ0030,ANL009,23/09/2024,5,Dashboard
APT005547,PRJ0078,ANL005,2025-09-09,4,Apresentação
APT004786,PRJ0064,ANL002,02/03/2026,2,Coleta
APT009377,PRJ0135,ANL020,2024-02-15,4,Apresentação
APT005416,PRJ0077,ANL020,14/11/2024,4.5,Dashboard
APT009293,PRJ0133,ANL012,2026-04-23,4,Reunião com cliente
APT007235,PRJ0103,ANL017,2025-03-25,4.5,Reunião com cliente
APT000610,PRJ0008,ANL011,2026-02-18,2.5,Documentação
APT004776,PRJ0064,ANL020,2026-03-02,7,TESTES
APT007923,PRJ0113,ANL022,15-mai-2024,6,Documentação
APT000210,PRJ0005,ANL023,12/10/2024,6,Modelagem
APT008834,PRJ0126,ANL011,03/03/2026,4,Coleta
APT008316,PRJ0120,ANL019,06/01/2026,8,Apresentação
APT007139,PRJ0101,ANL006,26-mai-2026,3.5,ETL
APT007621,PRJ0108,ANL014,19/06/2024,2,Documentação
APT003359,PRJ0042,ANL013,18-jun-2025,8,Apresentação
APT004676,PRJ0063,ANL019,06/22/2026,8,TESTES
APT006395,PRJ0089,ANL016,2024-07-04,2,ETL
APT001823,PRJ0024,ANL023,2025-08-18,4,Modelagem
APT006479,PRJ0089,ANL022,2024-08-19,7,Reunião com cliente
APT000680,PRJ0008,ANL017,2026-05-08,4,Testes
APT001402,PRJ0016,ANL016,2026-05-20,7.5,Modelagem
APT003779,PRJ0047,ANL018,21-out-2024,4,Coleta
APT006194,PRJ0083,ANL021,13-ago-2025,6,Coleta
APT004084,PRJ0052,ANL016,2026-04-06,2,Reunião com cliente
APT006897,PRJ0098,ANL006,2025-08-29,8,Coleta
APT001165,PRJ0013,ANL023,2024-10-25,8,Coleta
APT008831,PRJ0126,ANL005,2026-04-24,8,Coleta
APT003031,PRJ0037,ANL010,05/13/2025,2,Coleta
APT002676,PRJ0034,ANL012,2024-01-22,3.5,DASHBOARD
APT000457,PRJ0007,ANL004,2024-12-09,6,ETL
APT002098,PRJ0026,ANL015,22/08/2025,4,Testes
APT002085,PRJ0026,ANL003,01-ago-2025,6,Coleta
APT002301,PRJ0029,ANL013,08/10/2025,4,MODELAGEM
APT006396,PRJ0089,ANL004,05/09/2024,3,Documentação
APT009183,PRJ0131,ANL003,08-abr-2024,6,Modelagem
APT009437,PRJ0136,ANL007,2026-01-28,3,Modelagem
APT004951,PRJ0066,ANL015,2024-12-02,6,ETL
APT008839,PRJ0126,ANL011,21/01/2026,"4,5",Modelagem
APT004703,PRJ0063,ANL007,22-jun-2026,4.5,Coleta
APT009631,PRJ0139,ANL017,16-out-2024,4,Dashboard
APT009019,PRJ0129,ANL001,2025-12-03,5,Coleta
APT000866,PRJ0011,ANL020,18/08/2025,3,Dashboard
APT009571,PRJ0137,ANL013,2025-06-25,3,Coleta
APT000581,PRJ0008,ANL017,03/31/2026,2,Documentação
APT004287,PRJ0056,ANL015,2025-02-24,8,Dashboard
APT006295,PRJ0086,ANL009,2026-03-03,8,Coleta
APT002536,PRJ0032,ANL024,2026-03-23,7.5,Dashboard
APT004350,PRJ0056,ANL009,2025-02-03,4.5,Coleta
APT007828,PRJ0111,ANL017,2026-04-28,5,Modelagem
APT004004,PRJ0051,ANL005,11/13/2024,4,Coleta
APT004278,PRJ0056,ANL009,2025-03-21,3,Documentação
APT004910,PRJ0065,ANL022,2026-03-05,4,Apresentação
APT009451,PRJ0136,ANL001,2026-05-14,4,DASHBOARD
APT007435,PRJ0106,ANL003,2026-05-13,"6,5",Documentação
APT006521,PRJ0090,ANL023,2024-10-28,6,Modelagem
APT001110,PRJ0013,ANL005,2024-11-22,4,Coleta
APT005525,PRJ0078,ANL023,2025-09-29,5,Coleta
APT004412,PRJ0058,ANL001,2024-04-02,7,Modelagem
APT005654,PRJ0079,ANL018,21/07/2025,4,Documentação
APT007129,PRJ0101,ANL006,2026-04-17,7,Testes
APT002547,PRJ0032,ANL018,01-jun-2026,6,Reunião com cliente
APT003390,PRJ0042,ANL013,2025-04-09,5,Reunião com cliente
APT002193,PRJ0026,ANL003,2025-11-28,7,Reunião com cliente
APT006011,PRJ0082,ANL016,12/05/2025,4,Testes
APT004558,PRJ0062,ANL005,2025-02-13,3,Modelagem
APT003293,PRJ0042,ANL019,2025-04-07,4,Dashboard
APT005926,PRJ0081,ANL023,2026-04-13,6,ETL
APT005614,PRJ0079,ANL006,05/12/2025,7,ETL
APT003177,PRJ0039,ANL001,24-dez-2024,7,Apresentação
APT008721,PRJ0122,ANL021,10-nov-2025,3.5,Testes
APT005758,PRJ0081,ANL011,2026-06-23,5.5,Dashboard
APT003172,PRJ0039,ANL001,2024-12-30,5,Reunião com cliente
APT000035,PRJ0001,ANL016,04/08/2024,4.5,Documentação
APT009598,PRJ0138,ANL017,2026-05-18,4.5,ETL
APT003202,PRJ0041,ANL017,2025-04-07,6,Documentação
APT003197,PRJ0041,ANL011,30/04/2025,7,Testes
APT003187,PRJ0040,ANL024,2025-07-22,6,Coleta
APT007035,PRJ0101,ANL006,05/18/2026,7,Modelagem
APT003632,PRJ0046,ANL010,15-jan-2024,6,Coleta
APT000216,PRJ0005,ANL011,06-jan-2025,3,ETL
APT001757,PRJ0023,ANL023,03/10/2026,2.5,Coleta
APT008444,PRJ0120,ANL019,2026-06-15,8,Reunião com cliente
APT009682,PRJ0140,ANL024,2025-10-24,4,Apresentação
APT001623,PRJ0021,ANL002,21-jan-2026,6,Testes
APT008167,PRJ0119,ANL024,19/02/2024,5,Apresentação
APT005461,PRJ0078,ANL011,2025-08-19,7,Apresentação
APT000732,PRJ0009,ANL017,2025-10-24,3,Coleta
APT002983,PRJ0036,ANL001,2026-05-18,"4,5",Reunião com cliente
APT005067,PRJ0069,ANL024,03-out-2024,7.5,Testes
APT000852,PRJ0010,ANL007,30/08/2024,7,Modelagem
APT002117,PRJ0026,ANL009,2025-11-12,4,Apresentação
APT000502,PRJ0007,ANL010,27/08/2024,4,Testes
APT000060,PRJ0002,ANL013,2024-10-15,5,Coleta
APT002947,PRJ0036,ANL007,03/13/2026,6,Testes
APT002268,PRJ0029,ANL007,10/06/2025,6,Documentação
APT007628,PRJ0109,ANL019,20/04/2026,4,Documentação
APT009273,PRJ0133,ANL018,19/06/2026,5,Dashboard
APT009524,PRJ0136,ANL019,2026-03-16,8,Documentação
APT007493,PRJ0106,ANL015,2026-04-16,6,Apresentação
APT008802,PRJ0124,ANL010,2024-09-27,7,Documentação
APT004309,PRJ0056,ANL003,2025-02-17,7,Testes
APT003439,PRJ0042,ANL019,2025-08-18,3,ETL
APT003700,PRJ0047,ANL012,2024-08-07,5.5,Documentação
APT004840,PRJ0064,ANL008,2026-05-14,6.5,Testes
APT007664,PRJ0109,ANL013,10-jun-2026,4,ETL
APT009288,PRJ0133,ANL024,20-abr-2026,4,Modelagem
APT006232,PRJ0084,ANL011,2025-09-01,5,Coleta
APT000129,PRJ0003,ANL003,2025-09-01,6,Reunião com cliente
APT006150,PRJ0083,ANL009,2025-12-01,8.5,Reunião com cliente
APT006852,PRJ0098,ANL006,08-set-2025,7.5,Apresentação
APT004749,PRJ0064,ANL014,2026-04-24,5,Modelagem
APT002461,PRJ0032,ANL024,2026-05-13,3,Coleta
APT008682,PRJ0122,ANL015,2025-09-12,6,Reunião com cliente
APT003381,PRJ0042,ANL013,09/15/2025,3.5,Testes
APT004609,PRJ0062,ANL011,2024-12-03,7,Testes
APT008613,PRJ0122,ANL015,2025-10-10,8,ETL
APT006525,PRJ0091,ANL003,2025-12-18,7,Testes
APT001202,PRJ0014,ANL020,30/09/2024,2,Testes
APT002431,PRJ0031,ANL015,2024-10-28,4,Apresentação
APT009371,PRJ0134,ANL021,06/02/2026,4.5,Reunião com cliente
APT005135,PRJ0070,ANL010,2025-08-12,6.5,Modelagem
APT004363,PRJ0057,ANL018,2026-02-10,4,Modelagem
APT007495,PRJ0106,ANL003,22/06/2026,5,Coleta
APT009791,PRJ0140,ANL018,17/11/2025,5,Apresentação
APT003128,PRJ0039,ANL001,23-jan-2025,6.5,Reunião com cliente
APT002533,PRJ0032,ANL006,13-mai-2026,2,Coleta
APT002422,PRJ0031,ANL021,10/21/2024,4,Reunião com cliente
APT006228,PRJ0084,ANL005,26/08/2025,7,Testes
APT002245,PRJ0028,ANL016,16/10/2024,6,Dashboard
APT007517,PRJ0106,ANL021,08-mai-2026,6,Apresentação
APT008962,PRJ0128,ANL023,2026-05-05,2.5,Documentação
APT006046,PRJ0082,ANL022,03/07/2025,4.5,Dashboard
APT002465,PRJ0032,ANL018,2026-06-01,2,Dashboard
APT006058,PRJ0082,ANL016,2025-06-23,6,Apresentação
APT007746,PRJ0109,ANL007,2026-04-06,8,Dashboard
APT000757,PRJ0010,ANL001,2024-07-11,"3,5",Documentação
APT007824,PRJ0111,ANL023,04/05/2026,6,Reunião com cliente
APT002549,PRJ0032,ANL024,2026-06-02,6,Documentação
APT009163,PRJ0131,ANL009,03/06/2024,6,Modelagem
APT004188,PRJ0055,ANL002,2024-09-06,6,Apresentação
APT006870,PRJ0098,ANL012,2025-09-29,3,Modelagem
APT002442,PRJ0032,ANL024,23-abr-2026,6,Documentação
APT009150,PRJ0131,ANL021,2024-03-26,2,Reunião com cliente
APT009471,PRJ0136,ANL007,01/14/2026,6,Dashboard
APT005770,PRJ0081,ANL005,2026-04-10,7,Documentação
APT008163,PRJ0118,ANL008,2026-02-12,8,Apresentação
APT001766,PRJ0023,ANL023,2026-03-24,5,Coleta
APT000774,PRJ0010,ANL019,2024-07-11,4.5,Documentação
APT001349,PRJ0015,ANL016,30/09/2025,7,Dashboard
APT004237,PRJ0055,ANL014,2024-09-27,6,Testes
APT001514,PRJ0018,ANL011,2025-10-09,4.5,Apresentação
APT000251,PRJ0005,ANL011,12-mar-2025,5,DASHBOARD
APT006960,PRJ0099,ANL003,2025-05-12,2,Apresentação
APT005138,PRJ0070,ANL010,07/24/2025,6.5,Reunião com cliente
APT007721,PRJ0109,ANL007,04/20/2026,3,Testes
APT008660,PRJ0122,ANL003,2025-10-27,4,ETL
APT003886,PRJ0050,ANL002,2025-09-18,7,Modelagem
APT002094,PRJ0026,ANL009,2025-12-08,5,Modelagem
APT005871,PRJ0081,ANL023,06/04/2026,4.5,Reunião com cliente
APT006079,PRJ0083,ANL021,2025-11-03,6,ETL
APT006250,PRJ0084,ANL023,28-ago-2025,4.5,Modelagem
APT008298,PRJ0120,ANL019,2026-06-23,4.5,Reunião com cliente
APT005312,PRJ0073,ANL009,22-jan-2025,4,Reunião com cliente
APT000104,PRJ0003,ANL015,18-jun-2025,5.5,Modelagem
APT000727,PRJ0009,ANL011,15-out-2025,"4,5",Apresentação
APT002852,PRJ0036,ANL007,2026-06-15,4,ETL
APT007296,PRJ0104,ANL024,2024-04-22,7,Modelagem
APT009460,PRJ0136,ANL013,2026-05-06,3,Dashboard
APT003635,PRJ0046,ANL016,2024-01-23,7,Testes
APT005485,PRJ0078,ANL005,2025-06-23,2,Reunião com cliente
APT008747,PRJ0123,ANL014,2025-08-11,4,Modelagem
APT002517,PRJ0032,ANL024,2026-06-15,7,Reunião com cliente
APT001881,PRJ0024,ANL005,25/08/2025,4,Coleta
APT004357,PRJ0056,ANL003,2025-03-17,4,Dashboard
APT009207,PRJ0132,ANL022,2024-11-11,7,Testes
APT001629,PRJ0021,ANL008,11/12/2025,4.5,ETL
APT008843,PRJ0126,ANL011,2026-02-03,4,Documentação
APT000629,PRJ0008,ANL017,02-jun-2026,6,Coleta
APT004467,PRJ0059,ANL008,2025-05-01,7,Modelagem
APT008434,PRJ0120,ANL001,20-abr-2026,6,Testes
APT003768,PRJ0047,ANL024,2024-08-12,4,Modelagem
APT006475,PRJ0089,ANL010,09/18/2024,7,Documentação
APT005624,PRJ0079,ANL006,2025-06-02,8,Dashboard
APT006320,PRJ0086,ANL015,25-mai-2026,6,Reunião com cliente
APT009082,PRJ0130,ANL019,2025-04-29,7.5,Documentação
APT009667,PRJ0139,ANL017,11/12/2024,"6,5",ETL
APT002250,PRJ0028,ANL016,2024-10-07,3.5,Apresentação
APT004555,PRJ0062,ANL023,06/01/2025,3,Coleta
APT004545,PRJ0062,ANL011,2024-11-14,6.5,Coleta
APT009328,PRJ0134,ANL003,2026-02-09,6.5,ETL
APT004331,PRJ0056,ANL021,14/04/2025,8,Coleta
APT003795,PRJ0048,ANL017,2024-11-28,2,Reunião com cliente
APT007706,PRJ0109,ANL013,16-mar-2026,6,Modelagem
APT004777,PRJ0064,ANL014,2026-04-06,4,Testes
APT007447,PRJ0106,ANL003,24-abr-2026,"5,5",Testes
APT003253,PRJ0041,ANL023,09/06/2025,6,Apresentação
APT000779,PRJ0010,ANL019,2024-07-17,2,Testes
APT003711,PRJ0047,ANL006,2024-10-31,4,Testes
APT001171,PRJ0013,ANL017,2024-11-07,2,Testes
APT000402,PRJ0006,ANL014,2025-03-03,8,ETL
APT003238,PRJ0041,ANL017,2025-07-24,8,Dashboard
APT007375,PRJ0106,ANL015,2026-04-06,8,ETL
APT006693,PRJ0094,ANL004,2025-09-29,5.5,Apresentação
APT004057,PRJ0052,ANL016,2026-04-06,4,Dashboard
APT003270,PRJ0042,ANL013,2025-08-13,6,Apresentação
APT000669,PRJ0008,ANL023,2026-03-10,4,Coleta
APT006653,PRJ0093,ANL020,2024-11-11,4,Coleta
APT001867,PRJ0024,ANL017,27/08/2025,6,ETL
APT009244,PRJ0133,ANL024,2026-06-05,6.5,Coleta
APT008100,PRJ0118,ANL020,2025-12-26,3.5,Testes
APT001986,PRJ0025,ANL004,31/03/2025,2,Dashboard
APT005680,PRJ0080,ANL015,2024-11-08,3,Coleta
APT009193,PRJ0131,ANL003,2024-02-28,4,Documentação
APT006956,PRJ0099,ANL021,09/05/2025,6.5,Modelagem
APT000932,PRJ0012,ANL023,2026-06-15,3,Testes
APT004407,PRJ0058,ANL001,2024-03-15,6,Documentação
APT000395,PRJ0006,ANL008,2025-03-21,6,ETL
APT009589,PRJ0138,ANL005,15-mai-2026,4,Modelagem
APT006428,PRJ0089,ANL010,2024-08-05,7,Dashboard
APT007308,PRJ0104,ANL024,06/03/2024,2,Coleta
APT000121,PRJ0003,ANL021,2025-09-15,4,Testes
APT004852,PRJ0064,ANL014,2026-03-09,6,Coleta
APT009189,PRJ0131,ANL003,18/03/2024,4,Dashboard
APT001336,PRJ0015,ANL022,27-out-2025,7.5,Modelagem
APT000486,PRJ0007,ANL010,2024-12-19,2,Modelagem
APT003254,PRJ0041,ANL023,10-jul-2025,2,ETL
APT004851,PRJ0064,ANL008,05/19/2026,7.5,APRESENTAÇÃO
APT006435,PRJ0089,ANL016,2024-09-20,8,ETL
APT005193,PRJ0070,ANL010,12-ago-2025,4.5,Coleta
APT002768,PRJ0034,ANL006,2024-02-14,5,Apresentação
APT002048,PRJ0026,ANL003,2026-01-14,3.5,Dashboard
APT003037,PRJ0037,ANL010,01-abr-2025,6,ETL
APT008837,PRJ0126,ANL017,2026-05-01,4,Reunião com cliente
APT006275,PRJ0085,ANL024,2025-11-05,6,Coleta
APT001568,PRJ0019,ANL004,12/16/2024,2,Reunião com cliente
APT009312,PRJ0133,ANL018,2026-06-08,7,Testes
APT000374,PRJ0006,ANL014,2025-03-14,2,Apresentação
APT003146,PRJ0039,ANL001,2025-02-05,4.5,Dashboard
APT002337,PRJ0029,ANL001,21-jul-2025,2.5,Coleta
APT000769,PRJ0010,ANL019,03-set-2024,8,Apresentação
APT000436,PRJ0007,ANL022,2024-12-23,5,Testes
APT009105,PRJ0130,ANL007,05/06/2025,6,ETL
APT009027,PRJ0129,ANL001,2025-12-04,6.5,Testes
APT000666,PRJ0008,ANL023,2026-06-15,2,Reunião com cliente
APT004307,PRJ0056,ANL009,2025-04-21,8,Reunião com cliente
APT003012,PRJ0037,ANL016,2025-05-12,4,Modelagem
APT008449,PRJ0120,ANL019,06/15/2026,3,Documentação
APT000807,PRJ0010,ANL001,2024-08-19,5,Reunião com cliente
APT006874,PRJ0098,ANL012,10/07/2025,3,Dashboard
APT009345,PRJ0134,ANL015,02/05/2026,7,Testes
APT005613,PRJ0079,ANL012,26-jun-2025,5,Modelagem
APT002793,PRJ0035,ANL022,03/07/2025,3,ETL
APT008961,PRJ0128,ANL023,2026-06-04,5.5,Testes
APT009201,PRJ0131,ANL021,2024-03-19,5.5,DOCUMENTAÇÃO
APT006328,PRJ0086,ANL015,04/01/2026,6,Reunião com cliente
APT007941,PRJ0114,ANL017,2024-05-09,6,Apresentação
APT002773,PRJ0034,ANL012,2024-02-15,2,Modelagem
APT009409,PRJ0135,ANL002,2024-02-29,8,Apresentação
APT005316,PRJ0073,ANL003,2025-03-07,4,Documentação
APT004948,PRJ0066,ANL021,18-nov-2024,8,Dashboard
APT006817,PRJ0096,ANL021,22-abr-2026,6,ETL
APT001457,PRJ0017,ANL016,2025-03-07,6,Coleta
APT000483,PRJ0007,ANL010,12/30/2024,8.5,Documentação
APT006358,PRJ0086,ANL009,2026-04-03,2,Dashboard
APT000824,PRJ0010,ANL001,17/07/2024,5.5,Apresentação
APT006491,PRJ0089,ANL010,2024-08-12,4,Reunião com cliente
APT000481,PRJ0007,ANL004,21/10/2024,3,Coleta
APT005078,PRJ0069,ANL006,2024-09-09,5.5,ETL
APT007697,PRJ0109,ANL013,2026-03-16,6,Reunião com cliente
APT009517,PRJ0136,ANL013,2026-01-19,2,Coleta
APT008185,PRJ0119,ANL024,2024-01-18,"6,5",Testes
APT006743,PRJ0095,ANL002,2025-04-10,8,Documentação
APT000872,PRJ0011,ANL020,2025-08-11,7.5,Modelagem
APT007473,PRJ0106,ANL015,2026-04-29,8.5,ETL
APT009048,PRJ0130,ANL019,2025-04-28,4,Reunião com cliente
APT002251,PRJ0028,ANL016,2024-10-11,6,APRESENTAÇÃO
APT004100,PRJ0053,ANL008,02/03/2026,7.5,ETL
APT007809,PRJ0111,ANL017,2026-04-20,6,Apresentação
APT003364,PRJ0042,ANL001,2025-06-17,5,Modelagem
APT008734,PRJ0123,ANL020,16/06/2025,7,Apresentação
APT005854,PRJ0081,ANL005,2026-06-08,2,Coleta
APT002278,PRJ0029,ANL001,2025-08-21,3,Testes
APT006360,PRJ0086,ANL003,2026-05-12,2,Dashboard
APT006451,PRJ0089,ANL016,2024-06-20,3,DOCUMENTAÇÃO
APT007151,PRJ0102,ANL007,2025-01-07,7.5,ETL
APT003370,PRJ0042,ANL001,2025-07-10,6,Modelagem
APT000972,PRJ0012,ANL023,09-mar-2026,3,Apresentação
APT006546,PRJ0091,ANL009,2025-12-22,8,Apresentação
APT000601,PRJ0008,ANL023,25-mar-2026,2,ETL
APT004236,PRJ0055,ANL020,2024-08-09,3,ETL
APT004040,PRJ0052,ANL016,2026-04-21,8,Testes
APT002580,PRJ0032,ANL024,2026-06-09,8.5,Dashboard
APT007321,PRJ0104,ANL006,29-abr-2024,4,Apresentação
APT003536,PRJ0043,ANL011,2025-11-26,8,Reunião com cliente
APT007445,PRJ0106,ANL003,2026-05-04,5,ETL
APT007823,PRJ0111,ANL017,2026-04-20,2,Apresentação
APT002867,PRJ0036,ANL007,2026-04-08,2,Reunião com cliente
APT004313,PRJ0056,ANL021,2025-02-24,8,Reunião com cliente
APT001724,PRJ0023,ANL017,2026-02-02,6,Apresentação
APT008115,PRJ0118,ANL020,2025-12-08,2,Coleta
APT006522,PRJ0090,ANL005,23/10/2024,4,Apresentação
APT002951,PRJ0036,ANL019,2026-04-20,8,APRESENTAÇÃO
APT001054,PRJ0012,ANL017,2026-03-13,7,Testes
APT002674,PRJ0034,ANL024,04/02/2024,4,Coleta
APT005888,PRJ0081,ANL017,2026-04-06,3,Coleta
APT001001,PRJ0012,ANL011,05/22/2026,5.5,COLETA
APT002194,PRJ0027,ANL007,2024-10-14,7,Documentação
APT004924,PRJ0066,ANL003,2024-10-28,2.5,Apresentação
APT002742,PRJ0034,ANL024,05/02/2024,5,Apresentação
APT005975,PRJ0082,ANL022,2025-07-08,3,ETL
APT006988,PRJ0100,ANL004,2026-05-22,7.5,Documentação
APT007958,PRJ0114,ANL005,24-abr-2024,4,Dashboard
APT001436,PRJ0017,ANL022,2025-01-08,8,ETL
APT001301,PRJ0014,ANL008,15-jul-2024,8.5,ETL
APT003367,PRJ0042,ANL007,09/01/2025,4,Coleta
APT003899,PRJ0050,ANL002,11/03/2025,5,Dashboard
APT001990,PRJ0026,ANL009,2025-12-05,6.5,Dashboard
APT000309,PRJ0006,ANL014,2025-06-10,8,Reunião com cliente
APT000627,PRJ0008,ANL005,2026-05-20,4,Dashboard
APT007550,PRJ0106,ANL021,2026-05-06,4,Testes
APT005446,PRJ0077,ANL002,11/18/2024,4,Apresentação
APT007572,PRJ0106,ANL003,08/06/2026,4.5,Coleta
APT003955,PRJ0051,ANL005,11/15/2024,8,Apresentação
APT002623,PRJ0034,ANL024,03/06/2024,6,Testes
APT008171,PRJ0119,ANL018,2024-05-24,4,Testes
APT000115,PRJ0003,ANL003,2025-09-29,4,Modelagem
APT009412,PRJ0135,ANL008,2024-03-07,6,Testes
APT001605,PRJ0020,ANL022,2024-03-05,7,Documentação
APT007885,PRJ0113,ANL004,2024-05-17,5,Modelagem
APT009647,PRJ0139,ANL011,2024-11-01,3.5,Dashboard
APT001971,PRJ0025,ANL022,2025-01-17,5.5,Coleta
APT009411,PRJ0135,ANL008,2024-02-08,2,Modelagem
APT001906,PRJ0025,ANL022,2025-02-17,6.5,Apresentação
APT003505,PRJ0042,ANL019,21/07/2025,6,Reunião com cliente
APT005339,PRJ0074,ANL016,03/11/2025,4,Apresentação
APT008402,PRJ0120,ANL007,2026-05-20,3,Dashboard
APT000940,PRJ0012,ANL017,2026-02-12,4,Apresentação
APT007079,PRJ0101,ANL018,2026-06-08,6.5,Dashboard
APT007312,PRJ0104,ANL024,2024-04-16,6.5,Reunião com cliente
APT008864,PRJ0126,ANL005,2026-01-22,4,Coleta
APT004311,PRJ0056,ANL003,25-mar-2025,4,Testes
APT006071,PRJ0083,ANL003,2025-06-02,6.5,Dashboard
APT004257,PRJ0055,ANL002,2024-10-10,6,ETL
APT008801,PRJ0124,ANL022,2024-10-21,4,DOCUMENTAÇÃO
APT006807,PRJ0096,ANL015,2026-03-16,6,Coleta
APT002237,PRJ0028,ANL004,2024-10-22,3,Apresentação
APT001466,PRJ0017,ANL010,2025-03-11,7,Documentação
APT009395,PRJ0135,ANL020,2024-04-03,6,Dashboard
APT003347,PRJ0042,ANL013,2025-06-18,8.5,Modelagem
APT005603,PRJ0079,ANL006,2025-07-08,5,ETL
APT008701,PRJ0122,ANL015,11/25/2025,"6,5",APRESENTAÇÃO
APT004849,PRJ0064,ANL002,20/04/2026,4,Apresentação
APT003095,PRJ0039,ANL019,2024-12-30,4,Coleta
APT007752,PRJ0109,ANL001,2026-05-27,6.5,Testes
APT000709,PRJ0008,ANL005,2026-03-02,4,Documentação
APT003354,PRJ0042,ANL007,2025-05-21,8,Dashboard
APT008639,PRJ0122,ANL015,2025-11-13,4,Reunião com cliente
APT007228,PRJ0103,ANL005,2025-02-10,6,Reunião com cliente
APT003299,PRJ0042,ANL013,2025-08-11,8,Modelagem
APT006244,PRJ0084,ANL023,08/14/2025,7.5,Testes
APT002161,PRJ0026,ANL021,24/10/2025,5,Coleta
APT005324,PRJ0073,ANL003,2025-02-06,2,Reunião com cliente
APT007537,PRJ0106,ANL021,06/04/2026,6,ETL
APT004261,PRJ0056,ANL003,17/04/2025,6,Apresentação
APT005785,PRJ0081,ANL023,2026-05-11,5,ETL
APT009605,PRJ0138,ANL017,2026-05-11,6.5,Dashboard
APT000049,PRJ0001,ANL004,04/08/2024,5,Dashboard
APT005326,PRJ0073,ANL021,17-fev-2025,6,ETL
APT008699,PRJ0122,ANL015,28/10/2025,4,Documentação
APT004673,PRJ0063,ANL019,2026-05-25,4,Documentação
APT001361,PRJ0015,ANL016,2025-12-01,4,Testes
APT004839,PRJ0064,ANL014,2026-05-15,5,Dashboard
APT006886,PRJ0098,ANL018,26/09/2025,6,Testes
APT006765,PRJ0095,ANL008,2025-04-23,4.5,Coleta
APT000794,PRJ0010,ANL013,2024-07-24,8,Reunião com cliente
APT003613,PRJ0046,ANL010,2024-03-22,8,Dashboard
APT008924,PRJ0127,ANL006,20-out-2025,4,Apresentação
APT008311,PRJ0120,ANL019,2026-04-07,"3,5",Apresentação
APT001959,PRJ0025,ANL022,22-jan-2025,2,Testes
APT002318,PRJ0029,ANL001,2025-07-09,7,Testes
APT002313,PRJ0029,ANL007,2025-06-20,5,Documentação
APT007111,PRJ0101,ANL024,08-mai-2026,5,Documentação
APT000433,PRJ0007,ANL010,23-set-2024,5,Coleta
APT008457,PRJ0120,ANL007,2026-05-20,6,Testes
APT008096,PRJ0118,ANL008,2025-10-30,2,Documentação
APT009477,PRJ0136,ANL013,06-mai-2026,4,ETL
APT006169,PRJ0083,ANL009,2025-05-21,7,ETL
APT003724,PRJ0047,ANL006,08/07/2024,2,Apresentação
APT000011,PRJ0001,ANL010,2024-04-29,6,Documentação
APT002766,PRJ0034,ANL018,2024-01-24,6,Apresentação
APT005126,PRJ0070,ANL022,2025-05-29,4,REUNIÃO COM CLIENTE
APT000174,PRJ0004,ANL011,10-abr-2024,6.5,Reunião com cliente
APT001598,PRJ0020,ANL016,2024-03-11,6,Apresentação
APT002042,PRJ0026,ANL009,04/08/2025,8,Modelagem
APT009238,PRJ0133,ANL018,26/06/2026,8,Apresentação
APT004841,PRJ0064,ANL020,2026-04-23,4.5,Reunião com cliente
APT008945,PRJ0128,ANL017,20-abr-2026,4,Modelagem
APT005186,PRJ0070,ANL016,24-mar-2025,8,Coleta
APT007994,PRJ0115,ANL023,06/17/2024,6,Documentação
APT000619,PRJ0008,ANL017,2026-06-11,5,Apresentação
APT007596,PRJ0106,ANL021,2026-04-23,6,Documentação
APT009627,PRJ0139,ANL005,2024-11-04,8,Dashboard
APT007563,PRJ0106,ANL015,2026-04-17,3,ETL
APT005780,PRJ0081,ANL023,08/04/2026,4,ETL
APT004745,PRJ0064,ANL020,04-mar-2026,4,Dashboard
APT000690,PRJ0008,ANL017,2026-06-01,2.5,Testes
APT002373,PRJ0029,ANL019,08/20/2025,7,Modelagem
APT000981,PRJ0012,ANL023,2026-06-01,4,Apresentação
APT004793,PRJ0064,ANL002,12/03/2026,8,Modelagem
APT001790,PRJ0024,ANL017,13/08/2025,4,Testes
APT005300,PRJ0073,ANL021,2025-02-25,6,Coleta
APT001947,PRJ0025,ANL022,2025-03-07,4,ETL
APT007679,PRJ0109,ANL019,03/18/2026,7,Coleta
APT004242,PRJ0055,ANL020,06/17/2024,4,Apresentação
APT000039,PRJ0001,ANL016,2024-04-18,6,ETL
APT008510,PRJ0121,ANL009,18/05/2026,6.5,Testes
APT000083,PRJ0003,ANL003,12-ago-2025,2,Testes
APT001708,PRJ0022,ANL015,02/24/2026,6,Coleta
APT008454,PRJ0120,ANL013,23/03/2026,3.5,ETL
APT007875,PRJ0113,ANL016,05/01/2024,6,Modelagem
APT004211,PRJ0055,ANL002,2024-09-09,6,Testes
APT004835,PRJ0064,ANL020,23/03/2026,2.5,Dashboard
APT008578,PRJ0121,ANL021,2026-04-22,6.5,Apresentação
APT009514,PRJ0136,ANL001,2026-01-22,5,Apresentação
APT000413,PRJ0006,ANL020,05/30/2025,2,Documentação
APT001157,PRJ0013,ANL011,2024-11-27,6.5,Modelagem
APT007260,PRJ0103,ANL011,2025-04-21,8,Dashboard
APT005760,PRJ0081,ANL017,24-jun-2026,4.5,Apresentação
APT004144,PRJ0053,ANL020,02/11/2026,4,Coleta
APT004814,PRJ0064,ANL014,30/03/2026,2,Coleta
APT008086,PRJ0117,ANL009,2025-07-28,6.5,ETL
APT005131,PRJ0070,ANL016,04/10/2025,"3,5",Testes
APT005034,PRJ0068,ANL017,2025-02-27,6.5,Testes
APT004637,PRJ0063,ANL007,2026-05-18,7,Modelagem
APT006632,PRJ0093,ANL014,2024-10-14,4.5,Modelagem
APT002448,PRJ0032,ANL006,19/02/2026,7.5,Testes
APT005210,PRJ0070,ANL016,2025-07-04,2,Reunião com cliente
APT004564,PRJ0062,ANL005,12/12/2024,6,Dashboard
APT006918,PRJ0098,ANL012,2025-09-08,5,Documentação
APT005540,PRJ0078,ANL017,2025-08-01,7,Dashboard
APT009363,PRJ0134,ANL003,2026-01-14,4,Documentação
APT002535,PRJ0032,ANL024,2026-03-09,6,Dashboard
APT000530,PRJ0007,ANL010,13/01/2025,8,Coleta
APT008790,PRJ0124,ANL010,14/10/2024,4,Testes
APT003131,PRJ0039,ANL007,2024-12-16,2.5,Modelagem
APT000191,PRJ0004,ANL011,2024-03-29,4,Coleta
APT006718,PRJ0095,ANL002,23/01/2025,6,Coleta
APT009388,PRJ0135,ANL008,2024-02-12,2,Apresentação
APT009199,PRJ0131,ANL009,2024-02-06,4,Dashboard
APT000194,PRJ0004,ANL011,15/04/2024,2,Modelagem
APT009516,PRJ0136,ANL001,2026-01-26,4,Dashboard
APT002219,PRJ0027,ANL019,10/07/2024,8.5,Apresentação
APT003765,PRJ0047,ANL024,30-set-2024,6,Apresentação
APT002776,PRJ0034,ANL012,2024-02-06,7,COLETA
APT003087,PRJ0039,ANL007,12/02/2024,4.5,ETL
APT004170,PRJ0055,ANL014,09/10/2024,6,ETL
APT007406,PRJ0106,ANL009,04/01/2026,5,Documentação
APT002132,PRJ0026,ANL021,2025-10-06,8.5,Reunião com cliente
APT007744,PRJ0109,ANL013,2026-03-26,4,ETL
APT007571,PRJ0106,ANL015,2026-04-22,6,Reunião com cliente
APT009430,PRJ0136,ANL019,2026-04-03,2,Dashboard
APT000853,PRJ0010,ANL019,27-set-2024,"5,5",Dashboard
APT002696,PRJ0034,ANL006,2024-05-29,8.5,Apresentação
APT003344,PRJ0042,ANL001,26/05/2025,2,ETL
APT006850,PRJ0098,ANL024,2025-09-18,4,Apresentação
APT009208,PRJ0132,ANL016,2024-11-04,6,Reunião com cliente
APT006210,PRJ0084,ANL017,2025-09-22,6,Documentação
APT007148,PRJ0102,ANL001,2025-01-16,4,Testes
APT006634,PRJ0093,ANL014,27/09/2024,6,Coleta
APT003140,PRJ0039,ANL013,2024-10-23,8,Testes
APT007345,PRJ0105,ANL002,2025-11-25,7,ETL
APT004860,PRJ0064,ANL014,2026-03-05,4,Coleta
APT009625,PRJ0139,ANL011,10/16/2024,5,Documentação
APT008365,PRJ0120,ANL013,06/25/2026,"7,5",Testes
APT002401,PRJ0029,ANL019,06/06/2025,6,COLETA
APT002038,PRJ0026,ANL015,2026-01-02,5,Modelagem
APT007259,PRJ0103,ANL005,03/18/2025,2,Testes
APT005201,PRJ0070,ANL022,08/05/2025,6.5,REUNIÃO COM CLIENTE
APT000063,PRJ0003,ANL015,09/12/2025,3,Dashboard
APT003208,PRJ0041,ANL011,2025-04-04,4.5,ETL
APT009314,PRJ0133,ANL006,2026-06-22,6,ETL
APT009604,PRJ0138,ANL017,06/17/2026,3.5,Coleta
APT006731,PRJ0095,ANL008,2025-03-31,2.5,Modelagem
APT009533,PRJ0136,ANL007,04-mai-2026,4,ETL
APT003585,PRJ0045,ANL016,2025-03-13,6,Modelagem
APT003196,PRJ0041,ANL011,2025-07-28,4,Reunião com cliente
APT003833,PRJ0048,ANL005,2025-01-06,2.5,Documentação
APT004517,PRJ0060,ANL012,2025-05-05,7.5,Dashboard
APT003597,PRJ0045,ANL010,24-fev-2025,5,ETL
APT001289,PRJ0014,ANL020,2024-08-14,4.5,Testes
APT004929,PRJ0066,ANL021,2024-11-18,6.5,Modelagem
APT003750,PRJ0047,ANL006,21/10/2024,6,Documentação
APT005419,PRJ0077,ANL002,2024-11-27,7,Testes
APT006748,PRJ0095,ANL008,03/24/2025,3,Coleta
APT004433,PRJ0059,ANL014,2025-04-28,3.5,ETL
APT001996,PRJ0026,ANL015,2025-08-06,8,Dashboard
APT006516,PRJ0090,ANL005,21-out-2024,6.5,Dashboard
APT003847,PRJ0049,ANL012,2026-01-20,8,Modelagem
APT006074,PRJ0083,ANL015,12/08/2025,6,Coleta
APT006252,PRJ0084,ANL005,2025-08-19,5,Dashboard
APT004073,PRJ0052,ANL022,30-mar-2026,4.5,Testes
APT008897,PRJ0127,ANL024,11/21/2025,8,ETL
APT005080,PRJ0069,ANL024,28/10/2024,3,Documentação
APT006264,PRJ0085,ANL024,27-out-2025,6,Testes
APT005133,PRJ0070,ANL022,2025-07-16,4,ETL
APT001976,PRJ0025,ANL022,2025-03-07,3,COLETA
APT000983,PRJ0012,ANL017,2026-06-18,2.5,Apresentação
APT005725,PRJ0080,ANL009,18-out-2024,6,Modelagem
APT008430,PRJ0120,ANL001,2026-06-22,4.5,Apresentação
APT000554,PRJ0007,ANL016,2024-12-09,3.5,Coleta
APT002944,PRJ0036,ANL013,2026-05-25,4,ETL
APT007507,PRJ0106,ANL015,2026-05-27,7,Apresentação
APT005057,PRJ0069,ANL012,2024-09-16,8,Dashboard
APT009450,PRJ0136,ANL007,02/06/2026,4,ETL
APT004722,PRJ0063,ANL001,2026-06-12,2,Coleta
APT001838,PRJ0024,ANL017,2025-10-06,4,Reunião com cliente
APT007344,PRJ0105,ANL014,2025-11-18,2.5,Reunião com cliente
APT001230,PRJ0014,ANL020,04/09/2024,4,Coleta
APT004534,PRJ0061,ANL006,27/05/2025,5,Modelagem
APT009250,PRJ0133,ANL012,2026-06-15,4,Coleta
APT003045,PRJ0038,ANL002,06/25/2024,2,ETL
APT001987,PRJ0025,ANL004,04-abr-2025,"6,5",Dashboard
APT001677,PRJ0022,ANL009,2026-02-25,2,ETL
APT006467,PRJ0089,ANL022,10-set-2024,8.5,Apresentação
APT000375,PRJ0006,ANL020,2025-07-09,8,Modelagem
APT001614,PRJ0020,ANL022,2024-03-06,8,Testes
APT001206,PRJ0014,ANL002,2024-09-20,4,Coleta
APT007782,PRJ0110,ANL014,30/01/2025,8.5,Coleta
APT003807,PRJ0048,ANL011,30-dez-2024,5,Reunião com cliente
APT000289,PRJ0005,ANL011,2025-01-20,2,Modelagem
APT001263,PRJ0014,ANL014,2024-10-29,5,Reunião com cliente
APT005130,PRJ0070,ANL022,03-abr-2025,6,Modelagem
APT004855,PRJ0064,ANL014,2026-02-23,4,Documentação
APT001142,PRJ0013,ANL023,2024-10-28,4.5,ETL
APT005629,PRJ0079,ANL012,2025-06-20,2,Coleta
APT005688,PRJ0080,ANL015,2024-11-04,7,Coleta
APT000798,PRJ0010,ANL013,07/31/2024,8,ETL
APT006725,PRJ0095,ANL002,10/02/2025,2,Apresentação
APT007145,PRJ0101,ANL012,22/06/2026,7.5,ETL
APT005753,PRJ0081,ANL023,26-mai-2026,4,ETL
APT007960,PRJ0114,ANL005,2024-04-22,7,Reunião com cliente
APT006820,PRJ0096,ANL003,2026-05-21,4,Apresentação
APT007959,PRJ0114,ANL017,05/08/2024,4,Apresentação
APT005231,PRJ0071,ANL023,2025-01-27,5.5,Dashboard
APT002971,PRJ0036,ANL001,2026-03-02,4,ETL
APT006678,PRJ0093,ANL014,09/20/2024,8,Coleta
APT005123,PRJ0070,ANL022,23-mai-2025,7.5,Dashboard
APT005239,PRJ0071,ANL017,2025-02-03,8,ETL
APT007154,PRJ0102,ANL007,02/11/2025,2.5,Modelagem
APT001920,PRJ0025,ANL004,2025-01-22,3.5,Coleta
APT007915,PRJ0113,ANL016,06/05/2024,3,Coleta
APT005325,PRJ0073,ANL021,04/03/2025,6,Coleta
APT006906,PRJ0098,ANL012,2025-10-01,2,Testes
APT006811,PRJ0096,ANL009,05/29/2026,2,ETL
APT009558,PRJ0137,ANL001,2025-07-14,5,Coleta
APT007593,PRJ0106,ANL021,13/04/2026,2.5,Apresentação
APT003841,PRJ0049,ANL006,26/01/2026,5,Documentação
APT001125,PRJ0013,ANL023,20/12/2024,6,Modelagem
APT000404,PRJ0006,ANL002,07/04/2025,8,Modelagem
APT001508,PRJ0018,ANL005,2025-09-11,4,Coleta
APT008110,PRJ0118,ANL002,2025-12-08,4,Reunião com cliente
APT000584,PRJ0008,ANL005,2026-06-19,8,Apresentação
APT006017,PRJ0082,ANL010,2025-03-10,5,Dashboard
APT006238,PRJ0084,ANL005,2025-09-15,4.5,Testes
APT005974,PRJ0082,ANL004,2025-03-17,8,Coleta
APT006703,PRJ0094,ANL004,2025-09-08,"4,5",Dashboard
APT006857,PRJ0098,ANL024,2025-08-25,5,Coleta
APT006036,PRJ0082,ANL004,2025-05-08,4,Coleta
APT003954,PRJ0050,ANL008,31-out-2025,6.5,Apresentação
APT006132,PRJ0083,ANL021,11/19/2025,8.5,Coleta
APT006029,PRJ0082,ANL010,2025-06-30,7,ETL
APT002340,PRJ0029,ANL013,2025-09-15,4.5,Documentação
APT008488,PRJ0120,ANL019,2026-06-23,6.5,Reunião com cliente
APT008960,PRJ0128,ANL011,04/13/2026,7.5,Reunião com cliente
APT007197,PRJ0103,ANL005,2025-04-09,4.5,Apresentação
APT005763,PRJ0081,ANL017,2026-05-13,4.5,Modelagem
APT006668,PRJ0093,ANL020,2024-10-02,4.5,Dashboard
APT007732,PRJ0109,ANL019,2026-03-23,6,Apresentação
APT008693,PRJ0122,ANL015,27-out-2025,5,Reunião com cliente
APT000123,PRJ0003,ANL003,2025-07-14,7,ETL
APT007630,PRJ0109,ANL019,05/05/2026,4,Coleta
APT003470,PRJ0042,ANL001,13/06/2025,5.5,Documentação
APT000355,PRJ0006,ANL014,02/04/2025,"2,5",Reunião com cliente
APT007251,PRJ0103,ANL023,07-fev-2025,6,APRESENTAÇÃO
APT009438,PRJ0136,ANL007,2026-01-12,7,ETL
APT002745,PRJ0034,ANL024,2024-04-03,5,Coleta
APT008033,PRJ0115,ANL011,2024-05-29,3,Reunião com cliente
APT004483,PRJ0059,ANL002,2025-03-10,4,Testes
APT000377,PRJ0006,ANL008,09-jun-2025,2,Modelagem
APT004908,PRJ0065,ANL022,2026-02-05,6.5,Testes
APT004324,PRJ0056,ANL009,27/03/2025,4,Reunião com cliente
APT003702,PRJ0047,ANL012,22-out-2024,6,Documentação
APT008854,PRJ0126,ANL005,31-mar-2026,5,Modelagem
APT005995,PRJ0082,ANL022,2025-05-19,5,Documentação
APT001295,PRJ0014,ANL020,06/18/2024,3.5,Documentação
APT001557,PRJ0019,ANL022,2024-12-10,6.5,Reunião com cliente
APT007212,PRJ0103,ANL005,2025-04-21,6.5,Coleta
APT009621,PRJ0139,ANL023,2024-11-26,4.5,ETL
APT001391,PRJ0016,ANL016,08/06/2026,2.5,Modelagem
APT007449,PRJ0106,ANL009,2026-05-25,6,Modelagem
APT003020,PRJ0037,ANL010,2025-04-23,8,Modelagem
APT005509,PRJ0078,ANL005,09/18/2025,"2,5",Coleta
APT000573,PRJ0008,ANL023,08-mai-2026,5,Reunião com cliente
APT003134,PRJ0039,ANL013,29/11/2024,2.5,Testes
APT003116,PRJ0039,ANL001,2025-01-13,5,Dashboard
APT004634,PRJ0063,ANL019,06/22/2026,8,Dashboard
APT000089,PRJ0003,ANL021,24/09/2025,8,Testes
APT006172,PRJ0083,ANL015,02/06/2025,2.5,ETL
APT000694,PRJ0008,ANL011,2026-05-04,5.5,Testes
APT006379,PRJ0088,ANL007,2025-08-28,4,Reunião com cliente
APT008728,PRJ0122,ANL021,06-out-2025,3.5,Reunião com cliente
APT000587,PRJ0008,ANL023,30-abr-2026,7,Apresentação
APT003310,PRJ0042,ANL001,22-set-2025,7.5,Modelagem
APT005822,PRJ0081,ANL005,20/04/2026,4,Dashboard
APT002568,PRJ0032,ANL018,02-mar-2026,6,Testes
APT004640,PRJ0063,ANL019,23-jun-2026,4,Testes
APT008888,PRJ0126,ANL017,12/03/2026,8.5,Documentação
APT004111,PRJ0053,ANL008,2026-04-10,"4,5",Reunião com cliente
APT001292,PRJ0014,ANL014,2024-10-16,6,ETL
APT006887,PRJ0098,ANL006,17-set-2025,6,Dashboard
APT001507,PRJ0018,ANL011,2025-09-10,4,Reunião com cliente
APT009109,PRJ0130,ANL019,2025-05-13,8,Testes
APT004223,PRJ0055,ANL014,2024-10-11,4.5,Reunião com cliente
APT007610,PRJ0108,ANL020,2024-06-20,6,Documentação
APT006711,PRJ0095,ANL002,14/04/2025,4,Apresentação
APT000240,PRJ0005,ANL023,2024-12-10,4,Documentação
APT003264,PRJ0041,ANL011,2025-06-02,5.5,ETL
APT001231,PRJ0014,ANL008,16-out-2024,4,Dashboard
APT005662,PRJ0079,ANL006,16-jun-2025,6,Dashboard
APT002673,PRJ0034,ANL012,28-fev-2024,2,Apresentação
APT004778,PRJ0064,ANL008,2026-04-28,6,Apresentação
APT007422,PRJ0106,ANL003,2026-06-22,4.5,Dashboard
APT008848,PRJ0126,ANL005,01/26/2026,4.5,Reunião com cliente
APT001711,PRJ0022,ANL003,2026-03-04,7,Apresentação
APT006523,PRJ0090,ANL017,21-out-2024,7,Dashboard
APT000341,PRJ0006,ANL020,07/05/2025,6.5,ETL
APT006055,PRJ0082,ANL022,03/20/2025,2,ETL
APT003407,PRJ0042,ANL019,29/09/2025,6,Documentação
APT001010,PRJ0012,ANL011,2026-04-01,4,Coleta
APT003461,PRJ0042,ANL013,2025-05-12,6,Coleta
APT008428,PRJ0120,ANL013,03/26/2026,8,Coleta
APT003766,PRJ0047,ANL012,08/08/2024,5,Coleta
APT006020,PRJ0082,ANL010,03/10/2025,5.5,Apresentação
APT009182,PRJ0131,ANL021,01/04/2024,4,Testes
APT008629,PRJ0122,ANL003,09/10/2025,"6,5",Modelagem
APT008328,PRJ0120,ANL013,15/06/2026,4,Testes
APT004425,PRJ0058,ANL001,2024-03-21,6,Modelagem
APT009185,PRJ0131,ANL021,2024-03-08,7.5,Apresentação
APT000771,PRJ0010,ANL001,2024-09-02,6,Testes
APT005105,PRJ0070,ANL010,2025-04-25,8,ETL
APT009550,PRJ0136,ANL007,2026-04-22,8,Documentação
APT008892,PRJ0126,ANL023,2026-02-17,6.5,Reunião com cliente
APT007019,PRJ0101,ANL012,25/06/2026,8,Reunião com cliente
APT002430,PRJ0031,ANL015,2024-10-31,2,Apresentação
APT000578,PRJ0008,ANL005,2026-05-28,8,Reunião com cliente
APT003153,PRJ0039,ANL013,2025-02-11,4,Coleta
APT004643,PRJ0063,ANL001,2026-05-18,4,Reunião com cliente
APT004940,PRJ0066,ANL009,05/11/2024,7.5,Dashboard
APT000989,PRJ0012,ANL017,2026-02-25,5,Modelagem
APT008987,PRJ0129,ANL007,22-jan-2026,7,Modelagem
APT007053,PRJ0101,ANL024,2026-05-29,6.5,Apresentação
APT005459,PRJ0078,ANL005,21-jul-2025,8,Apresentação
APT003417,PRJ0042,ANL013,2025-06-03,4,ETL
APT009690,PRJ0140,ANL012,2025-12-08,5,Documentação
APT001401,PRJ0016,ANL022,2026-06-01,2,MODELAGEM
APT000010,PRJ0001,ANL016,2024-03-28,3,Testes
APT007798,PRJ0110,ANL020,01/15/2025,6.5,Dashboard
APT006799,PRJ0096,ANL015,2026-05-18,"7,5",Apresentação
APT008866,PRJ0126,ANL023,2026-05-11,2,Apresentação
APT006651,PRJ0093,ANL020,2024-09-30,8,APRESENTAÇÃO
APT001105,PRJ0012,ANL017,01-jun-2026,4,Apresentação
APT004507,PRJ0060,ANL024,08-mai-2025,"4,5",Documentação
APT009561,PRJ0137,ANL007,07-jul-2025,3,Apresentação
APT006574,PRJ0093,ANL008,2024-11-12,4,Documentação
APT006035,PRJ0082,ANL016,2025-06-20,7,Testes
APT004596,PRJ0062,ANL011,2024-12-19,2,Documentação
APT006348,PRJ0086,ANL015,08-mai-2026,6,ETL
APT009277,PRJ0133,ANL006,2026-04-16,5,Testes
APT007765,PRJ0109,ANL007,2026-04-08,"2,5",Apresentação
APT009623,PRJ0139,ANL017,30/09/2024,4,Documentação
APT001808,PRJ0024,ANL005,2025-11-21,2,ETL
APT001689,PRJ0022,ANL003,2026-03-09,4.5,Documentação
APT001905,PRJ0025,ANL004,2025-03-18,4.5,Documentação
APT008619,PRJ0122,ANL015,2025-09-01,3,Documentação
APT000730,PRJ0009,ANL011,2025-11-03,6,Reunião com cliente
APT006455,PRJ0089,ANL016,2024-06-24,6,Documentação
APT009170,PRJ0131,ANL015,02/21/2024,7,Reunião com cliente
APT009200,PRJ0131,ANL003,2024-02-27,3,Modelagem
APT001594,PRJ0019,ANL022,06/01/2025,6,Coleta
APT005811,PRJ0081,ANL023,2026-04-27,8,Modelagem
APT008027,PRJ0115,ANL023,03/06/2024,5.5,ETL
APT004210,PRJ0055,ANL014,2024-10-07,7,Testes
APT004882,PRJ0065,ANL016,2026-02-12,4,Documentação
APT003166,PRJ0039,ANL001,2024-11-06,3.5,Testes
APT009671,PRJ0139,ANL017,2024-10-21,3.5,Modelagem
APT007009,PRJ0100,ANL016,2026-05-21,4,Coleta
APT007954,PRJ0114,ANL017,2024-05-10,2,Reunião com cliente
APT003927,PRJ0050,ANL008,11/05/2025,4,Modelagem
APT007777,PRJ0110,ANL014,01/20/2025,"8,5",Documentação
APT002505,PRJ0032,ANL018,20-abr-2026,6.5,Dashboard
APT005400,PRJ0076,ANL015,2024-06-03,4,Reunião com cliente
APT003923,PRJ0050,ANL002,2025-09-17,6,Testes
APT008114,PRJ0118,ANL002,2025-12-17,5.5,Documentação
APT005007,PRJ0067,ANL001,2024-06-17,4,Modelagem
APT003941,PRJ0050,ANL014,10/30/2025,7,Documentação
APT006290,PRJ0086,ANL009,2026-03-31,4.5,Coleta
APT005308,PRJ0073,ANL021,2025-03-10,8.5,Apresentação
APT004176,PRJ0055,ANL008,2024-09-05,7.5,ETL
APT003426,PRJ0042,ANL013,2025-06-16,4,REUNIÃO COM CLIENTE
APT003985,PRJ0051,ANL017,2024-12-16,7,Reunião com cliente
APT007551,PRJ0106,ANL009,02/06/2026,4,MODELAGEM
APT008039,PRJ0115,ANL023,2024-06-05,5,Apresentação
APT008996,PRJ0129,ANL013,2026-01-21,3,Documentação
APT002567,PRJ0032,ANL006,21/05/2026,4,Coleta
APT005606,PRJ0079,ANL006,01-jul-2025,7.5,ETL
APT008757,PRJ0123,ANL002,06/30/2025,8.5,ETL
APT009176,PRJ0131,ANL009,20-mar-2024,7.5,APRESENTAÇÃO
APT008756,PRJ0123,ANL014,11-ago-2025,2,Coleta
APT008427,PRJ0120,ANL001,01-abr-2026,4.5,Modelagem
APT001536,PRJ0019,ANL022,2025-01-22,3,Documentação
APT000608,PRJ0008,ANL017,16-mar-2026,4.5,Coleta
APT005984,PRJ0082,ANL022,17-jun-2025,7,Testes
APT001252,PRJ0014,ANL020,06-ago-2024,5.5,Modelagem
APT003805,PRJ0048,ANL005,2024-12-17,6,Dashboard
APT001370,PRJ0015,ANL004,21/11/2025,6.5,Documentação
APT002438,PRJ0031,ANL003,2024-10-30,7,Reunião com cliente
APT003387,PRJ0042,ANL019,14-ago-2025,6.5,Apresentação
APT006727,PRJ0095,ANL020,02/11/2025,3,Dashboard
APT007978,PRJ0115,ANL005,16/05/2024,7.5,Modelagem
APT003252,PRJ0041,ANL011,2025-06-10,4,Testes
APT009028,PRJ0129,ANL013,30/12/2025,6,ETL
APT004958,PRJ0066,ANL009,2024-12-10,2,Modelagem
APT003117,PRJ0039,ANL007,2024-12-09,8.5,ETL
APT001028,PRJ0012,ANL005,06-mar-2026,4,Documentação
APT002837,PRJ0036,ANL001,2026-05-18,4,Dashboard
APT005536,PRJ0078,ANL017,02-out-2025,5.5,Reunião com cliente
APT009030,PRJ0129,ANL013,12/23/2025,6,ETL
APT007092,PRJ0101,ANL012,2026-06-08,6,Coleta
APT000838,PRJ0010,ANL001,16/10/2024,2.5,Dashboard
APT002071,PRJ0026,ANL021,17-nov-2025,7,Modelagem
APT009123,PRJ0130,ANL013,2025-05-16,2,Documentação
APT004679,PRJ0063,ANL019,2026-06-04,6,Testes
APT002207,PRJ0027,ANL013,2024-10-24,8,Modelagem
APT005331,PRJ0073,ANL021,2025-02-20,7,ETL
APT001553,PRJ0019,ANL010,18-dez-2024,2.5,Modelagem
APT008984,PRJ0129,ANL001,2026-01-05,6,Documentação
APT005197,PRJ0070,ANL016,2025-04-15,3,Dashboard
APT004076,PRJ0052,ANL022,2026-04-07,2,ETL
APT001162,PRJ0013,ANL005,12/25/2024,3,Dashboard
APT001613,PRJ0020,ANL022,2024-03-04,4.5,Documentação
APT003276,PRJ0042,ANL013,07/23/2025,4,REUNIÃO COM CLIENTE
APT000877,PRJ0011,ANL008,2025-08-25,6,Coleta
APT008583,PRJ0121,ANL015,2026-03-30,5,Reunião com cliente
APT002737,PRJ0034,ANL012,05/06/2024,3,Apresentação
APT007291,PRJ0104,ANL012,2024-04-18,8,Coleta
APT003708,PRJ0047,ANL018,09/10/2024,6.5,Documentação
APT007238,PRJ0103,ANL023,04/14/2025,2,Testes
APT000069,PRJ0003,ANL021,15-set-2025,7,Coleta
APT008040,PRJ0115,ANL023,2024-04-29,3,Coleta
APT004121,PRJ0053,ANL014,09/02/2026,8.5,Reunião com cliente
APT003771,PRJ0047,ANL012,04/11/2024,7.5,Coleta
APT002141,PRJ0026,ANL009,22-set-2025,3,Modelagem
APT002525,PRJ0032,ANL024,07/05/2026,8,Apresentação
APT001275,PRJ0014,ANL014,2024-07-09,6.5,ETL
APT000336,PRJ0006,ANL020,06/12/2025,3,Dashboard
APT002302,PRJ0029,ANL019,15-set-2025,4,Testes
APT002650,PRJ0034,ANL012,2024-02-12,3,Testes
APT000626,PRJ0008,ANL017,2026-02-24,6.5,COLETA
APT005249,PRJ0071,ANL023,04-fev-2025,6.5,Apresentação
APT006047,PRJ0082,ANL022,17-abr-2025,6.5,Dashboard
APT006445,PRJ0089,ANL004,20/09/2024,"5,5",ETL
APT007847,PRJ0112,ANL009,07/21/2025,7,Reunião com cliente
APT001608,PRJ0020,ANL010,25/03/2024,4.5,Testes
APT001177,PRJ0014,ANL008,2024-06-17,5,Modelagem
APT000724,PRJ0009,ANL005,2025-11-03,5,ETL
APT002363,PRJ0029,ANL007,2025-08-04,5,Modelagem
APT003549,PRJ0043,ANL017,12/02/2025,4.5,Documentação
APT008305,PRJ0120,ANL019,2026-04-13,8,ETL
APT002411,PRJ0030,ANL009,2024-09-16,6.5,Reunião com cliente
APT003175,PRJ0039,ANL007,2025-02-03,6,Coleta
APT005599,PRJ0079,ANL006,23-jun-2025,8,Coleta
APT009289,PRJ0133,ANL012,06/04/2026,6,Reunião com cliente
APT007615,PRJ0108,ANL020,18-jun-2024,"7,5",Reunião com cliente
APT004977,PRJ0066,ANL021,11/25/2024,6,Reunião com cliente
APT008810,PRJ0125,ANL009,2025-04-03,6,Modelagem
APT000978,PRJ0012,ANL023,17/02/2026,6,Apresentação
APT009113,PRJ0130,ANL019,12-mai-2025,7,Testes
APT002839,PRJ0036,ANL001,2026-03-30,"2,5",ETL
APT001813,PRJ0024,ANL017,11/28/2025,"4,5",Documentação
APT005254,PRJ0071,ANL005,2025-02-05,7,Modelagem
APT001966,PRJ0025,ANL022,04-fev-2025,2,Documentação
APT004504,PRJ0060,ANL024,2025-04-29,6,Apresentação
APT002583,PRJ0032,ANL018,05/18/2026,5,Dashboard
APT003737,PRJ0047,ANL024,26-ago-2024,4,Dashboard
APT003590,PRJ0045,ANL016,11-mar-2025,3,Testes
APT008183,PRJ0119,ANL012,05/13/2024,5,Dashboard
APT003329,PRJ0042,ANL019,2025-07-28,2,Testes
APT006954,PRJ0099,ANL003,2025-06-27,6.5,ETL
APT004884,PRJ0065,ANL022,04/02/2026,6,Reunião com cliente
APT002095,PRJ0026,ANL009,2025-11-24,5,Documentação
APT005833,PRJ0081,ANL017,2026-05-11,4,Apresentação
APT001735,PRJ0023,ANL005,23-fev-2026,5,Reunião com cliente
APT008082,PRJ0117,ANL003,2025-08-04,8,Apresentação
APT009730,PRJ0140,ANL024,12/26/2025,6,Reunião com cliente
APT006245,PRJ0084,ANL017,2025-09-22,6.5,Documentação
APT003661,PRJ0046,ANL016,02/27/2024,6,Dashboard
APT004880,PRJ0065,ANL010,2026-03-13,8,Testes
APT008966,PRJ0128,ANL011,06-abr-2026,4.5,ETL
APT006750,PRJ0095,ANL008,2025-04-10,5.5,ETL
APT001532,PRJ0018,ANL017,19-set-2025,4,Documentação
APT005941,PRJ0081,ANL023,04/05/2026,6,Testes
APT008594,PRJ0121,ANL003,24/04/2026,4,Modelagem
APT005407,PRJ0077,ANL008,2024-10-08,3,Dashboard
APT008258,PRJ0119,ANL018,09/01/2024,7,Apresentação
APT002530,PRJ0032,ANL018,2026-05-27,8,Apresentação
APT006806,PRJ0096,ANL009,2026-05-01,5,Modelagem
APT001773,PRJ0023,ANL023,2026-04-08,6,ETL
APT005628,PRJ0079,ANL024,05/27/2025,6.5,Apresentação
APT002664,PRJ0034,ANL012,2024-02-19,7,ETL
APT007221,PRJ0103,ANL023,2025-03-11,4,Reunião com cliente
APT001141,PRJ0013,ANL017,11/25/2024,8,Apresentação
APT008012,PRJ0115,ANL005,2024-04-04,4,Documentação
APT007849,PRJ0112,ANL003,2025-07-28,7,Testes
APT008138,PRJ0118,ANL008,2025-11-13,5,Apresentação
APT006184,PRJ0083,ANL015,2025-05-20,4,Modelagem
APT004220,PRJ0055,ANL002,25-jul-2024,4,Testes
APT009334,PRJ0134,ANL015,2026-01-26,6.5,Reunião com cliente
APT007925,PRJ0114,ANL005,2024-05-08,3,Apresentação
APT008319,PRJ0120,ANL007,2026-04-14,7,Dashboard
APT002470,PRJ0032,ANL006,02-mar-2026,2,Coleta
APT007601,PRJ0107,ANL017,28-mar-2025,4.5,DASHBOARD
APT009218,PRJ0132,ANL016,28-out-2024,6,Apresentação
APT008067,PRJ0116,ANL013,2025-05-29,6,Reunião com cliente
APT002693,PRJ0034,ANL006,04/04/2024,5,Modelagem
APT008191,PRJ0119,ANL012,2024-03-29,6,Reunião com cliente
APT008198,PRJ0119,ANL012,2024-02-29,8.5,Modelagem
APT007430,PRJ0106,ANL015,2026-04-29,8,Apresentação
APT009492,PRJ0136,ANL013,04/01/2026,4,ETL
APT003431,PRJ0042,ANL013,2025-04-28,6.5,Testes
APT002508,PRJ0032,ANL006,2026-04-08,7.5,Testes
APT003285,PRJ0042,ANL019,2025-05-15,2,ETL
APT009366,PRJ0134,ANL009,02/09/2026,6,ETL
APT000721,PRJ0009,ANL011,10/14/2025,7,Testes
APT004065,PRJ0052,ANL004,13/04/2026,8,Coleta
APT003540,PRJ0043,ANL017,26/11/2025,4,Coleta
APT003107,PRJ0039,ANL007,17-fev-2025,6,Dashboard
APT005813,PRJ0081,ANL017,2026-04-08,6,Documentação
APT006716,PRJ0095,ANL008,2025-04-21,4.5,Modelagem
APT007036,PRJ0101,ANL006,2026-04-24,8.5,Testes
APT001606,PRJ0020,ANL004,2024-03-04,6,Apresentação
APT002807,PRJ0035,ANL022,03/26/2025,5,Testes
APT005248,PRJ0071,ANL023,21/02/2025,5,Testes
APT000389,PRJ0006,ANL002,2025-03-26,7,ETL
APT006726,PRJ0095,ANL020,02-abr-2025,4,APRESENTAÇÃO
APT002915,PRJ0036,ANL019,2026-03-12,4,ETL
APT000624,PRJ0008,ANL011,2026-03-05,2,Coleta
APT002022,PRJ0026,ANL021,04-ago-2025,4,Dashboard
APT000963,PRJ0012,ANL011,2026-06-05,5.5,Testes
APT008124,PRJ0118,ANL014,2025-10-09,6,ETL
APT005665,PRJ0079,ANL012,2025-07-21,8,Documentação
APT008335,PRJ0120,ANL007,08/06/2026,4,Apresentação
APT005351,PRJ0075,ANL020,2025-08-04,6.5,DASHBOARD
APT005260,PRJ0072,ANL018,2025-10-15,5.5,Dashboard
APT001691,PRJ0022,ANL009,2026-03-24,4,Dashboard
APT000241,PRJ0005,ANL005,2025-01-27,4,Testes
APT008579,PRJ0121,ANL009,2026-06-24,7,Reunião com cliente
APT008726,PRJ0122,ANL009,2025-10-27,3,ETL
APT007214,PRJ0103,ANL023,2025-01-31,4.5,Modelagem
APT004858,PRJ0064,ANL008,05/06/2026,5,Apresentação
APT000145,PRJ0003,ANL015,13/08/2025,3,Coleta
APT001739,PRJ0023,ANL011,2026-02-11,5,Testes
APT009321,PRJ0134,ANL015,2026-02-16,8.5,Coleta
APT002480,PRJ0032,ANL024,2026-02-11,7.5,Testes
APT003015,PRJ0037,ANL004,08/04/2025,7,Apresentação
APT000712,PRJ0008,ANL023,30/03/2026,5,Documentação
APT008227,PRJ0119,ANL018,2024-03-15,3,Modelagem
APT003542,PRJ0043,ANL017,12/01/2025,4.5,Modelagem
APT005375,PRJ0076,ANL021,07-jun-2024,6.5,Modelagem
APT003378,PRJ0042,ANL019,2025-07-21,7,ETL
APT001156,PRJ0013,ANL017,2024-10-21,6.5,Apresentação
APT001294,PRJ0014,ANL002,24-jul-2024,5,Apresentação
APT002467,PRJ0032,ANL024,2026-03-20,6,Testes
APT000874,PRJ0011,ANL002,09-set-2025,8,Testes
APT006469,PRJ0089,ANL004,2024-07-04,6,ETL
APT006149,PRJ0083,ANL015,2025-11-25,5,Coleta
APT009716,PRJ0140,ANL012,12/02/2025,4,ETL
APT002382,PRJ0029,ANL007,2025-06-24,6,Apresentação
APT004999,PRJ0067,ANL019,2024-05-31,"5,5",Documentação
APT009549,PRJ0136,ANL013,2026-06-01,2,Testes
APT007793,PRJ0110,ANL014,2025-01-22,6,Coleta
APT007859,PRJ0112,ANL015,28/07/2025,3,Reunião com cliente
APT004873,PRJ0065,ANL004,2026-03-16,6,Modelagem
APT000750,PRJ0010,ANL019,2024-07-15,3.5,Modelagem
APT002923,PRJ0036,ANL019,2026-06-16,"3,5",ETL
APT000823,PRJ0010,ANL001,2024-09-02,5,ETL
APT007561,PRJ0106,ANL021,2026-06-18,"6,5",Dashboard
APT000574,PRJ0008,ANL023,06/09/2026,6.5,Modelagem
APT001933,PRJ0025,ANL016,2025-02-14,6,Modelagem
APT007424,PRJ0106,ANL021,2026-04-16,4,Testes
APT007570,PRJ0106,ANL021,2026-05-07,8,ETL
APT001564,PRJ0019,ANL010,2025-01-24,6,Reunião com cliente
APT000551,PRJ0007,ANL022,30/09/2024,8,DASHBOARD
APT007383,PRJ0106,ANL021,26/05/2026,3,Documentação
APT009513,PRJ0136,ANL001,03/11/2026,5.5,Documentação
APT002060,PRJ0026,ANL003,2025-09-17,6,Apresentação
APT006255,PRJ0084,ANL023,2025-08-18,8,Dashboard
APT009234,PRJ0133,ANL006,2026-06-18,4,Coleta
APT008980,PRJ0129,ANL013,05-jan-2026,4,Coleta
APT003406,PRJ0042,ANL013,2025-04-01,6,Apresentação
APT006619,PRJ0093,ANL008,2024-09-16,4,Apresentação
APT008053,PRJ0115,ANL005,2024-05-09,6,Documentação
APT004714,PRJ0063,ANL001,2026-05-14,2,Documentação
APT003136,PRJ0039,ANL013,10/28/2024,5.5,Modelagem
APT002758,PRJ0034,ANL024,05/03/2024,6,Apresentação
APT001527,PRJ0018,ANL005,2025-11-13,5,Coleta
APT007898,PRJ0113,ANL004,2024-05-06,4.5,Reunião com cliente
APT008341,PRJ0120,ANL019,2026-04-13,"2,5",Coleta
APT001636,PRJ0021,ANL002,06/01/2026,6,Reunião com cliente
APT000061,PRJ0002,ANL001,09/10/2024,6,ETL
APT000204,PRJ0004,ANL011,2024-03-19,6,Reunião com cliente
APT009429,PRJ0136,ANL007,02/09/2026,6,Modelagem
APT001968,PRJ0025,ANL022,2025-02-04,2,Documentação
APT001888,PRJ0024,ANL011,12/11/2025,3,Documentação
APT002649,PRJ0034,ANL006,2024-06-24,6.5,ETL
APT000941,PRJ0012,ANL005,2026-05-25,6,Dashboard
APT005609,PRJ0079,ANL012,2025-07-01,4,Modelagem
APT009487,PRJ0136,ANL007,2026-03-30,3,Documentação
APT001134,PRJ0013,ANL017,12/19/2024,8,Modelagem
APT004034,PRJ0052,ANL022,2026-03-18,8.5,Coleta
APT000708,PRJ0008,ANL017,2026-03-09,2,Dashboard
APT003828,PRJ0048,ANL011,06-jan-2025,6.5,ETL
APT001625,PRJ0021,ANL014,2026-01-21,8,Modelagem
APT003013,PRJ0037,ANL022,2025-06-11,"3,5",Dashboard
APT006297,PRJ0086,ANL009,2026-04-22,2,Testes
APT001476,PRJ0017,ANL022,22-jan-2025,7,DASHBOARD
APT003775,PRJ0047,ANL012,2024-12-06,5,Modelagem
APT004509,PRJ0060,ANL006,2025-05-05,6,Testes
APT007924,PRJ0114,ANL011,04/18/2024,2,Testes
APT007546,PRJ0106,ANL003,06/01/2026,3,Testes
APT009181,PRJ0131,ANL021,2024-02-20,"6,5",ETL
APT007951,PRJ0114,ANL023,15-abr-2024,6,APRESENTAÇÃO
APT003832,PRJ0048,ANL023,2024-11-29,7,Apresentação
APT001931,PRJ0025,ANL010,17-mar-2025,4,Testes
APT005302,PRJ0073,ANL003,2025-02-20,3.5,Dashboard
APT007358,PRJ0106,ANL021,2026-05-25,6,Testes
APT002527,PRJ0032,ANL018,02/18/2026,3,Apresentação
APT000422,PRJ0007,ANL022,2024-12-26,2.5,Modelagem
APT003189,PRJ0040,ANL024,2025-07-21,6,Coleta
APT004354,PRJ0056,ANL009,04/18/2025,5,Reunião com cliente
APT007764,PRJ0109,ANL007,2026-05-11,3.5,ETL
APT008986,PRJ0129,ANL007,25/12/2025,6,Documentação
APT008521,PRJ0121,ANL003,2026-04-27,8,Dashboard
APT004087,PRJ0052,ANL010,13-abr-2026,7,Testes
APT001960,PRJ0025,ANL016,04/08/2025,7,ETL
APT007939,PRJ0114,ANL005,2024-04-10,2,Coleta
APT007909,PRJ0113,ANL004,12-jun-2024,4,Apresentação
APT002870,PRJ0036,ANL007,04/23/2026,2,Documentação
APT006928,PRJ0099,ANL003,02/05/2025,4,Documentação
APT009787,PRJ0140,ANL006,2025-12-17,4,Apresentação
APT001109,PRJ0013,ANL023,2024-12-31,7,Apresentação
APT009153,PRJ0131,ANL021,2024-03-18,6,Dashboard
APT003604,PRJ0045,ANL022,04-mar-2025,8.5,Apresentação
APT000961,PRJ0012,ANL005,2026-06-15,6,ETL
APT001932,PRJ0025,ANL004,04/01/2025,7,Apresentação
APT008237,PRJ0119,ANL018,01/05/2024,8,Modelagem
APT005320,PRJ0073,ANL021,01/23/2025,7.5,Reunião com cliente
APT008602,PRJ0121,ANL003,08-jun-2026,6,Testes
APT008876,PRJ0126,ANL023,04/20/2026,4,DOCUMENTAÇÃO
APT000613,PRJ0008,ANL011,2026-03-16,"4,5",Documentação
APT008970,PRJ0128,ANL017,2026-05-27,4,Dashboard
APT009570,PRJ0137,ANL013,2025-07-10,6.5,Testes
APT002607,PRJ0033,ANL020,2024-02-12,6,Modelagem
APT005623,PRJ0079,ANL018,2025-05-29,4,Coleta
APT006805,PRJ0096,ANL009,2026-06-01,"8,5",Apresentação
APT006808,PRJ0096,ANL009,2026-05-08,4.5,Testes
APT000832,PRJ0010,ANL019,26-ago-2024,4,ETL
APT007487,PRJ0106,ANL003,2026-04-29,6,Modelagem
APT007101,PRJ0101,ANL012,2026-05-26,6,COLETA
APT002933,PRJ0036,ANL019,04/22/2026,7,Modelagem
APT002023,PRJ0026,ANL021,07/25/2025,4,ETL
APT009355,PRJ0134,ANL003,2026-02-10,4,Documentação
APT009641,PRJ0139,ANL005,2024-10-28,4,Coleta
APT009286,PRJ0133,ANL012,2026-05-04,8,Reunião com cliente
APT000126,PRJ0003,ANL021,07/24/2025,4,DOCUMENTAÇÃO
APT005784,PRJ0081,ANL005,2026-06-16,7,Documentação
APT005627,PRJ0079,ANL024,15-mai-2025,3.5,Dashboard
APT003835,PRJ0048,ANL005,09-dez-2024,6,Coleta
APT008853,PRJ0126,ANL017,01/06/2026,5,Apresentação
APT006242,PRJ0084,ANL017,18/08/2025,4.5,Reunião com cliente
APT004981,PRJ0067,ANL013,2024-06-14,5,ETL
APT006500,PRJ0089,ANL010,2024-07-25,4,Reunião com cliente
APT001323,PRJ0015,ANL004,09/16/2025,6,Dashboard
APT000014,PRJ0001,ANL022,03/20/2024,3.5,Dashboard
APT004000,PRJ0051,ANL005,2024-10-28,4,Documentação
APT006589,PRJ0093,ANL008,2024-11-01,4,Reunião com cliente
APT004960,PRJ0066,ANL021,2024-12-23,6,Documentação
APT000321,PRJ0006,ANL020,27-jun-2025,5,Coleta
APT007825,PRJ0111,ANL005,15-abr-2026,2,Documentação
APT006284,PRJ0086,ANL015,03/06/2026,2.5,ETL
APT006385,PRJ0088,ANL019,2025-09-15,6,Documentação
APT001308,PRJ0014,ANL008,06-set-2024,240.0,ETL
APT007240,PRJ0103,ANL005,2025-01-29,6,Documentação
APT002128,PRJ0026,ANL015,01/26/2026,4,Reunião com cliente
APT007666,PRJ0109,ANL001,2026-04-16,2,Modelagem
APT009001,PRJ0129,ANL019,04-dez-2025,4,REUNIÃO COM CLIENTE
APT003194,PRJ0040,ANL018,2025-08-01,4.5,Modelagem
APT003148,PRJ0039,ANL013,15/11/2024,4,Documentação
APT006302,PRJ0086,ANL003,2026-03-30,2.5,Documentação
APT006418,PRJ0089,ANL010,31-jul-2024,6,Dashboard
APT002513,PRJ0032,ANL012,04/22/2026,8.5,Testes
APT001249,PRJ0014,ANL020,2024-07-29,6,Apresentação
APT001356,PRJ0015,ANL004,18/09/2025,7,ETL
APT000837,PRJ0010,ANL001,2024-07-10,2,Documentação
APT009344,PRJ0134,ANL015,28-jan-2026,6,ETL
APT008988,PRJ0129,ANL001,01/19/2026,4,Apresentação
APT009187,PRJ0131,ANL021,2024-02-16,5,Modelagem
APT000802,PRJ0010,ANL013,2024-09-05,6.5,Apresentação
APT004657,PRJ0063,ANL013,2026-06-08,2,Documentação
APT000157,PRJ0004,ANL005,2024-04-03,6,Testes
APT001450,PRJ0017,ANL022,2025-03-05,4,Documentação
APT007014,PRJ0101,ANL018,04/20/2026,5,Documentação
APT009394,PRJ0135,ANL002,03/11/2024,6,Coleta
APT003544,PRJ0043,ANL011,2025-11-26,4,Documentação
APT007759,PRJ0109,ANL013,2026-03-18,3,Coleta
APT006661,PRJ0093,ANL014,2024-10-29,5,Dashboard
APT009042,PRJ0130,ANL007,23/06/2025,5,Reunião com cliente
APT007850,PRJ0112,ANL015,2025-08-04,6,Dashboard
APT001522,PRJ0018,ANL011,2025-09-19,2,Dashboard
APT005127,PRJ0070,ANL022,2025-03-24,3,ETL
APT008889,PRJ0126,ANL011,14-abr-2026,5,ETL
APT002765,PRJ0034,ANL006,03/18/2024,6,Reunião com cliente
APT005336,PRJ0074,ANL010,2025-10-27,4,Reunião com cliente
APT004325,PRJ0056,ANL009,04-abr-2025,5,Documentação
APT008643,PRJ0122,ANL015,13/08/2025,4,Testes
APT006969,PRJ0099,ANL021,2025-06-06,4,Testes
APT008951,PRJ0128,ANL011,16/04/2026,4,TESTES
APT005999,PRJ0082,ANL016,03/06/2025,2,Documentação
APT006739,PRJ0095,ANL020,31/03/2025,5,Documentação
APT009332,PRJ0134,ANL015,2026-02-02,8,Modelagem
APT009523,PRJ0136,ANL007,2026-02-16,6,Dashboard
APT004680,PRJ0063,ANL019,2026-05-29,4.5,Dashboard
APT007612,PRJ0108,ANL002,2024-06-21,3,Reunião com cliente
APT001944,PRJ0025,ANL016,31/01/2025,5,Reunião com cliente
APT005511,PRJ0078,ANL011,2025-07-08,6.5,Reunião com cliente
APT003010,PRJ0037,ANL016,05/07/2025,7.5,Reunião com cliente
APT001133,PRJ0013,ANL011,03-dez-2024,4,ETL
APT002265,PRJ0029,ANL013,2025-07-28,6,Dashboard
APT005154,PRJ0070,ANL004,2025-07-31,5.5,Coleta
APT008855,PRJ0126,ANL017,05/08/2026,4.5,Coleta
APT002320,PRJ0029,ANL007,2025-11-03,3,Apresentação
APT003716,PRJ0047,ANL024,19-set-2024,4,Apresentação
APT000686,PRJ0008,ANL011,03/23/2026,4,Coleta
APT007819,PRJ0111,ANL005,04/17/2026,"7,5",Apresentação
APT004399,PRJ0057,ANL012,2026-02-16,7,Apresentação
APT008738,PRJ0123,ANL002,2025-07-09,8,ETL
APT002077,PRJ0026,ANL015,25/08/2025,7,Coleta
APT001037,PRJ0012,ANL011,2026-06-08,4,Coleta
APT002370,PRJ0029,ANL007,2025-06-12,6,Modelagem
APT009764,PRJ0140,ANL006,03-out-2025,8,ETL
APT000108,PRJ0003,ANL009,2025-07-07,4.5,Coleta
APT003260,PRJ0041,ANL005,19/05/2025,2,Coleta
APT005931,PRJ0081,ANL005,2026-04-13,5,Documentação
APT007604,PRJ0107,ANL017,2025-03-17,6,Apresentação
APT008109,PRJ0118,ANL014,2026-01-26,6,Reunião com cliente
APT001736,PRJ0023,ANL005,01/27/2026,4.5,Reunião com cliente
APT002790,PRJ0034,ANL018,2024-06-07,8,ETL
APT002338,PRJ0029,ANL001,08/29/2025,3,ETL
APT001461,PRJ0017,ANL022,31/01/2025,2,Apresentação
APT007999,PRJ0115,ANL011,12/07/2024,4,Documentação
APT009695,PRJ0140,ANL006,02/02/2026,2,Apresentação
APT004710,PRJ0063,ANL019,22-jun-2026,5,Modelagem
APT008714,PRJ0122,ANL021,02-out-2025,4,Reunião com cliente
APT007861,PRJ0113,ANL022,05/24/2024,8,Dashboard
APT009700,PRJ0140,ANL024,15/09/2025,4,Testes
APT002187,PRJ0026,ANL015,2025-12-22,6,Coleta
APT009230,PRJ0132,ANL004,2024-11-11,2,Testes
APT002624,PRJ0034,ANL018,16-abr-2024,7,Reunião com cliente
APT001112,PRJ0013,ANL017,18-dez-2024,2,Testes
APT003705,PRJ0047,ANL006,2024-10-15,6.5,Apresentação
APT002484,PRJ0032,ANL012,13-fev-2026,6.5,Coleta
APT003375,PRJ0042,ANL019,2025-04-04,4,Documentação
APT006585,PRJ0093,ANL020,13/09/2024,3,Apresentação
APT001408,PRJ0016,ANL010,2026-06-08,7,Testes
APT001497,PRJ0017,ANL016,02-jan-2025,4.5,Documentação
APT007283,PRJ0104,ANL006,2024-05-07,6,Dashboard
APT000592,PRJ0008,ANL017,2026-04-20,8,Reunião com cliente
APT002087,PRJ0026,ANL021,2026-01-15,2,Apresentação
APT008737,PRJ0123,ANL014,2025-06-18,4,Apresentação
APT006420,PRJ0089,ANL022,2024-07-30,8,Modelagem
APT001796,PRJ0024,ANL005,2025-09-08,8,Dashboard
APT007446,PRJ0106,ANL009,17/06/2026,7.5,ETL
APT008626,PRJ0122,ANL015,2025-11-21,6.5,DASHBOARD
APT005637,PRJ0079,ANL006,2025-05-14,6.5,Dashboard
APT004927,PRJ0066,ANL015,11-nov-2024,7,ETL
APT008008,PRJ0115,ANL023,06/24/2024,4,Reunião com cliente
APT005859,PRJ0081,ANL017,05/18/2026,6.5,Apresentação
APT008232,PRJ0119,ANL024,04/08/2024,7.5,Reunião com cliente
APT005155,PRJ0070,ANL010,2025-04-28,8,Documentação
APT003926,PRJ0050,ANL008,06-out-2025,2,REUNIÃO COM CLIENTE
APT002182,PRJ0026,ANL021,24/11/2025,4,Coleta
APT005526,PRJ0078,ANL011,2025-08-04,4,TESTES
APT001984,PRJ0025,ANL004,2025-03-13,3.5,ETL
APT005768,PRJ0081,ANL005,06/11/2026,7.5,Testes
APT000649,PRJ0008,ANL023,27/03/2026,"2,5",ETL
APT009146,PRJ0130,ANL013,2025-04-22,5,Dashboard
APT009784,PRJ0140,ANL012,15/09/2025,6,Modelagem
APT002857,PRJ0036,ANL019,2026-05-04,"6,5",Coleta
APT004575,PRJ0062,ANL011,2024-12-30,6,Coleta
APT000489,PRJ0007,ANL010,29-ago-2024,5,Coleta
APT006452,PRJ0089,ANL010,02/09/2024,3.5,Dashboard
APT002935,PRJ0036,ANL007,2026-05-11,4,Modelagem
APT009306,PRJ0133,ANL018,2026-04-29,5.5,Coleta
APT002391,PRJ0029,ANL019,2025-07-14,2,Documentação
APT000851,PRJ0010,ANL001,2024-07-08,2,REUNIÃO COM CLIENTE
APT008796,PRJ0124,ANL010,2024-10-04,6,Apresentação
APT002474,PRJ0032,ANL006,2026-05-19,2,ETL
APT006539,PRJ0091,ANL015,2026-01-07,5,ETL
APT001017,PRJ0012,ANL011,2026-03-17,3,Reunião com cliente
APT002597,PRJ0033,ANL002,02/12/2024,3,Reunião com cliente
APT000946,PRJ0012,ANL011,2026-02-16,3,Modelagem
APT004791,PRJ0064,ANL020,2026-02-25,5,Testes
APT005070,PRJ0069,ANL018,2024-09-13,5.5,Dashboard
APT006786,PRJ0096,ANL015,2026-05-11,3,Apresentação
APT005967,PRJ0081,ANL017,2026-06-18,4,Modelagem
APT008727,PRJ0122,ANL003,13/10/2025,4,Apresentação
APT005903,PRJ0081,ANL005,2026-04-08,6,Testes
APT008385,PRJ0120,ANL019,19-jun-2026,6,Testes
APT007150,PRJ0102,ANL019,2025-01-10,7,Coleta
APT004705,PRJ0063,ANL013,2026-05-14,8,Modelagem
APT005352,PRJ0075,ANL020,2025-09-03,4.5,Modelagem
APT000392,PRJ0006,ANL014,03/10/2025,5,Testes
APT002233,PRJ0027,ANL013,10/16/2024,3,Dashboard
APT005588,PRJ0079,ANL018,2025-06-23,4.5,Reunião com cliente
APT000365,PRJ0006,ANL008,2025-05-26,6.5,Documentação
APT004519,PRJ0060,ANL012,2025-05-08,"8,5",Coleta
APT009446,PRJ0136,ANL013,2026-01-13,5,Modelagem
APT004196,PRJ0055,ANL002,2024-06-24,7,Dashboard
APT007335,PRJ0104,ANL024,03-jun-2024,4.5,Documentação
APT005117,PRJ0070,ANL004,03/25/2025,5.5,Dashboard
APT006199,PRJ0083,ANL009,2025-07-14,4,Coleta
APT000041,PRJ0001,ANL004,07-mai-2024,4,Reunião com cliente
APT008529,PRJ0121,ANL009,2026-05-18,5.5,ETL
APT006985,PRJ0100,ANL010,18-mai-2026,5,ETL
APT001139,PRJ0013,ANL017,27/11/2024,4,Reunião com cliente
APT008935,PRJ0127,ANL018,2025-10-31,6,ETL
APT000372,PRJ0006,ANL014,2025-02-27,4,Reunião com cliente
APT003550,PRJ0044,ANL017,2025-05-29,2,Documentação
APT008153,PRJ0118,ANL020,13/01/2026,2,Documentação
APT007645,PRJ0109,ANL019,2026-05-22,6,Coleta
APT007908,PRJ0113,ANL004,15/05/2024,6,Documentação
APT007126,PRJ0101,ANL006,04/27/2026,7.5,APRESENTAÇÃO
APT005794,PRJ0081,ANL017,11/05/2026,5,Reunião com cliente
APT002832,PRJ0036,ANL013,2026-03-06,5,Dashboard
APT001383,PRJ0016,ANL010,2026-05-28,7,Apresentação
APT000831,PRJ0010,ANL007,14/10/2024,5,Coleta
APT006077,PRJ0083,ANL009,2025-08-25,3,ETL
APT001369,PRJ0015,ANL010,2025-11-24,6,Documentação
APT002732,PRJ0034,ANL018,2024-02-20,6,Modelagem
APT006301,PRJ0086,ANL015,2026-04-13,6,COLETA
APT002266,PRJ0029,ANL001,11/08/2025,8,Modelagem
APT004648,PRJ0063,ANL001,06/18/2026,2,Coleta
APT002145,PRJ0026,ANL015,2025-11-28,6.5,ETL
APT000818,PRJ0010,ANL001,15-out-2024,3,Testes
APT008168,PRJ0119,ANL006,11-jan-2024,4,Coleta
APT001320,PRJ0015,ANL016,2025-09-26,2,Dashboard
APT007387,PRJ0106,ANL015,2026-04-13,6,Dashboard
APT002096,PRJ0026,ANL015,2025-12-05,6,Modelagem
APT001670,PRJ0021,ANL020,2025-11-11,2,Reunião com cliente
APT002453,PRJ0032,ANL018,2026-03-13,4,Testes
APT008549,PRJ0121,ANL015,2026-05-08,4,Dashboard
APT007108,PRJ0101,ANL024,2026-05-25,5.5,Modelagem
APT002718,PRJ0034,ANL012,2024-06-17,4,Coleta
APT001549,PRJ0019,ANL004,2025-01-06,2,Modelagem
APT004980,PRJ0067,ANL001,2024-06-12,6,Testes
APT009009,PRJ0129,ANL013,01/19/2026,4,Modelagem
APT004996,PRJ0067,ANL013,31/05/2024,3,Reunião com cliente
APT003138,PRJ0039,ANL007,2024-11-05,6,Documentação
APT004490,PRJ0059,ANL002,2025-05-08,4,Testes
APT009600,PRJ0138,ANL011,2026-06-08,5.5,ETL
APT009005,PRJ0129,ANL019,2025-12-22,2,ETL
APT004737,PRJ0063,ANL001,09/06/2026,7,ETL
APT004472,PRJ0059,ANL002,07-abr-2025,6.5,Dashboard
APT005158,PRJ0070,ANL016,08-mai-2025,7,Dashboard
APT007543,PRJ0106,ANL003,2026-06-08,7,Dashboard
APT004565,PRJ0062,ANL023,2025-01-14,3,Reunião com cliente
APT009502,PRJ0136,ANL007,2026-03-23,3.5,Reunião com cliente
APT003395,PRJ0042,ANL001,04/28/2025,6,Reunião com cliente
APT004697,PRJ0063,ANL001,06/03/2026,3,Apresentação
APT002708,PRJ0034,ANL012,24-jun-2024,8,Apresentação
APT003777,PRJ0047,ANL024,2024-09-12,6,Dashboard
APT001179,PRJ0014,ANL008,2024-07-18,6,Testes
APT006329,PRJ0086,ANL009,2026-05-27,3,Apresentação
APT005417,PRJ0077,ANL014,06-jan-2025,6,Coleta
APT000451,PRJ0007,ANL004,2024-10-17,8,DOCUMENTAÇÃO
APT005574,PRJ0079,ANL006,2025-06-06,4,Reunião com cliente
APT001679,PRJ0022,ANL003,23-fev-2026,6,Reunião com cliente
APT007637,PRJ0109,ANL007,04/17/2026,2.5,Testes
APT000371,PRJ0006,ANL008,06/02/2025,2,Coleta
APT005432,PRJ0077,ANL020,11/18/2024,3,ETL
APT000544,PRJ0007,ANL016,01/01/2025,4.5,Documentação
APT004058,PRJ0052,ANL010,02/04/2026,4,Reunião com cliente
APT003596,PRJ0045,ANL010,05/03/2025,4,Coleta
APT002898,PRJ0036,ANL019,03/10/2026,2,Dashboard
APT002785,PRJ0034,ANL024,18-mar-2024,2,Reunião com cliente
APT000150,PRJ0003,ANL021,2025-07-28,6,Documentação
APT000641,PRJ0008,ANL011,2026-02-25,7,Modelagem
APT001647,PRJ0021,ANL008,2025-11-03,6,Coleta
APT006137,PRJ0083,ANL009,23/05/2025,6.5,Dashboard
APT009767,PRJ0140,ANL024,2026-01-07,5.5,Coleta
APT006476,PRJ0089,ANL016,2024-06-24,2.5,ETL
APT005607,PRJ0079,ANL012,06/02/2025,6,Dashboard
APT002980,PRJ0036,ANL001,04/03/2026,5,Reunião com cliente
APT009254,PRJ0133,ANL006,06/01/2026,3,Documentação
APT003298,PRJ0042,ANL013,2025-07-17,4,Reunião com cliente
APT007659,PRJ0109,ANL007,2026-03-06,6,Testes
APT005027,PRJ0068,ANL011,2025-02-18,6,Apresentação
APT009376,PRJ0135,ANL008,2024-03-19,4,DOCUMENTAÇÃO
APT001694,PRJ0022,ANL009,03/26/2026,5,Apresentação
APT003782,PRJ0047,ANL006,2024-10-22,6.5,Testes
APT006901,PRJ0098,ANL012,06-out-2025,6,COLETA
APT008225,PRJ0119,ANL018,05/28/2024,8.5,Documentação
APT006791,PRJ0096,ANL009,2026-04-02,4,ETL
APT005741,PRJ0081,ANL011,2026-05-18,6,ETL
APT002497,PRJ0032,ANL018,15/06/2026,6,Testes
APT008350,PRJ0120,ANL001,15-abr-2026,6,ETL
APT006182,PRJ0083,ANL015,2025-10-07,7,Testes
APT009441,PRJ0136,ANL019,22/05/2026,6,Apresentação
APT007072,PRJ0101,ANL006,2026-06-08,7,Apresentação
APT002905,PRJ0036,ANL019,04/27/2026,7,Modelagem
APT003319,PRJ0042,ANL013,2025-04-28,7,Documentação
APT005686,PRJ0080,ANL009,2024-10-23,6,Modelagem
APT005499,PRJ0078,ANL017,2025-10-08,8,Apresentação
APT005836,PRJ0081,ANL017,01/04/2026,5,Coleta
APT000487,PRJ0007,ANL010,2024-12-05,4,Apresentação
APT000550,PRJ0007,ANL016,2025-01-20,6.5,Apresentação
APT009108,PRJ0130,ANL001,2025-05-29,240.0,Modelagem
APT001324,PRJ0015,ANL010,2025-11-28,7,Reunião com cliente
APT003156,PRJ0039,ANL001,07-jan-2025,8,Testes
APT000729,PRJ0009,ANL005,2025-11-17,5,Dashboard
APT000571,PRJ0008,ANL023,2026-03-30,"6,5",ETL
APT001742,PRJ0023,ANL011,19-jan-2026,5.5,Testes
APT002201,PRJ0027,ANL001,2024-10-10,6,TESTES
APT006112,PRJ0083,ANL009,2025-08-06,2,ETL
APT006827,PRJ0097,ANL024,2024-06-13,6,Testes
APT004419,PRJ0058,ANL007,2024-03-25,5,Testes
APT006664,PRJ0093,ANL002,09/12/2024,3,Modelagem
APT003023,PRJ0037,ANL010,26-mai-2025,7.5,Modelagem
APT009608,PRJ0139,ANL005,2024-12-16,8,Modelagem
APT007662,PRJ0109,ANL019,2026-05-26,6,Apresentação
APT007271,PRJ0103,ANL011,28/01/2025,8.5,Testes
APT006630,PRJ0093,ANL020,2024-10-21,4,Apresentação
APT003546,PRJ0043,ANL011,2025-12-01,2,Reunião com cliente
APT004110,PRJ0053,ANL002,2026-03-09,8,Testes
APT003560,PRJ0044,ANL023,2025-06-09,5,Documentação
APT009455,PRJ0136,ANL001,13/03/2026,4.5,Coleta
APT009500,PRJ0136,ANL019,2026-05-20,4,Dashboard
APT009715,PRJ0140,ANL018,04-fev-2026,3,ETL
APT004953,PRJ0066,ANL009,2024-10-28,3.5,Modelagem
APT004859,PRJ0064,ANL002,2026-05-11,6,ETL
APT006676,PRJ0093,ANL014,16/09/2024,4,DASHBOARD
APT008776,PRJ0124,ANL010,04/11/2024,3.5,MODELAGEM
APT004135,PRJ0053,ANL002,19/03/2026,"2,5",Dashboard
APT001070,PRJ0012,ANL017,18-mai-2026,3.5,Modelagem
APT000281,PRJ0005,ANL011,2025-02-07,8,Modelagem
APT003880,PRJ0049,ANL018,2026-01-20,4,Dashboard
APT007206,PRJ0103,ANL023,2025-02-27,6,Reunião com cliente
APT001359,PRJ0015,ANL004,2025-09-22,7,Apresentação
APT001661,PRJ0021,ANL002,2025-11-24,4,Coleta
APT001675,PRJ0022,ANL015,2026-03-16,"2,5",Apresentação
APT002730,PRJ0034,ANL018,05/06/2024,6,Dashboard
APT008251,PRJ0119,ANL006,27/03/2024,4,DOCUMENTAÇÃO
APT003712,PRJ0047,ANL018,2024-10-18,5,Testes
APT007548,PRJ0106,ANL015,2026-05-19,6.5,Apresentação
APT007554,PRJ0106,ANL021,2026-04-27,6,ETL
APT007362,PRJ0106,ANL021,30/04/2026,6,Testes
APT001784,PRJ0023,ANL005,09-jan-2026,6.5,Documentação
APT007423,PRJ0106,ANL009,2026-05-01,"2,5",ETL
APT003248,PRJ0041,ANL011,07/21/2025,3,Reunião com cliente
APT009031,PRJ0129,ANL019,2025-12-19,"4,5",Coleta
APT004258,PRJ0056,ANL021,2025-04-14,2,Documentação
APT002678,PRJ0034,ANL018,2024-05-13,2.5,Apresentação
APT007478,PRJ0106,ANL009,2026-04-22,6,Documentação
APT006948,PRJ0099,ANL015,2025-06-26,4,ETL
APT004051,PRJ0052,ANL004,17/03/2026,4,TESTES
APT009112,PRJ0130,ANL019,02/07/2025,2,Documentação
APT009472,PRJ0136,ANL007,2026-05-07,2.5,Testes
APT002968,PRJ0036,ANL013,04/17/2026,2.5,Testes
APT000746,PRJ0010,ANL007,2024-09-16,6,Reunião com cliente
APT002369,PRJ0029,ANL013,2025-09-15,2.5,Documentação
APT001164,PRJ0013,ANL011,2024-10-17,5,Apresentação
APT009237,PRJ0133,ANL012,2026-05-08,6.5,Reunião com cliente
APT000072,PRJ0003,ANL003,2025-07-18,2,Coleta
APT005425,PRJ0077,ANL014,10/09/2024,7,Documentação
APT008949,PRJ0128,ANL005,2026-04-29,6,Reunião com cliente
APT004904,PRJ0065,ANL004,2026-02-11,5,Coleta
APT000684,PRJ0008,ANL011,18/05/2026,3.5,Apresentação
APT009678,PRJ0139,ANL023,2024-10-02,4,Modelagem
APT008912,PRJ0127,ANL006,2025-10-27,7,Testes
APT001921,PRJ0025,ANL022,2025-03-24,4,Dashboard
APT001420,PRJ0017,ANL004,24-fev-2025,4.5,Dashboard
APT000965,PRJ0012,ANL023,14-mai-2026,4,ETL
APT003185,PRJ0040,ANL012,07/23/2025,4,Apresentação
APT002236,PRJ0027,ANL019,2024-10-23,8,Reunião com cliente
APT003770,PRJ0047,ANL006,2024-08-22,4,Coleta
APT005587,PRJ0079,ANL012,2025-07-10,5,Modelagem
APT008771,PRJ0123,ANL020,06/18/2025,7.5,Apresentação
APT006702,PRJ0094,ANL004,2025-09-01,7,Apresentação
APT007947,PRJ0114,ANL011,2024-04-16,6,Documentação
APT004604,PRJ0062,ANL023,11/12/2024,7.5,Reunião com cliente
APT002379,PRJ0029,ANL019,07-ago-2025,6,Testes
APT004655,PRJ0063,ANL013,06/09/2026,8,Documentação
APT005142,PRJ0070,ANL004,2025-08-11,8.5,Testes
APT007329,PRJ0104,ANL006,05/06/2024,2,Apresentação
APT007266,PRJ0103,ANL017,04/03/2025,6,Documentação
APT001011,PRJ0012,ANL005,2026-04-16,5,Apresentação
APT005293,PRJ0073,ANL015,2025-03-10,6,Dashboard
APT008097,PRJ0118,ANL020,09/02/2026,2,Modelagem
APT000887,PRJ0011,ANL002,25/08/2025,2,ETL
APT007789,PRJ0110,ANL014,20/01/2025,4,Modelagem
APT004298,PRJ0056,ANL003,03/28/2025,6.5,Dashboard
APT005472,PRJ0078,ANL005,26/09/2025,4,Coleta
APT009068,PRJ0130,ANL019,2025-05-12,6,Dashboard
APT004639,PRJ0063,ANL001,09/06/2026,8,Documentação
APT004971,PRJ0066,ANL003,2024-12-06,3,Apresentação
APT004682,PRJ0063,ANL007,28-mai-2026,6,Dashboard
APT004666,PRJ0063,ANL007,2026-06-01,4,Dashboard
APT003212,PRJ0041,ANL011,17-jun-2025,4,Reunião com cliente
APT004662,PRJ0063,ANL019,06/10/2026,8,ETL
APT009372,PRJ0134,ANL003,15-jan-2026,8.5,ETL
APT004059,PRJ0052,ANL004,21-abr-2026,7,Dashboard
APT003577,PRJ0045,ANL022,02/28/2025,6,Documentação
APT004594,PRJ0062,ANL023,2025-02-05,8,ETL
APT005701,PRJ0080,ANL009,2024-11-04,6,COLETA
APT003947,PRJ0050,ANL020,13-out-2025,4,ETL
APT000102,PRJ0003,ANL009,2025-06-30,7,Documentação
APT003057,PRJ0039,ANL007,07/02/2025,3,Documentação
APT005934,PRJ0081,ANL023,14/04/2026,3,Coleta
APT004913,PRJ0066,ANL021,14-nov-2024,8,Modelagem
APT000642,PRJ0008,ANL011,24/04/2026,6,Reunião com cliente
APT008014,PRJ0115,ANL011,22-abr-2024,4,Dashboard
APT004973,PRJ0066,ANL021,2024-11-22,2,Modelagem
APT004169,PRJ0055,ANL008,2024-09-12,7.5,Documentação
APT003552,PRJ0044,ANL023,2025-06-06,8,Modelagem
APT004376,PRJ0057,ANL006,2026-02-23,7,TESTES
APT009602,PRJ0138,ANL005,21/05/2026,6,Coleta
APT006225,PRJ0084,ANL017,2025-09-15,4,Coleta
APT005014,PRJ0067,ANL007,2024-06-17,6,Reunião com cliente
APT008537,PRJ0121,ANL021,2026-05-15,4,ETL
APT000120,PRJ0003,ANL003,2025-08-04,8.5,Coleta
APT001907,PRJ0025,ANL004,2025-03-10,6,Reunião com cliente
APT004779,PRJ0064,ANL002,15/05/2026,4,Coleta
APT005538,PRJ0078,ANL005,2025-09-17,3,Apresentação
APT008203,PRJ0119,ANL024,29-jan-2024,5,Modelagem
APT000180,PRJ0004,ANL023,27/03/2024,4,Coleta
APT002329,PRJ0029,ANL013,02/06/2025,2,Reunião com cliente
APT003519,PRJ0042,ANL013,06/06/2025,6,Apresentação
APT002702,PRJ0034,ANL012,06/03/2024,6,Dashboard
APT001764,PRJ0023,ANL011,03/09/2026,6.5,Coleta
APT007200,PRJ0103,ANL005,2025-03-25,8,Modelagem
APT001493,PRJ0017,ANL004,2025-01-13,6,Modelagem
APT007205,PRJ0103,ANL005,2025-03-17,2.5,Coleta
APT000055,PRJ0001,ANL010,06-mai-2024,7,Coleta
APT003121,PRJ0039,ANL019,21-fev-2025,6,Documentação
APT005161,PRJ0070,ANL010,2025-07-25,6,Testes
APT001325,PRJ0015,ANL016,2025-10-07,2.5,Coleta
APT006375,PRJ0087,ANL018,17/11/2025,6.5,Modelagem
APT009093,PRJ0130,ANL007,06/23/2025,2,Apresentação
APT003581,PRJ0045,ANL004,2025-02-21,5.5,Modelagem
APT003845,PRJ0049,ANL006,2026-02-09,7,ETL
APT005977,PRJ0082,ANL010,11-jun-2025,3,Coleta
APT004581,PRJ0062,ANL005,2024-11-08,5.5,Apresentação
APT007695,PRJ0109,ANL019,2026-03-31,8,ETL
APT008094,PRJ0118,ANL008,2025-10-13,3,Documentação
APT007922,PRJ0113,ANL010,27/05/2024,5.5,Modelagem
APT003720,PRJ0047,ANL024,2024-11-21,7,ETL
APT008492,PRJ0120,ANL007,2026-05-07,7,Testes
APT002774,PRJ0034,ANL012,2024-03-04,4,Dashboard
APT002792,PRJ0034,ANL012,02-fev-2024,6.5,Modelagem
APT002403,PRJ0030,ANL021,2024-10-03,7,Documentação
APT002901,PRJ0036,ANL013,2026-03-12,5,COLETA
APT009785,PRJ0140,ANL024,02-out-2025,6,Reunião com cliente
APT004491,PRJ0059,ANL008,2025-03-31,4,Modelagem
APT005761,PRJ0081,ANL011,05/04/2026,7,Testes
APT001641,PRJ0021,ANL002,2025-12-08,2.5,Apresentação
APT001442,PRJ0017,ANL010,03/13/2025,6.5,Apresentação
APT002027,PRJ0026,ANL021,2026-01-05,8,ETL
APT003728,PRJ0047,ANL024,2024-10-25,4,Coleta
APT004650,PRJ0063,ANL019,2026-05-20,4,Reunião com cliente
APT000679,PRJ0008,ANL005,03/30/2026,6,Modelagem
APT003641,PRJ0046,ANL004,2024-02-06,5.5,Apresentação
APT002796,PRJ0035,ANL004,2025-02-21,2,ETL
APT008634,PRJ0122,ANL021,2025-11-24,5.5,Coleta
APT007199,PRJ0103,ANL011,2025-04-09,4,Dashboard
APT007180,PRJ0103,ANL017,02/05/2025,5,Modelagem
APT000288,PRJ0005,ANL017,2025-01-20,4,Modelagem
APT000710,PRJ0008,ANL017,2026-02-25,4,Documentação
APT001543,PRJ0019,ANL022,2025-01-31,"8,5",Dashboard
APT005782,PRJ0081,ANL005,06/22/2026,5,Modelagem
APT004610,PRJ0062,ANL017,2025-01-20,2,Documentação
APT006031,PRJ0082,ANL016,2025-07-14,"6,5",Documentação
APT008903,PRJ0127,ANL018,03-nov-2025,6.5,Coleta
APT003170,PRJ0039,ANL019,07-jan-2025,2.5,Coleta
APT005876,PRJ0081,ANL005,2026-06-22,2,MODELAGEM
APT001575,PRJ0019,ANL016,12/25/2024,6,Testes
APT001701,PRJ0022,ANL021,02/23/2026,5,MODELAGEM
APT000333,PRJ0006,ANL014,2025-05-05,6,Reunião com cliente
APT005575,PRJ0079,ANL024,2025-06-16,8,Apresentação
APT005004,PRJ0067,ANL001,10-jun-2024,5,Coleta
APT003396,PRJ0042,ANL019,2025-05-01,5,Modelagem
APT002202,PRJ0027,ANL007,2024-10-23,2,Coleta
APT006498,PRJ0089,ANL016,2024-09-23,2,Apresentação
APT009369,PRJ0134,ANL021,2026-01-12,2.5,Modelagem
APT002767,PRJ0034,ANL012,2024-03-15,3,ETL
APT009763,PRJ0140,ANL024,17/11/2025,8,Dashboard
APT003222,PRJ0041,ANL005,2025-06-16,8,Reunião com cliente
APT005621,PRJ0079,ANL012,05/28/2025,6,Coleta
APT005786,PRJ0081,ANL017,2026-06-16,4,Apresentação
APT001433,PRJ0017,ANL016,10/03/2025,3,Reunião com cliente
APT007425,PRJ0106,ANL015,25/05/2026,6.5,Reunião com cliente
APT001604,PRJ0020,ANL016,2024-03-25,4,Coleta
APT003051,PRJ0038,ANL008,16-jul-2024,5,REUNIÃO COM CLIENTE
APT004891,PRJ0065,ANL004,23/02/2026,6,Coleta
APT006926,PRJ0099,ANL021,2025-06-30,2,DASHBOARD
APT002927,PRJ0036,ANL007,2026-04-06,8.5,Documentação
APT003409,PRJ0042,ANL013,06/25/2025,"4,5",Apresentação
APT001646,PRJ0021,ANL002,2025-10-21,4,Modelagem
APT005783,PRJ0081,ANL011,2026-04-17,6,Documentação
APT008207,PRJ0119,ANL006,2024-01-29,5,Coleta
APT001286,PRJ0014,ANL020,24/10/2024,6.5,Apresentação
APT000529,PRJ0007,ANL010,2025-01-28,8,Coleta
APT008193,PRJ0119,ANL024,2024-02-22,4,Modelagem
APT008090,PRJ0117,ANL021,29/07/2025,4,Dashboard
APT009574,PRJ0137,ANL013,26/06/2025,7,Testes
APT008004,PRJ0115,ANL011,2024-07-15,2,Apresentação
APT006436,PRJ0089,ANL004,2024-08-29,2,Reunião com cliente
APT002043,PRJ0026,ANL015,23-dez-2025,7.5,Documentação
APT005274,PRJ0072,ANL018,2025-10-28,6,Coleta
APT004370,PRJ0057,ANL012,2026-04-16,6,Dashboard
APT000596,PRJ0008,ANL011,2026-03-02,8,ETL
APT005507,PRJ0078,ANL011,04/07/2025,8,Testes
APT001744,PRJ0023,ANL017,2026-03-16,6.5,Testes
APT008609,PRJ0122,ANL015,25-jul-2025,6,Modelagem
APT003325,PRJ0042,ANL007,08/11/2025,5,Documentação
APT009735,PRJ0140,ANL006,03/11/2025,4.5,Testes
APT004327,PRJ0056,ANL021,2025-02-17,"4,5",Coleta
APT008689,PRJ0122,ANL021,2025-08-11,4,Coleta
APT001865,PRJ0024,ANL005,2025-12-01,2.5,Modelagem
APT008302,PRJ0120,ANL001,04/07/2026,5.5,Testes
APT006758,PRJ0095,ANL020,2025-03-24,6,Apresentação
APT009137,PRJ0130,ANL001,2025-05-23,4,Dashboard
APT003780,PRJ0047,ANL024,10/11/2024,4,ETL
APT006706,PRJ0095,ANL020,03/03/2025,3.5,Reunião com cliente
APT008400,PRJ0120,ANL001,04/20/2026,6,Testes
APT002074,PRJ0026,ANL021,2025-12-09,6.5,Dashboard
APT008295,PRJ0120,ANL013,04/15/2026,6,Apresentação
APT001618,PRJ0020,ANL010,2024-03-22,5.5,Dashboard
APT004250,PRJ0055,ANL014,2024-07-01,2,Modelagem
APT005818,PRJ0081,ANL017,2026-05-11,5.5,Modelagem
APT002512,PRJ0032,ANL006,29-abr-2026,4.5,Documentação
APT003130,PRJ0039,ANL001,2025-02-17,3.5,Documentação
APT002235,PRJ0027,ANL013,2024-10-23,3,Reunião com cliente
APT003678,PRJ0047,ANL012,2024-09-17,3,Documentação
APT006841,PRJ0097,ANL006,2024-06-24,3,Dashboard
APT008388,PRJ0120,ANL013,2026-04-13,2,Testes
APT002931,PRJ0036,ANL019,31/03/2026,7,Testes
APT008696,PRJ0122,ANL021,2025-10-20,2.5,Dashboard
APT005954,PRJ0081,ANL017,2026-04-22,6,Testes
APT005542,PRJ0078,ANL023,24/06/2025,7,Coleta
APT003435,PRJ0042,ANL001,16/06/2025,8,Coleta
APT009036,PRJ0129,ANL013,19-jan-2026,6,ETL
APT009741,PRJ0140,ANL024,2025-09-01,5,Coleta
APT002942,PRJ0036,ANL001,2026-03-18,2,Dashboard
APT002660,PRJ0034,ANL018,05/22/2024,7,Reunião com cliente
APT000332,PRJ0006,ANL002,2025-06-09,6,Apresentação
APT003496,PRJ0042,ANL013,2025-07-10,4.5,Testes
APT000638,PRJ0008,ANL005,2026-02-16,2,Modelagem
APT001259,PRJ0014,ANL014,03-jul-2024,5,Dashboard
APT000761,PRJ0010,ANL007,28/08/2024,6,Modelagem
APT000282,PRJ0005,ANL017,2024-12-23,4,Coleta
APT001727,PRJ0023,ANL005,14/01/2026,8,Testes
APT006803,PRJ0096,ANL003,27-abr-2026,6,Apresentação
APT009425,PRJ0136,ANL013,2026-02-26,7,Reunião com cliente
APT009044,PRJ0130,ANL007,06/30/2025,4,Dashboard
APT005865,PRJ0081,ANL017,17-jun-2026,6,Modelagem
APT001672,PRJ0021,ANL020,29-dez-2025,2,ETL
APT007705,PRJ0109,ANL013,31/03/2026,4,Apresentação
APT004191,PRJ0055,ANL008,30/09/2024,2,Reunião com cliente
APT002485,PRJ0032,ANL018,04/16/2026,6,Apresentação
APT007087,PRJ0101,ANL018,2026-06-22,"4,5",Dashboard
APT000349,PRJ0006,ANL008,26-mai-2025,7,Apresentação
APT006881,PRJ0098,ANL018,09/03/2025,4,Testes
APT006223,PRJ0084,ANL017,09/08/2025,2,Modelagem
APT004695,PRJ0063,ANL019,25/05/2026,5.5,Coleta
APT009173,PRJ0131,ANL021,2024-03-25,8,Testes
APT008032,PRJ0115,ANL005,2024-05-07,2,Coleta
APT001035,PRJ0012,ANL023,26-mai-2026,6,Testes
APT005767,PRJ0081,ANL023,27-mai-2026,"4,5",Testes
APT001050,PRJ0012,ANL011,04/27/2026,6,Coleta
APT002833,PRJ0036,ANL013,30/03/2026,4,Dashboard
APT005565,PRJ0078,ANL023,07/09/2025,7,Testes
APT004078,PRJ0052,ANL010,2026-03-02,3.5,Modelagem
APT005597,PRJ0079,ANL012,2025-06-02,3.5,Testes
APT003151,PRJ0039,ANL007,2025-01-27,"5,5",REUNIÃO COM CLIENTE
APT000589,PRJ0008,ANL011,2026-02-17,8,Testes
APT003525,PRJ0042,ANL019,2025-06-18,6,Dashboard
APT004692,PRJ0063,ANL013,2026-06-17,4,Modelagem
APT006090,PRJ0083,ANL021,06/06/2025,3,Apresentação
APT009209,PRJ0132,ANL022,2024-11-13,3,Dashboard
APT008670,PRJ0122,ANL009,2025-11-12,4,Dashboard
APT008348,PRJ0120,ANL019,2026-06-18,5,Testes
APT003281,PRJ0042,ANL001,15/08/2025,2,Documentação
APT006963,PRJ0099,ANL003,09/06/2025,8,Coleta
APT003786,PRJ0048,ANL017,17-dez-2024,4,Dashboard
APT008288,PRJ0119,ANL006,04/08/2024,3,Dashboard
APT008309,PRJ0120,ANL007,04/07/2026,6,Testes
APT005433,PRJ0077,ANL020,2024-11-22,6,Coleta
APT008354,PRJ0120,ANL007,2026-06-17,4.5,Dashboard
APT005502,PRJ0078,ANL017,08/27/2025,8,Reunião com cliente
APT009684,PRJ0140,ANL012,2025-08-25,8,Apresentação
APT004707,PRJ0063,ANL001,2026-06-08,7.5,Modelagem
APT004937,PRJ0066,ANL015,2024-12-23,8.5,Coleta
APT001208,PRJ0014,ANL002,2024-07-24,6,ETL
APT002926,PRJ0036,ANL001,06/24/2026,8,DASHBOARD
APT008414,PRJ0120,ANL019,04/13/2026,6,Reunião com cliente
APT009166,PRJ0131,ANL021,2024-03-01,2,Testes
APT005840,PRJ0081,ANL017,2026-05-22,7,Testes
APT008078,PRJ0116,ANL001,06/03/2025,6.5,Coleta
APT003679,PRJ0047,ANL012,2024-08-06,7,Reunião com cliente
APT004021,PRJ0051,ANL023,2024-12-23,6,Reunião com cliente
APT001170,PRJ0013,ANL005,2024-11-25,6,Documentação
APT002091,PRJ0026,ANL015,05/09/2025,5,ETL
APT002747,PRJ0034,ANL012,2024-04-08,4.5,Reunião com cliente
APT001283,PRJ0014,ANL014,2024-09-30,7,Dashboard
APT000054,PRJ0001,ANL016,05/04/2024,4,Modelagem
APT009342,PRJ0134,ANL021,2026-02-10,8,Apresentação
APT003444,PRJ0042,ANL007,09/25/2025,6,Dashboard
APT000955,PRJ0012,ANL011,2026-03-06,2,Reunião com cliente
APT008698,PRJ0122,ANL009,2025-09-22,5,Modelagem
APT005687,PRJ0080,ANL015,2024-11-13,4,ETL
APT006938,PRJ0099,ANL009,2025-05-26,6,Reunião com cliente
APT006683,PRJ0094,ANL016,08/09/2025,5.5,Dashboard
APT008036,PRJ0115,ANL017,06/19/2024,6,Documentação
APT007015,PRJ0101,ANL012,2026-06-01,3,Reunião com cliente
APT003083,PRJ0039,ANL001,2024-12-23,3,Testes
APT003308,PRJ0042,ANL019,2025-04-15,3.5,ETL
APT007138,PRJ0101,ANL018,18/05/2026,6,Documentação
APT005458,PRJ0078,ANL023,16/09/2025,8,Apresentação
APT002661,PRJ0034,ANL018,2024-05-03,6,Documentação
APT008485,PRJ0120,ANL007,2026-06-10,3,Testes
APT005156,PRJ0070,ANL010,2025-04-03,5,Modelagem
APT006001,PRJ0082,ANL004,2025-04-21,6,DASHBOARD
APT006524,PRJ0091,ANL003,12/19/2025,6.5,Documentação
APT005823,PRJ0081,ANL017,25-mai-2026,6.5,Modelagem
APT008377,PRJ0120,ANL013,25/03/2026,3,Dashboard
APT007295,PRJ0104,ANL024,2024-04-30,2,Coleta
APT004437,PRJ0059,ANL020,04-mar-2025,5,Testes
APT002883,PRJ0036,ANL019,29-abr-2026,6,Modelagem
APT005277,PRJ0072,ANL006,17-out-2025,8.5,Reunião com cliente
APT007965,PRJ0114,ANL011,06-mai-2024,5.5,Apresentação
APT004567,PRJ0062,ANL005,2024-11-26,4,Documentação
APT009748,PRJ0140,ANL024,2025-12-08,8,Documentação
APT001046,PRJ0012,ANL023,2026-06-09,4,Dashboard
APT005342,PRJ0074,ANL016,2025-10-27,2.5,Reunião com cliente
APT002550,PRJ0032,ANL018,2026-06-15,3,Reunião com cliente
APT002740,PRJ0034,ANL018,2024-02-28,4.5,Dashboard
APT006018,PRJ0082,ANL016,25/04/2025,3,Documentação
APT004926,PRJ0066,ANL003,17/10/2024,8,MODELAGEM
APT008969,PRJ0128,ANL023,2026-04-17,5,Apresentação
APT008608,PRJ0122,ANL015,17/11/2025,6,Testes
APT009317,PRJ0133,ANL006,06/02/2026,8.5,Modelagem
APT005899,PRJ0081,ANL023,04/05/2026,5,Coleta
APT003337,PRJ0042,ANL013,29/07/2025,"4,5",Reunião com cliente
APT004256,PRJ0055,ANL014,06/19/2024,6,Reunião com cliente
APT003103,PRJ0039,ANL013,2024-11-25,8,Apresentação
APT002741,PRJ0034,ANL018,2024-03-25,7.5,Testes
APT003001,PRJ0037,ANL010,24/03/2025,4,DOCUMENTAÇÃO
APT008933,PRJ0127,ANL018,2025-11-19,7,Testes
APT006763,PRJ0095,ANL014,2025-04-03,"4,5",ETL
APT000691,PRJ0008,ANL023,25/02/2026,8,Apresentação
APT008718,PRJ0122,ANL003,2025-08-11,8,ETL
APT007013,PRJ0101,ANL018,11-mai-2026,4,Apresentação
APT009231,PRJ0132,ANL004,13/11/2024,2,Documentação
APT004728,PRJ0063,ANL019,2026-06-03,8.5,Testes
APT008815,PRJ0125,ANL003,2025-04-07,3,ETL
APT002563,PRJ0032,ANL024,2026-05-22,7,Testes
APT000810,PRJ0010,ANL001,02/10/2024,2,Testes
APT009017,PRJ0129,ANL001,2026-01-09,5,ETL
APT008571,PRJ0121,ANL009,2026-06-22,3.5,Modelagem
APT006016,PRJ0082,ANL010,2025-04-28,5,Apresentação
APT007115,PRJ0101,ANL018,2026-06-23,5,Documentação
APT003279,PRJ0042,ANL019,2025-04-28,6,Documentação
APT001459,PRJ0017,ANL016,2025-03-05,7,Documentação
APT001129,PRJ0013,ANL017,2024-12-09,6,Documentação
APT001494,PRJ0017,ANL010,2025-03-07,3,Dashboard
APT005821,PRJ0081,ANL023,2026-04-09,4,ETL
APT006337,PRJ0086,ANL021,2026-03-02,"4,5",Apresentação
APT008694,PRJ0122,ANL015,08/22/2025,8,Reunião com cliente
APT003971,PRJ0051,ANL011,2024-11-18,4,Modelagem
APT008942,PRJ0128,ANL005,2026-04-13,7,Documentação
APT001470,PRJ0017,ANL022,02/17/2025,5,Apresentação
APT005149,PRJ0070,ANL022,2025-04-07,"4,5",Testes
APT000182,PRJ0004,ANL023,04/12/2024,8.5,Apresentação
APT004183,PRJ0055,ANL008,2024-07-26,4,Dashboard
APT007653,PRJ0109,ANL019,2026-04-20,8,Coleta
APT002562,PRJ0032,ANL018,06/12/2026,6,Coleta
APT007511,PRJ0106,ANL009,04/28/2026,6,Testes
APT009593,PRJ0138,ANL005,2026-06-17,3,Modelagem
APT001015,PRJ0012,ANL005,06/16/2026,3,Documentação
APT006224,PRJ0084,ANL017,2025-09-22,4.5,Apresentação
APT008415,PRJ0120,ANL001,2026-05-11,2,Modelagem
APT006895,PRJ0098,ANL024,09/03/2025,2,Coleta
APT002377,PRJ0029,ANL001,2025-06-02,"5,5",Documentação
APT004850,PRJ0064,ANL008,16-mar-2026,5,Coleta
APT007117,PRJ0101,ANL018,26/05/2026,6,Testes
APT005681,PRJ0080,ANL009,2024-11-25,2.5,Testes
APT003191,PRJ0040,ANL024,05-ago-2025,8.5,Apresentação
APT009316,PRJ0133,ANL006,23-abr-2026,4.5,Documentação
APT006049,PRJ0082,ANL022,2025-05-13,4,Testes
APT005001,PRJ0067,ANL013,2024-06-26,5,ETL
APT003111,PRJ0039,ANL001,2025-01-27,8,Apresentação
APT007672,PRJ0109,ANL013,04/20/2026,2.5,Dashboard
APT000777,PRJ0010,ANL013,08/01/2024,8.5,Testes
APT005636,PRJ0079,ANL006,2025-05-26,3,Documentação
APT000859,PRJ0010,ANL007,03/10/2024,"7,5",Modelagem
APT009443,PRJ0136,ANL001,04/27/2026,7.5,Modelagem
APT004263,PRJ0056,ANL021,03/20/2025,2,ETL
APT005998,PRJ0082,ANL022,30-jun-2025,5.5,Documentação
APT006854,PRJ0098,ANL006,2025-09-19,6,Reunião com cliente
APT002692,PRJ0034,ANL018,2024-05-10,4,ETL
APT002308,PRJ0029,ANL001,28/08/2025,4,Testes
APT005364,PRJ0075,ANL014,2025-08-25,4.5,Coleta
APT003455,PRJ0042,ANL013,2025-07-29,6,Testes
APT005844,PRJ0081,ANL011,28-abr-2026,4,ETL
APT003831,PRJ0048,ANL011,2024-12-30,3.5,Dashboard
APT007608,PRJ0107,ANL005,22-abr-2025,8,ETL
APT004266,PRJ0056,ANL009,2025-03-25,6,Dashboard
APT000788,PRJ0010,ANL001,2024-09-06,3,Documentação
APT005439,PRJ0077,ANL008,11/20/2024,2,Reunião com cliente
APT000735,PRJ0009,ANL005,10/24/2025,3,Dashboard
APT006322,PRJ0086,ANL021,2026-05-20,5,Reunião com cliente
APT002395,PRJ0029,ANL007,2025-07-11,5,ETL
APT003401,PRJ0042,ANL007,15-mai-2025,8,MODELAGEM
APT004289,PRJ0056,ANL021,05/03/2025,4.5,Dashboard
APT000971,PRJ0012,ANL011,15/06/2026,8,Apresentação
APT005309,PRJ0073,ANL003,2025-02-18,6,Testes
APT009702,PRJ0140,ANL024,09/22/2025,8,Modelagem
APT003637,PRJ0046,ANL010,2024-03-12,4,Testes
APT008131,PRJ0118,ANL014,2026-02-09,5,Documentação
APT003388,PRJ0042,ANL019,04/04/2025,6,Modelagem
APT002726,PRJ0034,ANL012,2024-03-18,4,TESTES
APT009393,PRJ0135,ANL002,25-mar-2024,6.5,Reunião com cliente
APT007488,PRJ0106,ANL015,29/05/2026,6,ETL
APT002273,PRJ0029,ANL001,30/06/2025,3,Reunião com cliente
APT003919,PRJ0050,ANL020,07-out-2025,"2,5",Documentação
APT006187,PRJ0083,ANL009,03-out-2025,2,ETL
APT008077,PRJ0116,ANL007,02-jun-2025,"6,5",Dashboard
APT009206,PRJ0132,ANL022,2024-11-07,5,Dashboard
APT000468,PRJ0007,ANL022,07-out-2024,6,Modelagem
APT000865,PRJ0010,ANL001,2024-10-11,6,Documentação
APT003458,PRJ0042,ANL001,04/30/2025,4,Reunião com cliente
APT003781,PRJ0047,ANL006,2024-09-02,8,Dashboard
APT007855,PRJ0112,ANL015,2025-07-21,6,Apresentação
APT008410,PRJ0120,ANL019,2026-06-03,7,Reunião com cliente
APT001371,PRJ0015,ANL022,09-out-2025,3,Testes
APT008383,PRJ0120,ANL007,2026-06-01,8,Modelagem
APT000780,PRJ0010,ANL019,2024-07-25,3,Apresentação
APT002038,PRJ0026,ANL015,2026-01-02,5,Modelagem
APT005860,PRJ0081,ANL023,2026-06-12,5,Documentação
APT004288,PRJ0056,ANL021,2025-02-20,6.5,Modelagem
APT000043,PRJ0001,ANL010,2024-05-06,7,Reunião com cliente
APT006188,PRJ0083,ANL009,06/17/2025,4,Documentação
APT000113,PRJ0003,ANL003,2025-08-25,8.5,Coleta
APT000359,PRJ0006,ANL008,2025-06-26,4,Documentação
APT003869,PRJ0049,ANL018,04/02/2026,7,Apresentação
APT000053,PRJ0001,ANL010,2024-04-08,7.5,Apresentação
APT005577,PRJ0079,ANL006,20/05/2025,4,Modelagem
APT004109,PRJ0053,ANL020,02/19/2026,2.5,Documentação
APT004514,PRJ0060,ANL012,12-mai-2025,4,Modelagem
APT006311,PRJ0086,ANL009,2026-05-13,7,Reunião com cliente
APT005108,PRJ0070,ANL016,22/07/2025,6,ETL
APT000287,PRJ0005,ANL023,01/07/2025,4,Coleta
APT007466,PRJ0106,ANL015,2026-04-06,7,Documentação
APT000516,PRJ0007,ANL022,27/01/2025,4,Documentação
APT002814,PRJ0035,ANL004,02/25/2025,2,ETL
APT003202,PRJ0041,ANL017,2025-04-07,6,Documentação
APT002784,PRJ0034,ANL018,06/03/2024,7,Reunião com cliente
APT007675,PRJ0109,ANL001,2026-05-21,"6,5",Dashboard
APT002293,PRJ0029,ANL013,2025-10-28,2,Reunião com cliente
APT005095,PRJ0070,ANL016,28-abr-2025,8,Apresentação
APT006269,PRJ0085,ANL006,2025-10-13,2.5,Documentação
APT001124,PRJ0013,ANL023,2024-11-01,6.5,Apresentação
APT003953,PRJ0050,ANL014,15/09/2025,4,Reunião com cliente
APT004215,PRJ0055,ANL008,2024-09-19,4,ETL
APT008716,PRJ0122,ANL015,2025-07-31,4,Reunião com cliente
APT008546,PRJ0121,ANL003,20-abr-2026,8.5,Dashboard
APT006986,PRJ0100,ANL004,05/26/2026,2,Reunião com cliente
APT006457,PRJ0089,ANL016,2024-06-19,"7,5",Coleta
APT002865,PRJ0036,ANL019,2026-05-14,3.5,Testes
APT009528,PRJ0136,ANL001,2026-04-27,5,Dashboard
APT000595,PRJ0008,ANL005,06/22/2026,4,Modelagem
APT006286,PRJ0086,ANL015,03/02/2026,7,Apresentação
APT003485,PRJ0042,ANL013,08-set-2025,8.5,Dashboard
APT007969,PRJ0114,ANL023,2024-05-08,"6,5",Testes
APT003104,PRJ0039,ANL007,2025-02-18,6.5,ETL
APT005356,PRJ0075,ANL002,2025-08-18,3.5,Dashboard
APT009122,PRJ0130,ANL007,2025-06-06,6,Documentação
APT004584,PRJ0062,ANL005,24-fev-2025,4,Apresentação
APT001617,PRJ0020,ANL022,03/18/2024,8,Coleta
APT005873,PRJ0081,ANL011,04/06/2026,4,Modelagem
APT005106,PRJ0070,ANL016,2025-07-07,8,Coleta
APT001666,PRJ0021,ANL008,01/19/2026,6,Coleta
APT005650,PRJ0079,ANL018,2025-05-28,4,Documentação
APT004901,PRJ0065,ANL010,2026-03-16,2,APRESENTAÇÃO
APT001674,PRJ0022,ANL003,2026-03-31,6.5,Documentação
APT007896,PRJ0113,ANL022,05/27/2024,2,Reunião com cliente
APT006134,PRJ0083,ANL021,2025-12-01,6.5,Coleta
APT001824,PRJ0024,ANL017,2025-11-03,6,Coleta
APT009573,PRJ0137,ANL019,2025-07-07,6,Testes
APT000095,PRJ0003,ANL015,2025-08-25,4,Testes
APT000256,PRJ0005,ANL023,2025-01-15,5,Documentação
APT001128,PRJ0013,ANL005,2024-12-04,2,Reunião com cliente
APT008560,PRJ0121,ANL009,29-abr-2026,6,Documentação
APT008052,PRJ0115,ANL005,2024-05-31,3,Coleta
APT001175,PRJ0014,ANL020,19-ago-2024,2,Testes
APT004377,PRJ0057,ANL006,2026-04-02,4,Documentação
APT003304,PRJ0042,ANL007,04/14/2025,6.5,Dashboard
APT001453,PRJ0017,ANL004,2025-02-03,4,Testes
APT000119,PRJ0003,ANL021,09/08/2025,2,Testes
APT004426,PRJ0058,ANL013,2024-03-25,3,REUNIÃO COM CLIENTE
APT008483,PRJ0120,ANL007,06-mai-2026,8,ETL
APT006971,PRJ0099,ANL003,22-mai-2025,6,Apresentação
APT007786,PRJ0110,ANL002,2025-01-27,4,Documentação
APT003077,PRJ0039,ANL001,2025-01-29,3,Dashboard
APT009676,PRJ0139,ANL005,2024-10-09,4,MODELAGEM
APT007767,PRJ0109,ANL007,2026-06-08,4,Coleta
APT005746,PRJ0081,ANL023,24-jun-2026,5,Coleta
APT001255,PRJ0014,ANL020,2024-10-09,8,Apresentação
APT004896,PRJ0065,ANL022,2026-03-23,4,Modelagem
APT006220,PRJ0084,ANL023,2025-09-12,2.5,ETL
APT001789,PRJ0024,ANL005,2025-08-26,7,Documentação
APT007134,PRJ0101,ANL018,2026-06-22,8,Documentação
APT004524,PRJ0061,ANL024,2025-04-22,4,Dashboard
APT009679,PRJ0139,ANL011,14/10/2024,"4,5",Coleta
APT008646,PRJ0122,ANL021,2025-10-24,8.5,Apresentação
APT005889,PRJ0081,ANL005,2026-04-20,8,Testes
APT009753,PRJ0140,ANL006,2025-11-05,6.5,Modelagem
APT000329,PRJ0006,ANL020,03/24/2025,5,Reunião com cliente
APT002937,PRJ0036,ANL013,2026-04-21,6,Apresentação
APT005727,PRJ0081,ANL017,2026-05-22,8,Reunião com cliente
APT008066,PRJ0116,ANL019,2025-05-07,8,Apresentação
APT004022,PRJ0051,ANL005,2024-12-11,3,Testes
APT003480,PRJ0042,ANL019,2025-09-24,6.5,Apresentação
APT005332,PRJ0073,ANL021,03/03/2025,3,Dashboard
APT009220,PRJ0132,ANL004,2024-11-13,2,Reunião com cliente
APT004986,PRJ0067,ANL007,2024-06-24,8.5,Reunião com cliente
APT001922,PRJ0025,ANL022,2025-03-31,5,Coleta
APT009566,PRJ0137,ANL019,2025-06-23,7.5,Testes
APT006237,PRJ0084,ANL023,08/25/2025,3.5,Dashboard
APT000786,PRJ0010,ANL007,2024-09-20,7,Reunião com cliente
APT007397,PRJ0106,ANL009,08/05/2026,4.5,Reunião com cliente
APT001428,PRJ0017,ANL010,01/20/2025,6,ETL
APT006979,PRJ0099,ANL015,05/21/2025,"2,5",ETL
APT001093,PRJ0012,ANL023,2026-03-30,2,Modelagem
APT000100,PRJ0003,ANL021,2025-09-23,5.5,Documentação
APT004115,PRJ0053,ANL020,21-abr-2026,6,Apresentação
APT005100,PRJ0070,ANL022,2025-03-24,8.5,Reunião com cliente
APT003882,PRJ0049,ANL012,2026-02-16,4,ETL
APT007078,PRJ0101,ANL018,2026-05-29,3,Modelagem
APT008420,PRJ0120,ANL019,09-jun-2026,4,Dashboard
APT002120,PRJ0026,ANL021,23-jan-2026,6,Modelagem
APT006048,PRJ0082,ANL016,04/22/2025,4,Apresentação
APT001712,PRJ0022,ANL009,2026-03-10,-4.0,Reunião com cliente
APT004742,PRJ0064,ANL014,2026-05-05,8,Documentação
APT002066,PRJ0026,ANL009,2025-08-07,6,ETL
APT001277,PRJ0014,ANL002,2024-06-18,4,Testes
APT005132,PRJ0070,ANL010,2025-04-15,6.5,Coleta
APT009666,PRJ0139,ANL017,02-out-2024,5,Reunião com cliente
APT004272,PRJ0056,ANL003,2025-02-24,5,Dashboard
APT005182,PRJ0070,ANL010,2025-03-24,6.5,Modelagem
APT000616,PRJ0008,ANL023,06/08/2026,8,Dashboard
APT008291,PRJ0120,ANL019,2026-04-27,6.5,ETL
APT001415,PRJ0017,ANL004,2025-02-05,8.5,ETL
APT002037,PRJ0026,ANL021,12/15/2025,6,Documentação
APT005388,PRJ0076,ANL021,12/06/2024,7,Apresentação
APT002447,PRJ0032,ANL024,2026-05-04,6,Documentação
APT004302,PRJ0056,ANL009,2025-03-31,7.5,Dashboard
APT007082,PRJ0101,ANL012,08/06/2026,3,Testes
APT003980,PRJ0051,ANL023,2024-11-15,6,ETL
APT008304,PRJ0120,ANL007,2026-04-20,2,Reunião com cliente
APT008774,PRJ0124,ANL004,2024-09-24,3,Documentação
APT006306,PRJ0086,ANL003,06-abr-2026,4,Modelagem
APT000911,PRJ0012,ANL005,2026-06-08,6,Documentação
APT007948,PRJ0114,ANL017,2024-04-15,8,Documentação
APT007198,PRJ0103,ANL011,2025-03-24,2.5,Coleta
APT005596,PRJ0079,ANL012,2025-05-14,5.5,Apresentação
APT008595,PRJ0121,ANL015,19-jun-2026,7,Modelagem
APT005689,PRJ0080,ANL009,28/10/2024,4,Reunião com cliente
APT007981,PRJ0115,ANL017,2024-05-29,6,Testes
APT001710,PRJ0022,ANL009,2026-02-23,6,Modelagem
APT006880,PRJ0098,ANL018,11-ago-2025,4,Testes
APT002482,PRJ0032,ANL018,2026-04-15,7,Coleta
APT007810,PRJ0111,ANL023,01/05/2026,8,Dashboard
APT003200,PRJ0041,ANL011,2025-05-12,4,Documentação
APT007400,PRJ0106,ANL021,2026-06-18,6,Documentação
APT000453,PRJ0007,ANL004,28/10/2024,4,ETL
APT004488,PRJ0059,ANL020,2025-02-06,6.5,Coleta
APT007324,PRJ0104,ANL006,2024-05-03,4,Modelagem
APT008991,PRJ0129,ANL007,2025-12-22,7,ETL
APT009157,PRJ0131,ANL003,2024-02-29,7,Modelagem
APT000248,PRJ0005,ANL011,2025-02-24,7,Modelagem
APT004988,PRJ0067,ANL001,2024-07-01,4,Testes
APT008120,PRJ0118,ANL014,11/28/2025,8,Modelagem
APT005147,PRJ0070,ANL010,2025-06-23,6,Coleta
APT003531,PRJ0042,ANL019,2025-06-09,4,Modelagem
APT001969,PRJ0025,ANL016,2025-03-21,4,Documentação
APT003229,PRJ0041,ANL011,2025-04-04,6,Modelagem
APT004479,PRJ0059,ANL020,10-fev-2025,6,Reunião com cliente
APT008564,PRJ0121,ANL021,2026-04-23,2.5,Coleta
APT008684,PRJ0122,ANL009,2025-07-21,7,Reunião com cliente
APT008557,PRJ0121,ANL009,2026-05-25,8,Dashboard
APT005673,PRJ0079,ANL006,2025-06-26,3.5,Reunião com cliente
APT002788,PRJ0034,ANL012,2024-05-02,4,Dashboard
APT002630,PRJ0034,ANL024,25/01/2024,4,Dashboard
APT006674,PRJ0093,ANL002,2024-11-05,4,ETL
APT001248,PRJ0014,ANL020,2024-10-21,6,Apresentação
APT006231,PRJ0084,ANL023,2025-08-07,4,Modelagem
APT007907,PRJ0113,ANL022,2024-06-10,6,ETL
APT009686,PRJ0140,ANL018,06/10/2025,3,ETL
APT009421,PRJ0135,ANL020,25-mar-2024,5,Modelagem
APT002879,PRJ0036,ANL007,2026-05-13,4,ETL
APT002799,PRJ0035,ANL016,02-abr-2025,2,Documentação
APT007301,PRJ0104,ANL024,04/18/2024,3.5,DASHBOARD
APT003137,PRJ0039,ANL007,2024-10-31,7,Documentação
APT007476,PRJ0106,ANL009,04/27/2026,2.5,REUNIÃO COM CLIENTE
APT005026,PRJ0068,ANL011,02/25/2025,7,COLETA
APT004868,PRJ0065,ANL004,2026-02-16,4.5,Testes
APT003075,PRJ0039,ANL013,2025-02-07,3,Apresentação
APT007780,PRJ0110,ANL020,2025-02-10,8,Documentação
APT004744,PRJ0064,ANL014,09/03/2026,8,Testes
APT008303,PRJ0120,ANL007,2026-04-06,6,Apresentação
APT007949,PRJ0114,ANL005,2024-04-11,5,Documentação
APT002685,PRJ0034,ANL018,2024-05-13,2,Testes
APT000079,PRJ0003,ANL021,2025-07-24,"7,5",Dashboard
APT009107,PRJ0130,ANL019,07/02/2025,4,Reunião com cliente
APT001791,PRJ0024,ANL011,10-nov-2025,6,Reunião com cliente
APT001863,PRJ0024,ANL023,2025-08-12,4,Reunião com cliente
APT007062,PRJ0101,ANL006,07-mai-2026,3,Reunião com cliente
APT009758,PRJ0140,ANL006,11/26/2025,4,Dashboard
APT009128,PRJ0130,ANL013,06/24/2025,4,Dashboard
APT001266,PRJ0014,ANL020,05-ago-2024,7,Apresentação
APT003272,PRJ0042,ANL013,2025-08-19,4,Apresentação
APT001345,PRJ0015,ANL022,2025-10-16,4,Reunião com cliente
APT008797,PRJ0124,ANL016,18/10/2024,6,Coleta
APT001421,PRJ0017,ANL022,01/24/2025,2,Modelagem
APT003290,PRJ0042,ANL001,07/23/2025,3.5,Modelagem
APT003386,PRJ0042,ANL013,28/07/2025,2,Testes
APT006129,PRJ0083,ANL003,2025-07-21,6,Modelagem
APT000980,PRJ0012,ANL011,02/17/2026,4,Apresentação
APT005492,PRJ0078,ANL011,2025-06-20,2,Dashboard
APT009626,PRJ0139,ANL011,2024-12-10,6,APRESENTAÇÃO
APT009130,PRJ0130,ANL019,2025-07-02,2,Testes
APT003829,PRJ0048,ANL005,12/30/2024,2,ETL
APT009497,PRJ0136,ANL019,02/02/2026,7,Documentação
APT002625,PRJ0034,ANL024,04/25/2024,2,Apresentação
APT006307,PRJ0086,ANL009,05/26/2026,"2,5",Coleta
APT005113,PRJ0070,ANL016,2025-05-08,4,Modelagem
APT001585,PRJ0019,ANL016,2024-12-19,"6,5",Coleta
APT006424,PRJ0089,ANL004,05/07/2024,7,Coleta
APT008627,PRJ0122,ANL021,2025-08-22,4,Apresentação
APT001765,PRJ0023,ANL023,2026-02-16,7,Coleta
APT005075,PRJ0069,ANL018,10/07/2024,6,Testes
APT008835,PRJ0126,ANL005,2026-05-18,3,Testes
APT004414,PRJ0058,ANL001,2024-03-18,8.5,Documentação
APT007030,PRJ0101,ANL012,2026-04-27,2,Reunião com cliente
APT006246,PRJ0084,ANL023,2025-09-08,7.5,Reunião com cliente
APT003024,PRJ0037,ANL004,05/13/2025,5,Documentação
APT002966,PRJ0036,ANL013,22/04/2026,4,Documentação
APT008845,PRJ0126,ANL023,2026-06-01,4,Dashboard
APT001676,PRJ0022,ANL003,2026-03-16,3,COLETA
APT003818,PRJ0048,ANL011,2024-11-25,2.5,Testes
APT002176,PRJ0026,ANL021,17-set-2025,8,COLETA
APT004614,PRJ0063,ANL001,2026-05-20,8.5,Testes
APT004515,PRJ0060,ANL024,05/07/2025,4.5,Modelagem
APT003746,PRJ0047,ANL018,2024-11-11,6,Dashboard
APT002764,PRJ0034,ANL012,10-jun-2024,7,Dashboard
APT000747,PRJ0010,ANL001,19/09/2024,4,Reunião com cliente
APT005771,PRJ0081,ANL005,2026-06-04,5.5,Reunião com cliente
APT005908,PRJ0081,ANL023,06/15/2026,5.5,Testes
APT004269,PRJ0056,ANL021,28-mar-2025,4,Apresentação
APT006973,PRJ0099,ANL009,2025-06-12,7,Modelagem
APT008132,PRJ0118,ANL008,23/10/2025,6.5,Dashboard
APT008154,PRJ0118,ANL020,05-fev-2026,8.5,Dashboard
APT003602,PRJ0045,ANL022,2025-03-10,8,Reunião com cliente
APT006538,PRJ0091,ANL015,12/08/2025,3,Modelagem
APT003850,PRJ0049,ANL018,02/13/2026,3.5,Documentação
APT005449,PRJ0077,ANL020,2024-12-31,"6,5",ETL
APT005140,PRJ0070,ANL016,2025-08-06,6,Documentação
APT004760,PRJ0064,ANL020,03/11/2026,5,Documentação
APT009745,PRJ0140,ANL018,2026-01-28,"7,5",Modelagem
APT008794,PRJ0124,ANL022,2024-10-09,8,Modelagem
APT006405,PRJ0089,ANL016,09/02/2024,3,Apresentação
APT006481,PRJ0089,ANL010,09-set-2024,8,Dashboard
APT002319,PRJ0029,ANL007,2025-06-02,7,ETL
APT006800,PRJ0096,ANL015,2026-05-11,6.5,Apresentação
APT005955,PRJ0081,ANL011,25/05/2026,6,ETL
APT006663,PRJ0093,ANL014,25-set-2024,3,Reunião com cliente
APT000062,PRJ0002,ANL019,15-out-2024,5,Reunião com cliente
APT000583,PRJ0008,ANL017,2026-04-02,"7,5",Documentação
APT001528,PRJ0018,ANL005,2025-09-18,8,Testes
APT009572,PRJ0137,ANL001,2025-07-08,5,Reunião com cliente
APT001811,PRJ0024,ANL005,27/08/2025,6.5,ETL
APT004138,PRJ0053,ANL014,2026-04-20,4,Documentação
APT005589,PRJ0079,ANL012,2025-06-19,8,Testes
APT001519,PRJ0018,ANL005,09/29/2025,3,Testes
APT006658,PRJ0093,ANL020,2024-10-28,6,Coleta
APT002523,PRJ0032,ANL012,2026-02-27,4,Coleta
APT004442,PRJ0059,ANL008,2025-05-09,2.5,ETL
APT004833,PRJ0064,ANL002,2026-05-19,6.5,Reunião com cliente
APT001871,PRJ0024,ANL011,2025-11-12,4,Coleta
APT005695,PRJ0080,ANL015,2024-11-04,5,Apresentação
APT001876,PRJ0024,ANL023,08/29/2025,2,REUNIÃO COM CLIENTE
APT008514,PRJ0121,ANL003,2026-05-18,6,Reunião com cliente
APT008692,PRJ0122,ANL015,21/07/2025,4,Reunião com cliente
APT004622,PRJ0063,ANL019,2026-05-29,5,Apresentação
APT001747,PRJ0023,ANL017,2026-03-30,5,Modelagem
APT004485,PRJ0059,ANL014,26/02/2025,8.5,Documentação
APT008702,PRJ0122,ANL015,2025-09-15,4,Dashboard
APT007879,PRJ0113,ANL010,2024-05-21,"6,5",Dashboard
APT000809,PRJ0010,ANL013,2024-09-12,6,Coleta
APT001746,PRJ0023,ANL005,2026-03-23,2.5,Modelagem
APT007440,PRJ0106,ANL003,11-mai-2026,6,Testes
APT005457,PRJ0078,ANL023,2025-06-17,6,Documentação
APT003619,PRJ0046,ANL010,02/19/2024,4,Dashboard
APT004417,PRJ0058,ANL013,03/12/2024,5,Testes
APT008883,PRJ0126,ANL017,02/24/2026,5,Apresentação
APT001517,PRJ0018,ANL011,29/09/2025,4.5,Reunião com cliente
APT000871,PRJ0011,ANL014,2025-08-12,2,Modelagem
APT000971,PRJ0012,ANL011,15/06/2026,8,Apresentação
APT009564,PRJ0137,ANL019,2025-06-23,2.5,Dashboard
APT005368,PRJ0075,ANL002,01-set-2025,4,Documentação
APT001898,PRJ0025,ANL022,2025-02-11,5.5,Testes
APT003527,PRJ0042,ANL013,14-abr-2025,4,Documentação
APT005730,PRJ0081,ANL017,2026-06-26,2.5,Apresentação
APT005904,PRJ0081,ANL005,2026-04-02,4.5,ETL
APT000813,PRJ0010,ANL007,2024-07-11,3,ETL
APT000515,PRJ0007,ANL004,2024-08-14,2,Testes
APT000668,PRJ0008,ANL017,2026-04-16,6,Apresentação
APT005467,PRJ0078,ANL023,08/12/2025,"2,5",Testes
APT000559,PRJ0007,ANL022,14-nov-2024,6,Modelagem
APT008708,PRJ0122,ANL021,11/13/2025,5,Modelagem
APT006782,PRJ0096,ANL021,21-abr-2026,4.5,ETL
APT006434,PRJ0089,ANL016,2024-07-22,4.5,Testes
APT006610,PRJ0093,ANL002,2024-10-07,6,Coleta
APT005242,PRJ0071,ANL023,12-fev-2025,4.5,Dashboard
APT006830,PRJ0097,ANL024,24/06/2024,7,Apresentação
APT005971,PRJ0082,ANL022,04/10/2025,6,Reunião com cliente
APT002514,PRJ0032,ANL006,2026-02-26,2,Apresentação
APT004330,PRJ0056,ANL015,2025-03-04,6.5,Apresentação
APT009470,PRJ0136,ANL001,20-abr-2026,3.5,Testes
APT008438,PRJ0120,ANL001,2026-06-16,3,Dashboard
APT002961,PRJ0036,ANL013,05/22/2026,4,Testes
APT003213,PRJ0041,ANL011,06/19/2025,4,Reunião com cliente
APT003554,PRJ0044,ANL023,26/05/2025,4,ETL
APT006323,PRJ0086,ANL003,2026-03-03,4,Apresentação
APT005058,PRJ0069,ANL024,2024-10-01,6.5,ETL
APT003397,PRJ0042,ANL013,2025-06-20,8,Modelagem
APT000215,PRJ0005,ANL023,22/01/2025,4,Apresentação
APT008041,PRJ0115,ANL023,28/06/2024,2,Reunião com cliente
APT004095,PRJ0053,ANL020,03/09/2026,7,Testes
APT002663,PRJ0034,ANL006,2024-01-31,3,Modelagem
APT006062,PRJ0083,ANL021,09/22/2025,5.5,ETL
APT004312,PRJ0056,ANL009,02/20/2025,2,Testes
APT001602,PRJ0020,ANL022,18-mar-2024,8,Documentação
APT003988,PRJ0051,ANL017,20/11/2024,2.5,Reunião com cliente
APT008875,PRJ0126,ANL017,27-abr-2026,"6,5",Documentação
APT004085,PRJ0052,ANL010,2026-04-17,8,Testes
APT003592,PRJ0045,ANL010,2025-03-18,4.5,Apresentação
APT001787,PRJ0023,ANL023,2026-01-19,7.5,ETL
APT003149,PRJ0039,ANL019,02-jan-2025,8,Documentação
APT007374,PRJ0106,ANL021,2026-05-12,7,ETL
APT007946,PRJ0114,ANL005,2024-05-01,3,Modelagem
APT003843,PRJ0049,ANL018,02/09/2026,2.5,Testes
APT002190,PRJ0026,ANL009,26-jan-2026,8,ETL
APT006825,PRJ0097,ANL018,06/25/2024,8,Testes
APT007158,PRJ0102,ANL001,2025-02-28,5,Reunião com cliente
APT002143,PRJ0026,ANL015,2026-01-06,7,Testes
APT000806,PRJ0010,ANL019,2024-07-22,8,Reunião com cliente
APT001217,PRJ0014,ANL002,08-jul-2024,6,Apresentação
APT001651,PRJ0021,ANL008,01-dez-2025,"8,5",REUNIÃO COM CLIENTE
APT001322,PRJ0015,ANL016,15-set-2025,6.5,Dashboard
APT002759,PRJ0034,ANL006,2024-03-12,4,Documentação
APT003734,PRJ0047,ANL012,2024-08-20,4,Apresentação
APT004116,PRJ0053,ANL008,02/12/2026,6.5,Modelagem
APT009484,PRJ0136,ANL001,12-mar-2026,8,Dashboard
APT005055,PRJ0069,ANL012,2024-10-07,5,Reunião com cliente
APT001168,PRJ0013,ANL011,28-out-2024,3,Reunião com cliente
APT008145,PRJ0118,ANL020,2026-01-12,4,Apresentação
APT009798,PRJ0140,ANL012,29/01/2026,4,ETL
APT006924,PRJ0098,ANL024,2025-08-25,4.5,Dashboard
APT007465,PRJ0106,ANL021,2026-04-20,6,Modelagem
APT002263,PRJ0029,ANL019,2025-10-13,8,Modelagem
APT000441,PRJ0007,ANL016,11/18/2024,2.5,Reunião com cliente
APT002044,PRJ0026,ANL003,11/10/2025,4.5,ETL
APT000300,PRJ0006,ANL002,26-mai-2025,5,Coleta
APT006351,PRJ0086,ANL009,2026-04-09,7,ETL
APT001355,PRJ0015,ANL016,2025-10-01,4.5,Coleta
APT002498,PRJ0032,ANL012,02-mar-2026,4.5,Dashboard
APT005335,PRJ0074,ANL010,2025-10-30,4,Dashboard
APT003125,PRJ0039,ANL019,2024-12-10,3,ETL
APT000683,PRJ0008,ANL011,2026-04-27,4,Coleta
APT002490,PRJ0032,ANL018,24/02/2026,5,Documentação
APT007564,PRJ0106,ANL021,2026-05-18,5,Apresentação
APT003699,PRJ0047,ANL024,2024-11-04,4.5,Dashboard
APT004368,PRJ0057,ANL024,03/18/2026,8.5,Documentação
APT009717,PRJ0140,ANL012,2025-10-08,3,Testes
APT005053,PRJ0069,ANL018,09-set-2024,"4,5",Testes
APT001577,PRJ0019,ANL004,2024-12-30,7,Modelagem
APT004074,PRJ0052,ANL022,04/01/2026,6.5,Coleta
APT007804,PRJ0110,ANL014,11-fev-2025,2,Modelagem
APT003486,PRJ0042,ANL007,09/04/2025,4,ETL
APT008898,PRJ0127,ANL024,2025-11-05,3.5,Testes
APT005404,PRJ0076,ANL003,06/03/2024,4,Apresentação
APT007016,PRJ0101,ANL006,2026-05-25,4,ETL
APT007501,PRJ0106,ANL021,2026-06-03,5,MODELAGEM
APT006105,PRJ0083,ANL003,2025-09-25,6,ETL
APT005911,PRJ0081,ANL005,2026-04-13,6,Apresentação
APT008378,PRJ0120,ANL007,09-abr-2026,7,Reunião com cliente
APT000342,PRJ0006,ANL020,05-mar-2025,4,Apresentação
APT005717,PRJ0080,ANL009,19/11/2024,4,ETL
APT000477,PRJ0007,ANL016,2024-10-08,6,Modelagem
APT005900,PRJ0081,ANL023,01-jun-2026,3,Testes
APT000906,PRJ0012,ANL005,2026-03-20,4,Coleta
APT007091,PRJ0101,ANL018,05/25/2026,5,Dashboard
APT006163,PRJ0083,ANL003,2025-09-25,2,Dashboard
APT006144,PRJ0083,ANL009,30/07/2025,4,ETL
APT006468,PRJ0089,ANL016,08/19/2024,2,Apresentação
APT006833,PRJ0097,ANL024,2024-06-10,2,Modelagem
APT000863,PRJ0010,ANL001,2024-10-16,2.5,ETL
APT005481,PRJ0078,ANL011,06/16/2025,8,Apresentação
APT003624,PRJ0046,ANL022,05/02/2024,4.5,ETL
APT002270,PRJ0029,ANL019,2025-10-16,2.5,Apresentação
APT001596,PRJ0020,ANL016,03/07/2024,2.5,Reunião com cliente
APT000173,PRJ0004,ANL023,22/04/2024,6.5,ETL
APT005910,PRJ0081,ANL005,2026-06-26,7,Apresentação
APT001771,PRJ0023,ANL005,04/03/2026,"5,5",Apresentação
APT006412,PRJ0089,ANL004,09/02/2024,4,Testes
APT004460,PRJ0059,ANL014,2025-03-24,5,Coleta
APT005059,PRJ0069,ANL012,04/11/2024,"2,5",ETL
APT000112,PRJ0003,ANL003,09/03/2025,7.5,Coleta
APT009495,PRJ0136,ANL019,2026-03-23,4.5,Dashboard
APT006088,PRJ0083,ANL003,13/08/2025,3,Dashboard
APT001359,PRJ0015,ANL004,2025-09-22,7,Apresentação
APT000450,PRJ0007,ANL004,2024-08-23,6.5,Testes
APT003688,PRJ0047,ANL006,07-nov-2024,3.5,Coleta
APT002510,PRJ0032,ANL018,2026-06-08,3.5,ETL
APT006236,PRJ0084,ANL005,03-set-2025,2,Documentação
APT006540,PRJ0091,ANL009,2025-12-22,2,Documentação
APT005510,PRJ0078,ANL005,2025-08-12,7,ETL
APT000606,PRJ0008,ANL017,2026-03-30,2,Apresentação
APT007733,PRJ0109,ANL013,02/06/2026,6.5,Testes
APT008676,PRJ0122,ANL009,2025-08-06,7,TESTES
APT009296,PRJ0133,ANL006,05/25/2026,5,Reunião com cliente
APT007494,PRJ0106,ANL015,2026-04-27,6,ETL
APT009723,PRJ0140,ANL018,10/03/2025,4,Testes
APT004154,PRJ0054,ANL004,2025-10-13,4,Documentação
APT006108,PRJ0083,ANL021,2025-10-02,4,Modelagem
APT000843,PRJ0010,ANL001,2024-09-24,4,ETL
APT008186,PRJ0119,ANL006,2024-02-12,2,Apresentação
APT003060,PRJ0039,ANL013,2024-11-18,6,Documentação
APT001137,PRJ0013,ANL005,2024-11-18,8,Coleta
APT007522,PRJ0106,ANL015,2026-05-25,4,Coleta
APT005044,PRJ0069,ANL018,2024-10-11,2,Coleta
APT003784,PRJ0047,ANL006,2024-11-15,7,Modelagem
APT009650,PRJ0139,ANL023,2024-12-09,6,Testes
APT003962,PRJ0051,ANL017,11/14/2024,2,Dashboard
APT000254,PRJ0005,ANL011,2025-02-05,3,Testes
APT004463,PRJ0059,ANL020,2025-03-10,5,Apresentação
APT004454,PRJ0059,ANL020,2025-02-11,7,Documentação
APT001114,PRJ0013,ANL005,2024-11-18,6,Reunião com cliente
APT004317,PRJ0056,ANL003,17/04/2025,8.5,Documentação
APT009635,PRJ0139,ANL005,2024-11-25,7,Dashboard
APT006899,PRJ0098,ANL006,2025-08-26,4,ETL
APT008656,PRJ0122,ANL015,2025-11-03,6,Apresentação
APT005799,PRJ0081,ANL005,2026-04-30,8,Modelagem
APT004304,PRJ0056,ANL021,10-mar-2025,7,Coleta
APT000875,PRJ0011,ANL020,09/08/2025,7,Apresentação
APT006692,PRJ0094,ANL010,08/25/2025,6,Modelagem
APT002454,PRJ0032,ANL024,2026-05-14,2,Coleta
APT001573,PRJ0019,ANL004,30/12/2024,7,Dashboard
APT001751,PRJ0023,ANL023,2026-02-20,3,DOCUMENTAÇÃO
APT003110,PRJ0039,ANL007,2025-01-28,6.5,Dashboard
APT000856,PRJ0010,ANL001,2024-09-17,4,ETL
APT006281,PRJ0086,ANL003,2026-04-13,8,Dashboard
APT005250,PRJ0071,ANL011,01/27/2025,5,Coleta
APT000776,PRJ0010,ANL019,16-set-2024,4,MODELAGEM
APT005885,PRJ0081,ANL011,10/04/2026,4.5,Reunião com cliente
APT008895,PRJ0126,ANL023,19/03/2026,6,Reunião com cliente
APT001225,PRJ0014,ANL014,08/30/2024,6,Coleta
APT009190,PRJ0131,ANL021,13-mar-2024,3,Dashboard
APT005909,PRJ0081,ANL011,2026-06-25,4,Dashboard
APT000925,PRJ0012,ANL017,2026-03-03,"2,5",Testes
APT004701,PRJ0063,ANL019,2026-05-15,6.5,APRESENTAÇÃO
APT003066,PRJ0039,ANL019,01/23/2025,3.5,Coleta
APT000122,PRJ0003,ANL003,2025-09-08,6,Dashboard
APT003844,PRJ0049,ANL018,2026-02-17,5,Testes
APT008280,PRJ0119,ANL024,19-fev-2024,5,Modelagem
APT002212,PRJ0027,ANL019,10/07/2024,5.5,ETL
APT006497,PRJ0089,ANL022,2024-06-18,4,Documentação
APT008511,PRJ0121,ANL009,17-abr-2026,6,Apresentação
APT007223,PRJ0103,ANL017,27-jan-2025,4,Testes
APT002169,PRJ0026,ANL009,08-set-2025,6,Apresentação
APT005145,PRJ0070,ANL022,07/03/2025,5.5,Documentação
APT004513,PRJ0060,ANL018,12/05/2025,6,Dashboard
APT001135,PRJ0013,ANL011,2024-10-17,2,Reunião com cliente
APT002381,PRJ0029,ANL019,2025-08-25,8.5,Documentação
APT008690,PRJ0122,ANL015,2025-11-10,3,Apresentação
APT003756,PRJ0047,ANL024,2024-08-12,6,Apresentação
APT006157,PRJ0083,ANL021,2025-10-27,6,Apresentação
APT000408,PRJ0006,ANL020,2025-04-28,3.5,Apresentação
APT003126,PRJ0039,ANL019,2025-01-28,3,REUNIÃO COM CLIENTE
APT007429,PRJ0106,ANL015,2026-04-08,7,ETL
APT001047,PRJ0012,ANL005,2026-05-18,6,ETL
APT001853,PRJ0024,ANL017,27/10/2025,7.5,Reunião com cliente
APT008233,PRJ0119,ANL024,2024-01-22,"5,5",Modelagem
APT000673,PRJ0008,ANL017,2026-04-22,6,Dashboard
APT004773,PRJ0064,ANL020,20-abr-2026,3,Dashboard
APT007942,PRJ0114,ANL023,2024-05-02,4,Coleta
APT008502,PRJ0121,ANL021,2026-05-19,7.5,Modelagem
APT002297,PRJ0029,ANL013,2025-11-10,8,Dashboard
APT001044,PRJ0012,ANL011,2026-02-16,5,Apresentação
APT009562,PRJ0137,ANL013,06/25/2025,6.5,Documentação
APT006738,PRJ0095,ANL020,2025-01-14,8,Coleta
APT003419,PRJ0042,ANL007,2025-04-07,5,Modelagem
APT007068,PRJ0101,ANL024,15/06/2026,6,Testes
APT000214,PRJ0005,ANL011,2024-12-17,8,Apresentação
APT001068,PRJ0012,ANL011,2026-02-20,7,Dashboard
APT006052,PRJ0082,ANL022,2025-06-27,4,Reunião com cliente
APT007133,PRJ0101,ANL024,04/27/2026,6,Testes
APT005722,PRJ0080,ANL015,2024-11-25,7.5,Modelagem
APT000218,PRJ0005,ANL005,2024-12-26,4,Dashboard
APT007891,PRJ0113,ANL010,2024-05-31,4,ETL
APT000682,PRJ0008,ANL011,2026-04-06,3,Coleta
APT005360,PRJ0075,ANL008,06/08/2025,2,Coleta
APT009116,PRJ0130,ANL013,2025-06-30,4.5,Modelagem
APT005191,PRJ0070,ANL010,2025-03-07,6,Testes
APT001297,PRJ0014,ANL014,2024-08-15,3,Apresentação
APT003908,PRJ0050,ANL002,2025-10-13,240.0,Dashboard
APT000849,PRJ0010,ANL001,2024-09-20,2,Testes
APT009127,PRJ0130,ANL007,30-jun-2025,6,Modelagem
APT003262,PRJ0041,ANL005,05/19/2025,6,Apresentação
APT006587,PRJ0093,ANL002,09/30/2024,6,Documentação
APT007328,PRJ0104,ANL024,06-jun-2024,4.5,Modelagem
APT001400,PRJ0016,ANL004,06/01/2026,4.5,Modelagem
APT006122,PRJ0083,ANL015,2025-09-08,5,ETL
APT003106,PRJ0039,ANL001,10/12/2024,8,Testes
APT001375,PRJ0016,ANL010,2026-05-14,"6,5",Apresentação
APT009074,PRJ0130,ANL013,2025-05-28,6.5,Reunião com cliente
APT005065,PRJ0069,ANL012,2024-10-09,8,Documentação
APT008784,PRJ0124,ANL010,10-out-2024,4.5,Documentação
APT004976,PRJ0066,ANL009,16-dez-2024,5,MODELAGEM
APT001572,PRJ0019,ANL016,2025-01-27,7,Modelagem
APT002084,PRJ0026,ANL021,21/01/2026,2.5,Testes
APT002974,PRJ0036,ANL013,11-jun-2026,2,Dashboard
APT003476,PRJ0042,ANL007,2025-04-09,7,COLETA
APT002994,PRJ0037,ANL016,09/04/2025,3,ETL
APT005550,PRJ0078,ANL023,17-set-2025,6,ETL
APT007146,PRJ0101,ANL018,09-jun-2026,4,Modelagem
APT005832,PRJ0081,ANL005,2026-05-26,7,Reunião com cliente
APT005224,PRJ0071,ANL011,2025-02-10,4,Documentação
APT004197,PRJ0055,ANL002,2024-08-06,3,Modelagem
APT004234,PRJ0055,ANL014,14-out-2024,5,Reunião com cliente
APT002354,PRJ0029,ANL007,2025-11-06,6.5,Apresentação
APT002569,PRJ0032,ANL018,04/06/2026,4,Documentação
APT003589,PRJ0045,ANL010,03/03/2025,2,Modelagem
APT005676,PRJ0079,ANL018,15-jul-2025,4.5,TESTES
APT008680,PRJ0122,ANL015,11/14/2025,4.5,Reunião com cliente
APT005996,PRJ0082,ANL022,2025-06-27,4.5,Testes
APT005702,PRJ0080,ANL015,2024-10-31,6,Documentação
APT009359,PRJ0134,ANL009,01/22/2026,6,Testes
APT006596,PRJ0093,ANL008,2024-09-09,3,Dashboard
APT000415,PRJ0007,ANL016,2025-01-28,4,Documentação
APT000896,PRJ0011,ANL014,08/08/2025,3,ETL
APT000105,PRJ0003,ANL021,07/11/2025,6,Dashboard
APT005604,PRJ0079,ANL024,2025-07-14,4.5,Coleta
APT008159,PRJ0118,ANL020,2026-02-02,6,Modelagem
APT000615,PRJ0008,ANL005,18-mai-2026,4,Apresentação
APT002539,PRJ0032,ANL012,15/06/2026,3,Testes
APT001153,PRJ0013,ANL011,16/12/2024,2,Testes
APT008450,PRJ0120,ANL013,2026-03-23,2,Documentação
APT007125,PRJ0101,ANL006,21-abr-2026,4,Reunião com cliente
APT001918,PRJ0025,ANL016,02/11/2025,4,ETL
APT000161,PRJ0004,ANL023,04/18/2024,3,ETL
APT006183,PRJ0083,ANL021,2025-10-14,3,Testes
APT003938,PRJ0050,ANL002,2025-10-17,6,Modelagem
APT005872,PRJ0081,ANL011,28-mai-2026,4,Reunião com cliente
APT004132,PRJ0053,ANL008,2026-02-23,6,ETL
APT001774,PRJ0023,ANL011,2026-01-14,2,ETL
APT005230,PRJ0071,ANL023,2025-02-19,3,Apresentação
APT000635,PRJ0008,ANL017,18/05/2026,6,Testes
APT008807,PRJ0124,ANL016,2024-10-21,5.5,ETL
APT003986,PRJ0051,ANL023,2024-12-10,4,Modelagem
APT007159,PRJ0102,ANL007,25/12/2024,2,Apresentação
APT007707,PRJ0109,ANL013,04/20/2026,3,Apresentação
APT006873,PRJ0098,ANL024,06-out-2025,8,Documentação
APT007803,PRJ0110,ANL020,21/01/2025,2.5,Documentação
APT000982,PRJ0012,ANL023,2026-03-09,7.5,Modelagem
APT005953,PRJ0081,ANL005,2026-06-01,6,Reunião com cliente
APT007541,PRJ0106,ANL021,2026-06-24,7.5,Apresentação
APT002226,PRJ0027,ANL007,10/08/2024,3,APRESENTAÇÃO
APT000183,PRJ0004,ANL011,2024-04-15,7.5,ETL
APT008140,PRJ0118,ANL020,23-out-2025,4.5,Reunião com cliente
APT002421,PRJ0031,ANL009,25-out-2024,6.5,Dashboard
APT000172,PRJ0004,ANL017,2024-04-01,7,Apresentação
APT000560,PRJ0007,ANL004,01/06/2025,4,Reunião com cliente
APT003883,PRJ0049,ANL018,02/02/2026,6,Modelagem
APT003965,PRJ0051,ANL005,2024-12-19,6,Documentação
APT005305,PRJ0073,ANL015,05-mar-2025,6,ETL
APT001386,PRJ0016,ANL004,05/28/2026,3,ETL
APT009414,PRJ0135,ANL008,15-mar-2024,4,Dashboard
APT005038,PRJ0069,ANL018,30/09/2024,5,Testes
APT007034,PRJ0101,ANL024,04-jun-2026,3,Testes
APT002317,PRJ0029,ANL019,05/26/2025,"6,5",Reunião com cliente
APT002633,PRJ0034,ANL024,2024-05-24,3,Modelagem
APT002450,PRJ0032,ANL012,03/16/2026,3,Dashboard
APT009645,PRJ0139,ANL017,22-nov-2024,5,Coleta
APT002717,PRJ0034,ANL006,2024-03-29,6,Modelagem
APT007285,PRJ0104,ANL006,29/04/2024,6,Reunião com cliente
APT008184,PRJ0119,ANL024,2024-02-06,7,Dashboard
APT007985,PRJ0115,ANL017,29/04/2024,4,Modelagem
APT001008,PRJ0012,ANL011,03/19/2026,4,Reunião com cliente
APT001644,PRJ0021,ANL002,07-out-2025,4,Documentação
APT006419,PRJ0089,ANL022,07/12/2024,6,Documentação
APT004812,PRJ0064,ANL020,2026-04-01,6.5,Apresentação
APT006254,PRJ0084,ANL011,2025-09-08,2,Dashboard
APT003848,PRJ0049,ANL018,23/02/2026,4.5,Coleta
APT005269,PRJ0072,ANL006,20/10/2025,5,ETL
APT004704,PRJ0063,ANL007,05/18/2026,3,Coleta
APT003698,PRJ0047,ANL012,2024-11-22,2.5,ETL
APT004477,PRJ0059,ANL002,2025-04-14,6,Coleta
APT006140,PRJ0083,ANL003,2025-11-13,6,Documentação
APT007992,PRJ0115,ANL011,27/05/2024,5,Reunião com cliente
APT005649,PRJ0079,ANL006,07/11/2025,3.5,Reunião com cliente
APT003662,PRJ0046,ANL016,2024-01-11,6.5,ETL
APT007655,PRJ0109,ANL001,2026-05-13,8,Reunião com cliente
APT008245,PRJ0119,ANL024,18-mar-2024,5,Coleta
APT005087,PRJ0069,ANL018,21/10/2024,6,Coleta
APT000471,PRJ0007,ANL004,2024-10-28,3,Dashboard
APT004380,PRJ0057,ANL006,23/04/2026,5.5,Testes
APT001062,PRJ0012,ANL011,02/04/2026,5,Reunião com cliente
APT005354,PRJ0075,ANL020,07-ago-2025,5,Modelagem
APT000269,PRJ0005,ANL011,2024-12-17,4.5,ETL
APT005129,PRJ0070,ANL016,15/07/2025,4,Modelagem
APT004387,PRJ0057,ANL018,06/04/2026,7,Dashboard
APT002639,PRJ0034,ANL006,06/21/2024,5,Modelagem
APT009567,PRJ0137,ANL007,07/07/2025,4,Apresentação
APT007025,PRJ0101,ANL012,2026-06-02,3,Coleta
APT008372,PRJ0120,ANL019,06/24/2026,7,Modelagem
APT000443,PRJ0007,ANL010,2024-12-10,4,Documentação
APT000136,PRJ0003,ANL009,2025-06-30,4,Testes
APT008597,PRJ0121,ANL015,2026-05-21,6,Apresentação
APT005815,PRJ0081,ANL005,25/05/2026,6,Coleta
APT008326,PRJ0120,ANL019,2026-05-01,3,ETL
APT003713,PRJ0047,ANL024,2024-10-14,8,Documentação
APT004900,PRJ0065,ANL022,03/10/2026,7.5,ETL
APT002292,PRJ0029,ANL019,2025-09-11,4,Coleta
APT007620,PRJ0108,ANL002,2024-06-25,4,Coleta
APT000185,PRJ0004,ANL011,2024-04-05,4,Apresentação
APT000566,PRJ0007,ANL016,12-dez-2024,3.5,Reunião com cliente
APT005289,PRJ0073,ANL009,2025-03-07,4,Testes
APT008576,PRJ0121,ANL009,2026-05-18,6,APRESENTAÇÃO
APT006501,PRJ0090,ANL011,28/10/2024,5,DOCUMENTAÇÃO
APT002416,PRJ0030,ANL009,2024-10-03,7,Dashboard
APT007796,PRJ0110,ANL002,04/02/2025,7,Documentação
APT005706,PRJ0080,ANL021,2024-11-25,4.5,Dashboard
APT009024,PRJ0129,ANL013,2025-12-05,7,Dashboard
APT003341,PRJ0042,ANL001,2025-06-11,6,Coleta
APT006603,PRJ0093,ANL020,2024-09-04,4,ETL
APT007654,PRJ0109,ANL007,2026-03-25,7,Apresentação
APT004333,PRJ0056,ANL009,04/14/2025,6,Coleta
APT002990,PRJ0037,ANL016,2025-04-15,8,ETL
APT007743,PRJ0109,ANL007,2026-04-02,5,Dashboard
APT005970,PRJ0081,ANL011,22-jun-2026,7,Coleta
APT003903,PRJ0050,ANL002,2025-10-27,2,Reunião com cliente
APT006558,PRJ0092,ANL001,19-ago-2024,7.5,Reunião com cliente
APT000352,PRJ0006,ANL014,2025-06-30,3,Documentação
APT004934,PRJ0066,ANL021,28-out-2024,4.5,Apresentação
APT009264,PRJ0133,ANL024,2026-05-04,5,Testes
APT003465,PRJ0042,ANL007,03/26/2025,7,Reunião com cliente
APT001329,PRJ0015,ANL010,05-set-2025,7,Coleta
APT006447,PRJ0089,ANL022,09/05/2024,7,Documentação
APT006699,PRJ0094,ANL022,09/03/2025,6,Reunião com cliente
APT009066,PRJ0130,ANL007,2025-06-23,5,Coleta
APT001820,PRJ0024,ANL017,10/13/2025,2,Testes
APT004486,PRJ0059,ANL008,05-mai-2025,2,Modelagem
APT008791,PRJ0124,ANL022,28-out-2024,4,Coleta
APT009186,PRJ0131,ANL021,2024-02-12,7,Apresentação
APT001781,PRJ0023,ANL011,2026-03-12,7,Dashboard
APT005738,PRJ0081,ANL017,20/05/2026,3.5,ETL
APT006383,PRJ0088,ANL019,19-ago-2025,4.5,Reunião com cliente
APT009664,PRJ0139,ANL011,2024-11-18,6.5,Reunião com cliente
APT008161,PRJ0118,ANL002,02-fev-2026,8,Testes
APT007738,PRJ0109,ANL013,2026-03-23,6.5,Coleta
APT004582,PRJ0062,ANL017,2024-11-07,2,Reunião com cliente
APT002481,PRJ0032,ANL006,2026-03-18,2,Reunião com cliente
APT003959,PRJ0051,ANL017,2024-12-23,6,Modelagem
APT003857,PRJ0049,ANL006,02/23/2026,6,Coleta
APT000907,PRJ0012,ANL017,2026-05-01,"4,5",Documentação
APT001923,PRJ0025,ANL010,20/02/2025,5.5,ETL
APT006356,PRJ0086,ANL003,05/13/2026,3,Documentação
APT002299,PRJ0029,ANL001,2025-09-02,2,Apresentação
APT004200,PRJ0055,ANL014,07/22/2024,4,Reunião com cliente
APT002586,PRJ0032,ANL024,2026-05-11,2.5,Apresentação
APT006955,PRJ0099,ANL021,2025-06-18,"3,5",ETL
APT000703,PRJ0008,ANL017,2026-04-02,"2,5",Reunião com cliente
APT004598,PRJ0062,ANL017,18-fev-2025,2.5,ETL
APT007962,PRJ0114,ANL017,2024-04-29,6,Testes
APT009769,PRJ0140,ANL012,2025-10-20,"3,5",Apresentação
APT005924,PRJ0081,ANL023,2026-05-25,6,Testes
APT000541,PRJ0007,ANL016,2025-01-22,4,Testes
APT003559,PRJ0044,ANL005,2025-06-09,"5,5",Modelagem
APT003731,PRJ0047,ANL006,09/09/2024,6,Dashboard
APT008215,PRJ0119,ANL006,2024-04-19,"6,5",Coleta
APT007049,PRJ0101,ANL012,05/14/2026,7,Testes
APT004338,PRJ0056,ANL015,31/03/2025,8.5,Documentação
APT007174,PRJ0102,ANL001,20-jan-2025,6,Dashboard
APT005880,PRJ0081,ANL017,06/22/2026,4,Reunião com cliente
APT000744,PRJ0010,ANL013,2024-08-12,4,ETL
APT001108,PRJ0012,ANL011,2026-06-12,4,Modelagem
APT008729,PRJ0122,ANL003,09/12/2025,2.5,Reunião com cliente
APT001233,PRJ0014,ANL008,2024-09-16,4.5,Coleta
APT007900,PRJ0113,ANL016,2024-06-14,6,Coleta
APT003751,PRJ0047,ANL006,05-set-2024,2,MODELAGEM
APT007261,PRJ0103,ANL023,2025-01-22,4,Documentação
APT009752,PRJ0140,ANL012,2025-11-28,3,Modelagem
APT008820,PRJ0125,ANL009,04/07/2025,7,Apresentação
APT007280,PRJ0104,ANL018,05/02/2024,6,ETL
APT007486,PRJ0106,ANL009,2026-04-17,7.5,Modelagem
APT007215,PRJ0103,ANL005,24/02/2025,5.5,Coleta
APT006622,PRJ0093,ANL002,10/09/2024,6.5,Apresentação
APT007365,PRJ0106,ANL009,2026-05-19,2,Modelagem
APT000927,PRJ0012,ANL023,2026-03-30,6,Coleta
APT001445,PRJ0017,ANL004,2025-02-07,6,ETL
APT008759,PRJ0123,ANL020,2025-07-21,4,Documentação
APT003033,PRJ0037,ANL016,2025-05-07,4,Modelagem
APT007110,PRJ0101,ANL012,04/05/2026,7.5,Coleta
APT006691,PRJ0094,ANL022,04-set-2025,6,Coleta
APT002528,PRJ0032,ANL012,2026-05-15,8,ETL
APT002523,PRJ0032,ANL012,2026-02-27,4,Coleta
APT007598,PRJ0106,ANL009,2026-05-25,5.5,Dashboard
APT006466,PRJ0089,ANL004,13/09/2024,6,Documentação
APT008867,PRJ0126,ANL023,02/03/2026,5.5,Reunião com cliente
APT000943,PRJ0012,ANL005,26/05/2026,7,Modelagem
APT005749,PRJ0081,ANL011,2026-06-01,3,Coleta
APT002892,PRJ0036,ANL007,2026-06-15,6,Dashboard
APT004741,PRJ0063,ANL019,2026-06-09,"4,5",Testes
APT003418,PRJ0042,ANL001,2025-06-02,4.5,Reunião com cliente
APT003228,PRJ0041,ANL005,2025-06-12,3,Apresentação
APT000500,PRJ0007,ANL010,2025-01-27,6,Coleta
APT006618,PRJ0093,ANL020,2024-09-26,8.5,ETL
APT004189,PRJ0055,ANL002,2024-09-02,"6,5",Testes
APT008461,PRJ0120,ANL007,06/05/2026,"6,5",Coleta
APT006176,PRJ0083,ANL015,2025-11-04,7,DASHBOARD
APT000411,PRJ0006,ANL002,07/03/2025,8,Reunião com cliente
APT008566,PRJ0121,ANL009,06/04/2026,5,Coleta
APT001868,PRJ0024,ANL005,23-set-2025,6,ETL
APT002181,PRJ0026,ANL003,2025-08-19,4,Modelagem
APT005897,PRJ0081,ANL005,2026-05-06,2,ETL
APT003815,PRJ0048,ANL023,12/09/2024,2,ETL
APT008037,PRJ0115,ANL017,2024-04-04,3,Dashboard
APT008904,PRJ0127,ANL018,10/03/2025,8,Documentação
APT007864,PRJ0113,ANL010,2024-05-06,4,Documentação
APT003861,PRJ0049,ANL012,2026-01-19,2,Dashboard
APT008048,PRJ0115,ANL005,02/04/2024,2.5,Dashboard
APT000609,PRJ0008,ANL023,03/30/2026,5,Dashboard
APT005450,PRJ0077,ANL020,2024-11-15,4,Coleta
APT004088,PRJ0052,ANL004,04/14/2026,5,Coleta
APT002328,PRJ0029,ANL007,2025-09-12,2,Documentação
APT002958,PRJ0036,ANL013,2026-06-09,6,Reunião com cliente
APT005712,PRJ0080,ANL021,11/13/2024,2.5,Coleta
APT006208,PRJ0083,ANL009,17-nov-2025,2,Testes
APT001680,PRJ0022,ANL015,02/13/2026,3,ETL
APT008824,PRJ0126,ANL011,2026-03-11,2,Coleta
APT007106,PRJ0101,ANL006,2026-06-10,4.5,Testes
APT009131,PRJ0130,ANL001,2025-04-16,3,Dashboard
APT003448,PRJ0042,ANL019,2025-04-28,4.5,ETL
APT007331,PRJ0104,ANL006,2024-04-29,5,Dashboard
APT002012,PRJ0026,ANL003,2025-08-27,5,Modelagem
APT008401,PRJ0120,ANL001,2026-03-26,8,COLETA
APT005661,PRJ0079,ANL006,21/05/2025,4,Apresentação
APT002452,PRJ0032,ANL012,2026-06-04,2,Dashboard
APT008673,PRJ0122,ANL003,11/12/2025,6.5,Testes
APT008553,PRJ0121,ANL003,01-jun-2026,7.5,Modelagem
APT006530,PRJ0091,ANL021,08-dez-2025,7,ETL
APT009040,PRJ0129,ANL007,2025-12-15,7,Modelagem
APT003445,PRJ0042,ANL019,2025-05-01,4,Dashboard
APT008395,PRJ0120,ANL013,2026-05-01,"4,5",Apresentação
APT009076,PRJ0130,ANL019,2025-05-12,6,COLETA
APT007039,PRJ0101,ANL006,2026-04-29,4,Modelagem
APT007310,PRJ0104,ANL006,2024-05-01,6,Testes
APT008635,PRJ0122,ANL009,2025-12-01,"7,5",ETL
APT003210,PRJ0041,ANL011,2025-07-14,3.5,Coleta
APT003207,PRJ0041,ANL023,2025-06-25,5,Modelagem
APT008282,PRJ0119,ANL018,2024-02-02,5,Reunião com cliente
APT004027,PRJ0052,ANL016,2026-02-27,6,Dashboard
APT003328,PRJ0042,ANL001,2025-07-02,3,Testes
APT003668,PRJ0046,ANL010,02/15/2024,5,Coleta
APT004008,PRJ0051,ANL011,2024-11-18,4,Reunião com cliente
APT007838,PRJ0112,ANL021,18/08/2025,4,Reunião com cliente
APT006376,PRJ0087,ANL012,14-nov-2025,5,TESTES
APT009706,PRJ0140,ANL006,2025-12-29,8,Testes
APT007534,PRJ0106,ANL009,2026-06-18,6.5,Reunião com cliente
APT001855,PRJ0024,ANL023,11/21/2025,6,Documentação
APT004471,PRJ0059,ANL008,18/04/2025,6,Apresentação
APT007022,PRJ0101,ANL024,2026-06-17,4,Reunião com cliente
APT008654,PRJ0122,ANL009,2025-09-09,4.5,Reunião com cliente
APT008612,PRJ0122,ANL003,2025-10-31,6,Apresentação
APT005180,PRJ0070,ANL016,03/05/2025,2,Modelagem
APT004180,PRJ0055,ANL008,2024-10-07,8.5,Coleta
APT002368,PRJ0029,ANL019,2025-07-04,2,Modelagem
APT000803,PRJ0010,ANL019,11/10/2024,8,Testes
APT000998,PRJ0012,ANL023,2026-05-06,5,Testes
APT001152,PRJ0013,ANL017,2024-12-02,5,Reunião com cliente
APT007886,PRJ0113,ANL010,2024-05-06,4,Dashboard
APT000974,PRJ0012,ANL011,2026-02-26,7,Testes
APT008230,PRJ0119,ANL018,12/02/2024,7.5,Reunião com cliente
APT002494,PRJ0032,ANL006,2026-06-10,8,Coleta
APT009101,PRJ0130,ANL007,2025-06-04,3.5,MODELAGEM
APT003301,PRJ0042,ANL013,2025-04-29,8,DOCUMENTAÇÃO
APT000040,PRJ0001,ANL022,24/04/2024,8.5,Documentação
APT007021,PRJ0101,ANL024,05/06/2026,3,Reunião com cliente
APT007183,PRJ0103,ANL023,2025-03-31,"7,5",Testes
APT008050,PRJ0115,ANL017,05/22/2024,2,ETL
APT004150,PRJ0053,ANL020,20-fev-2026,4,Documentação
APT002384,PRJ0029,ANL001,2025-11-10,6,Modelagem
APT002906,PRJ0036,ANL019,2026-03-09,7,Testes
APT006913,PRJ0098,ANL018,2025-09-01,4,Testes
APT009299,PRJ0133,ANL006,2026-04-20,4.5,Reunião com cliente
APT002469,PRJ0032,ANL012,04/06/2026,8,ETL
APT004694,PRJ0063,ANL007,2026-06-22,6,Modelagem
APT001607,PRJ0020,ANL004,2024-03-05,7,Dashboard
APT003808,PRJ0048,ANL005,12/13/2024,6,Testes
APT007267,PRJ0103,ANL005,2025-03-12,2,Documentação
APT006060,PRJ0082,ANL016,08/04/2025,8,Testes
APT005165,PRJ0070,ANL010,31-mar-2025,8,Dashboard
APT004608,PRJ0062,ANL011,2025-01-03,8,ETL
APT000050,PRJ0001,ANL022,2024-04-22,2,Modelagem
APT009619,PRJ0139,ANL017,2024-10-07,6,Testes
APT003909,PRJ0050,ANL002,2025-10-13,3.5,Testes
APT005013,PRJ0067,ANL007,2024-05-31,6.5,Dashboard
APT006443,PRJ0089,ANL022,2024-08-07,5,Apresentação
APT006907,PRJ0098,ANL006,10/10/2025,4,Documentação
APT002681,PRJ0034,ANL012,06/17/2024,4,Apresentação
APT002264,PRJ0029,ANL013,2025-10-01,6.5,Documentação
APT001246,PRJ0014,ANL008,08/14/2024,2,Apresentação
APT004239,PRJ0055,ANL008,2024-10-03,6,Documentação
APT000313,PRJ0006,ANL014,04/03/2025,4,ETL
APT006073,PRJ0083,ANL021,2025-06-30,6,Reunião com cliente
APT007545,PRJ0106,ANL003,15-jun-2026,3,Apresentação
APT005670,PRJ0079,ANL006,06/20/2025,5,Apresentação
APT002840,PRJ0036,ANL013,12/03/2026,8.5,Testes
APT002460,PRJ0032,ANL018,2026-04-08,6,Reunião com cliente
APT002113,PRJ0026,ANL009,20-jan-2026,4,Reunião com cliente
APT003646,PRJ0046,ANL016,12-fev-2024,8,Testes
APT001829,PRJ0024,ANL011,2025-09-01,6.5,Modelagem
APT008279,PRJ0119,ANL006,01/04/2024,4,Documentação
APT000296,PRJ0005,ANL005,2025-01-01,6,Apresentação
APT003361,PRJ0042,ANL001,2025-08-14,8,Documentação
APT004717,PRJ0063,ANL001,29-mai-2026,5,Reunião com cliente
APT006858,PRJ0098,ANL006,25/08/2025,3,ETL
APT004271,PRJ0056,ANL015,2025-04-08,7,Modelagem
APT002349,PRJ0029,ANL007,2025-06-25,8,Dashboard
APT000070,PRJ0003,ANL021,08/13/2025,4.5,Coleta
APT003513,PRJ0042,ANL007,31-mar-2025,8,Dashboard
APT005314,PRJ0073,ANL003,2025-02-05,6,Reunião com cliente
APT006333,PRJ0086,ANL021,07/05/2026,5.5,Reunião com cliente
APT007932,PRJ0114,ANL017,2024-04-30,6.5,Coleta
APT005369,PRJ0075,ANL008,08/29/2025,7,Dashboard
APT004702,PRJ0063,ANL019,11/05/2026,6,Dashboard
APT006030,PRJ0082,ANL010,2025-06-09,2,ETL
APT009327,PRJ0134,ANL015,2026-01-29,6,Reunião com cliente
APT008047,PRJ0115,ANL011,2024-04-22,3,Reunião com cliente
APT006098,PRJ0083,ANL021,2025-06-30,7,Apresentação
APT006014,PRJ0082,ANL010,2025-04-28,3,Dashboard
APT007708,PRJ0109,ANL001,2026-03-13,6,Reunião com cliente
APT003392,PRJ0042,ANL007,2025-05-14,5,Testes
APT000420,PRJ0007,ANL022,11/27/2024,2,Apresentação
APT007714,PRJ0109,ANL019,03/04/2026,4,Dashboard
APT008212,PRJ0119,ANL012,2024-01-10,6,Documentação
APT006598,PRJ0093,ANL014,2024-09-05,6,Coleta
APT009059,PRJ0130,ANL001,2025-06-17,4,Dashboard
APT006195,PRJ0083,ANL009,05/07/2025,7.5,Modelagem
APT002734,PRJ0034,ANL006,2024-02-01,4,ETL
APT002314,PRJ0029,ANL013,2025-07-07,6,Testes
APT003433,PRJ0042,ANL013,2025-06-04,2,Modelagem
APT009779,PRJ0140,ANL006,10/07/2025,6,Documentação
APT002924,PRJ0036,ANL007,20/03/2026,7.5,Modelagem
APT003169,PRJ0039,ANL013,04/11/2024,8,Documentação
APT004453,PRJ0059,ANL008,2025-02-06,4,Documentação
APT007972,PRJ0115,ANL011,03-mai-2024,4,ETL
APT008376,PRJ0120,ANL019,2026-04-17,3.5,DOCUMENTAÇÃO
APT004982,PRJ0067,ANL013,13/06/2024,8,Dashboard
APT008894,PRJ0126,ANL005,2026-04-15,4.5,Reunião com cliente
APT006793,PRJ0096,ANL015,2026-04-13,4,Reunião com cliente
APT008856,PRJ0126,ANL005,2026-05-27,4,Coleta
APT001437,PRJ0017,ANL016,2025-02-24,6,ETL
APT005039,PRJ0069,ANL018,08-nov-2024,6,Documentação
APT009242,PRJ0133,ANL012,2026-05-25,3,Documentação
APT005579,PRJ0079,ANL006,07/18/2025,6,Apresentação
APT006941,PRJ0099,ANL015,2025-06-30,3,Apresentação
APT004700,PRJ0063,ANL013,2026-06-08,4,Documentação
APT006883,PRJ0098,ANL018,2025-09-15,6,ETL
APT009629,PRJ0139,ANL005,2024-12-02,8,ETL
APT008204,PRJ0119,ANL006,05/13/2024,4,Testes
APT008143,PRJ0118,ANL002,2025-12-16,"6,5",Documentação
APT008931,PRJ0127,ANL012,16-set-2025,5,Apresentação
APT003595,PRJ0045,ANL016,2025-03-10,8,ETL
APT000175,PRJ0004,ANL017,04/25/2024,3,ETL
APT000002,PRJ0001,ANL022,2024-04-29,5,Coleta
APT003211,PRJ0041,ANL005,05/05/2025,6,Testes
APT004755,PRJ0064,ANL002,2026-04-20,3.5,Apresentação
APT008287,PRJ0119,ANL006,01-mai-2024,2,Modelagem
APT007250,PRJ0103,ANL023,03/03/2025,6,ETL
APT002999,PRJ0037,ANL022,2025-04-11,7,Apresentação
APT005519,PRJ0078,ANL005,2025-06-18,6.5,Reunião com cliente
APT005015,PRJ0068,ANL011,2025-03-10,8,Reunião com cliente
APT004533,PRJ0061,ANL012,2025-04-29,5,Testes
APT002635,PRJ0034,ANL018,2024-04-26,7,Documentação
APT009592,PRJ0138,ANL017,2026-05-26,8.5,Apresentação
APT007186,PRJ0103,ANL011,2025-01-31,8,Testes
APT002806,PRJ0035,ANL004,17-mar-2025,6,Documentação
APT002081,PRJ0026,ANL009,2025-09-04,7.5,Apresentação
APT000024,PRJ0001,ANL010,2024-04-22,7,Documentação
APT000186,PRJ0004,ANL005,2024-04-24,7,Reunião com cliente
APT008020,PRJ0115,ANL011,15/07/2024,3.5,Documentação
APT000018,PRJ0001,ANL004,2024-04-11,2.5,Dashboard
APT007837,PRJ0112,ANL015,2025-07-21,6,Dashboard
APT006221,PRJ0084,ANL005,28/08/2025,2,ETL
APT008072,PRJ0116,ANL019,2025-06-02,8,Coleta
APT001416,PRJ0017,ANL010,2025-01-13,3,Coleta
APT003195,PRJ0040,ANL012,2025-08-07,6,ETL
APT001079,PRJ0012,ANL005,2026-04-24,7.5,Apresentação
APT002916,PRJ0036,ANL013,2026-03-30,6,Modelagem
APT002015,PRJ0026,ANL021,25-ago-2025,6,Testes
APT007588,PRJ0106,ANL009,05/11/2026,2.5,Dashboard
APT001582,PRJ0019,ANL004,01/10/2025,7,Apresentação
APT007578,PRJ0106,ANL015,2026-06-05,5,ETL
APT007350,PRJ0105,ANL020,12/11/2025,5.5,Testes
APT006096,PRJ0083,ANL015,18-nov-2025,4,Modelagem
APT008381,PRJ0120,ANL019,2026-04-03,4.5,Coleta
APT007237,PRJ0103,ANL011,07-mar-2025,4,Apresentação
APT003510,PRJ0042,ANL019,2025-04-14,5,Dashboard
APT002670,PRJ0034,ANL012,2024-05-02,6.5,Documentação
APT007142,PRJ0101,ANL024,2026-06-22,4,Testes
APT008314,PRJ0120,ANL019,01/06/2026,7,ETL
APT007103,PRJ0101,ANL006,27/04/2026,4,Reunião com cliente
APT008705,PRJ0122,ANL009,2025-10-16,7,Apresentação
APT005185,PRJ0070,ANL022,22/07/2025,2,Coleta
APT006949,PRJ0099,ANL015,05/06/2025,4,Modelagem
APT000845,PRJ0010,ANL001,20/08/2024,6,Modelagem
APT007934,PRJ0114,ANL005,2024-04-30,4,ETL
APT005750,PRJ0081,ANL005,2026-06-01,7,Apresentação
APT004528,PRJ0061,ANL006,15-mai-2025,5,Modelagem
APT001506,PRJ0018,ANL011,2025-09-26,4,Reunião com cliente
APT007888,PRJ0113,ANL016,06-jun-2024,7,Dashboard
APT002814,PRJ0035,ANL004,02/25/2025,2,ETL
APT006426,PRJ0089,ANL022,08/12/2024,2,ETL
APT006495,PRJ0089,ANL010,29-ago-2024,4,Dashboard
APT001509,PRJ0018,ANL005,2025-10-20,6,Reunião com cliente
APT005227,PRJ0071,ANL017,17/02/2025,2,ETL
APT006878,PRJ0098,ANL018,2025-09-18,5.5,Testes
APT001316,PRJ0015,ANL016,09/10/2025,8,ETL
APT006382,PRJ0088,ANL001,13/10/2025,8,Testes
APT004497,PRJ0060,ANL012,2025-05-01,4,Documentação
APT000990,PRJ0012,ANL005,2026-02-16,8,Apresentação
APT004487,PRJ0059,ANL014,03/11/2025,3,Modelagem
APT002356,PRJ0029,ANL007,2025-10-13,4.5,Modelagem
APT003685,PRJ0047,ANL012,2024-10-28,8,Modelagem
APT001314,PRJ0015,ANL016,25/09/2025,3,Coleta
APT003866,PRJ0049,ANL024,2026-02-02,4,Testes
APT006912,PRJ0098,ANL024,2025-10-06,2,Modelagem
APT009297,PRJ0133,ANL006,2026-05-18,7.5,Documentação
APT008034,PRJ0115,ANL005,02/05/2024,4.5,Modelagem
APT000325,PRJ0006,ANL002,2025-04-04,5,ETL
APT005523,PRJ0078,ANL017,10/01/2025,6.5,Coleta
APT007867,PRJ0113,ANL004,20-mai-2024,"4,5",Reunião com cliente
APT001424,PRJ0017,ANL010,2025-01-10,4,Modelagem
APT005582,PRJ0079,ANL018,2025-06-11,6,ETL
APT001326,PRJ0015,ANL010,2025-09-26,6,DASHBOARD
APT002186,PRJ0026,ANL015,2025-07-21,7,Testes
APT008880,PRJ0126,ANL011,2026-02-02,2,Documentação
APT004384,PRJ0057,ANL018,2026-02-16,6,Apresentação
APT008123,PRJ0118,ANL008,2025-11-17,6,Modelagem
APT002225,PRJ0027,ANL013,07-out-2024,3,Modelagem
APT008111,PRJ0118,ANL014,26/01/2026,2,Testes
APT001698,PRJ0022,ANL021,2026-03-10,4,Testes
APT000575,PRJ0008,ANL011,2026-04-06,2,Reunião com cliente
APT001615,PRJ0020,ANL004,11/03/2024,6,ETL
APT002911,PRJ0036,ANL007,27-mar-2026,"4,5",ETL
APT002312,PRJ0029,ANL019,2025-10-15,2,Dashboard
APT004823,PRJ0064,ANL002,03/09/2026,4,ETL
APT007685,PRJ0109,ANL013,08-mai-2026,4,ETL
APT007870,PRJ0113,ANL022,2024-05-13,7,Reunião com cliente
APT001227,PRJ0014,ANL008,2024-09-30,6,Dashboard
APT002662,PRJ0034,ANL012,2024-03-15,4.5,Modelagem
APT006448,PRJ0089,ANL022,2024-08-05,8,Testes
APT007903,PRJ0113,ANL004,05/08/2024,8,Coleta
APT009378,PRJ0135,ANL014,26/02/2024,2,Coleta
APT008399,PRJ0120,ANL001,18-jun-2026,6,Modelagem
APT002031,PRJ0026,ANL021,2025-10-30,5,Documentação
APT007207,PRJ0103,ANL023,2025-05-01,"4,5",Apresentação
APT004790,PRJ0064,ANL002,2026-04-02,8,Dashboard
APT009694,PRJ0140,ANL018,13-out-2025,5,Dashboard
APT005101,PRJ0070,ANL004,08/07/2025,7,DASHBOARD
APT002443,PRJ0032,ANL006,05/14/2026,4,Reunião com cliente
APT004898,PRJ0065,ANL004,19/03/2026,4,Dashboard
APT003352,PRJ0042,ANL007,21-jul-2025,7,Coleta
APT001272,PRJ0014,ANL008,04/11/2024,2,Documentação
APT003568,PRJ0044,ANL017,03/06/2025,2,Testes
APT004068,PRJ0052,ANL010,2026-04-20,6,ETL
APT009432,PRJ0136,ANL001,2026-02-02,6,Testes
APT003992,PRJ0051,ANL005,2024-12-11,4,Reunião com cliente
APT003004,PRJ0037,ANL010,2025-04-01,4,Coleta
APT004122,PRJ0053,ANL008,02-mar-2026,6,Coleta
APT006627,PRJ0093,ANL002,30/09/2024,6,Documentação
APT003522,PRJ0042,ANL007,2025-06-10,6,Dashboard
APT009739,PRJ0140,ANL018,2025-10-13,3,Reunião com cliente
APT007392,PRJ0106,ANL003,05/04/2026,5,Coleta
APT001704,PRJ0022,ANL015,2026-02-18,2,Dashboard
APT004583,PRJ0062,ANL023,19/11/2024,4,Testes
APT002874,PRJ0036,ANL007,2026-06-01,7,Testes
APT000484,PRJ0007,ANL010,2024-11-21,4,Apresentação
APT000783,PRJ0010,ANL019,31-jul-2024,6,Dashboard
APT005109,PRJ0070,ANL010,09-jun-2025,7,Dashboard
APT000698,PRJ0008,ANL023,02/04/2026,7,ETL
APT005436,PRJ0077,ANL014,2024-10-16,3,Documentação
APT008517,PRJ0121,ANL021,13/05/2026,8,Coleta
APT000523,PRJ0007,ANL016,07/10/2024,"8,5",Coleta
APT000828,PRJ0010,ANL001,2024-07-08,6.5,Documentação
APT002921,PRJ0036,ANL013,2026-06-15,3.5,Reunião com cliente
APT001088,PRJ0012,ANL023,2026-03-02,5,Coleta
APT004015,PRJ0051,ANL017,2024-12-23,7,Reunião com cliente
APT005943,PRJ0081,ANL011,04/10/2026,6,Apresentação
APT009151,PRJ0131,ANL003,2024-02-16,6,COLETA
APT004984,PRJ0067,ANL019,07/08/2024,4,Testes
APT003133,PRJ0039,ANL019,2024-12-09,"3,5",Modelagem
APT008391,PRJ0120,ANL019,02/06/2026,6,Dashboard
APT003234,PRJ0041,ANL005,05/19/2025,3,Apresentação
APT005644,PRJ0079,ANL018,2025-05-26,6,Documentação
APT001975,PRJ0025,ANL010,2025-01-16,4,ETL
APT003714,PRJ0047,ANL024,2024-11-25,4,Documentação
APT004600,PRJ0062,ANL011,2025-01-13,4,Coleta
APT001119,PRJ0013,ANL017,28-out-2024,4,Modelagem
APT006620,PRJ0093,ANL020,19/09/2024,2,Dashboard
APT005258,PRJ0072,ANL024,2025-10-23,3,Modelagem
APT004916,PRJ0066,ANL009,2024-12-23,5,Coleta
APT005494,PRJ0078,ANL023,09-set-2025,6.5,ETL
APT003214,PRJ0041,ANL005,2025-04-02,2,Testes
APT001861,PRJ0024,ANL023,26-ago-2025,"3,5",Modelagem
APT002496,PRJ0032,ANL018,2026-06-08,3,Testes
APT006173,PRJ0083,ANL003,11-jul-2025,5,ETL
APT008044,PRJ0115,ANL011,2024-04-24,3.5,Apresentação
APT006737,PRJ0095,ANL008,2025-04-24,2,Dashboard
APT007351,PRJ0105,ANL008,2025-11-17,7,TESTES
APT009303,PRJ0133,ANL024,06/10/2026,5.5,Modelagem
APT002351,PRJ0029,ANL019,25-ago-2025,5,MODELAGEM
APT001145,PRJ0013,ANL017,2024-12-30,8.5,Apresentação
APT006528,PRJ0091,ANL015,2025-12-23,4,ETL
APT007279,PRJ0104,ANL006,07-mai-2024,4,Documentação
APT008893,PRJ0126,ANL017,2026-03-11,6,Coleta
APT006950,PRJ0099,ANL009,16-jun-2025,7.5,Documentação
APT008545,PRJ0121,ANL009,26/05/2026,6,Apresentação
APT003376,PRJ0042,ANL019,2025-04-07,6,DASHBOARD
APT005200,PRJ0070,ANL016,09-jun-2025,4.5,Dashboard
APT004932,PRJ0066,ANL003,2024-11-13,7.5,Testes
APT000881,PRJ0011,ANL014,01-set-2025,4,Reunião com cliente
APT009755,PRJ0140,ANL012,2025-09-22,2,Documentação
APT002697,PRJ0034,ANL006,2024-04-02,3,Documentação
APT009294,PRJ0133,ANL006,24/04/2026,4,ETL
APT004432,PRJ0059,ANL014,2025-02-25,3,Reunião com cliente
APT008847,PRJ0126,ANL017,20-abr-2026,6.5,Dashboard
APT000497,PRJ0007,ANL016,09/20/2024,4,ETL
APT001158,PRJ0013,ANL023,2024-12-18,7.5,Modelagem
APT006842,PRJ0097,ANL018,2024-06-06,7,Reunião com cliente
APT009335,PRJ0134,ANL015,2026-01-12,4,Documentação
APT004075,PRJ0052,ANL016,2026-03-26,4,Modelagem
APT000870,PRJ0011,ANL008,2025-08-18,6,Documentação
APT007164,PRJ0102,ANL019,2025-01-24,8,Documentação
APT007806,PRJ0111,ANL005,2026-04-24,3,Documentação
APT006121,PRJ0083,ANL015,2025-08-18,6,Coleta
APT004625,PRJ0063,ANL001,01/06/2026,8,Reunião com cliente
APT009222,PRJ0132,ANL010,2024-11-13,2,ETL
APT002913,PRJ0036,ANL019,2026-04-15,6,ETL
APT005527,PRJ0078,ANL023,2025-08-18,3,Reunião com cliente
APT003539,PRJ0043,ANL011,2025-12-01,2,Documentação
APT003653,PRJ0046,ANL004,29-fev-2024,4.5,Testes
APT001560,PRJ0019,ANL022,29-jan-2025,2,Modelagem
APT006127,PRJ0083,ANL015,2025-05-19,"3,5",Apresentação
APT006669,PRJ0093,ANL008,15/10/2024,4,Documentação
APT007258,PRJ0103,ANL017,24-fev-2025,7.5,Testes
APT000645,PRJ0008,ANL005,2026-05-04,2.5,Coleta
APT002760,PRJ0034,ANL018,2024-04-22,7,Apresentação
APT004466,PRJ0059,ANL002,03/21/2025,5.5,Documentação
APT001584,PRJ0019,ANL016,2024-12-25,7,Documentação
APT001537,PRJ0019,ANL010,2025-01-13,3,Modelagem
APT004285,PRJ0056,ANL009,2025-02-18,7,Dashboard
APT002291,PRJ0029,ANL013,2025-08-18,3,Modelagem
APT005192,PRJ0070,ANL016,13/03/2025,6.5,Testes
APT000815,PRJ0010,ANL007,2024-09-30,4,Reunião com cliente
APT003741,PRJ0047,ANL012,2024-10-29,6.5,Apresentação
APT000991,PRJ0012,ANL017,2026-05-28,"8,5",Coleta
APT005423,PRJ0077,ANL014,11/12/2024,7,Apresentação
APT006313,PRJ0086,ANL021,14-abr-2026,3,Modelagem
APT003069,PRJ0039,ANL007,2025-02-21,4,Reunião com cliente
APT003752,PRJ0047,ANL018,12/09/2024,4,Modelagem
APT000343,PRJ0006,ANL014,04/14/2025,7,Modelagem
APT000291,PRJ0005,ANL017,2025-03-10,6,Reunião com cliente
APT002394,PRJ0029,ANL001,09/12/2025,4,Modelagem
APT004943,PRJ0066,ANL009,2024-12-02,4,ETL
APT008605,PRJ0121,ANL015,2026-03-27,4,Documentação
APT009361,PRJ0134,ANL021,2026-01-07,4,Apresentação
APT008881,PRJ0126,ANL017,21/04/2026,"5,5",Documentação
APT006974,PRJ0099,ANL009,2025-06-09,2,Modelagem
APT008524,PRJ0121,ANL021,19/05/2026,8,ETL
APT006431,PRJ0089,ANL022,27/06/2024,6,Coleta
APT006517,PRJ0090,ANL023,11/04/2024,7,Coleta
APT008467,PRJ0120,ANL013,2026-03-31,5,Documentação
APT008081,PRJ0117,ANL015,2025-07-22,3.5,ETL
APT002178,PRJ0026,ANL003,2025-10-13,6,Testes
APT003346,PRJ0042,ANL013,08/29/2025,2,Apresentação
APT008830,PRJ0126,ANL005,2026-03-09,6,Coleta
APT000340,PRJ0006,ANL014,2025-03-06,7,Dashboard
APT001580,PRJ0019,ANL016,17/12/2024,5,ETL
APT005806,PRJ0081,ANL017,2026-04-15,4.5,Dashboard
APT009357,PRJ0134,ANL015,20/02/2026,2.5,Coleta
APT003692,PRJ0047,ANL024,2024-11-04,4,Reunião com cliente
APT009639,PRJ0139,ANL023,11/25/2024,8,Reunião com cliente
APT006154,PRJ0083,ANL003,2025-07-01,7,Coleta
APT000888,PRJ0011,ANL002,28-ago-2025,6.5,Documentação
APT001099,PRJ0012,ANL023,03/09/2026,"6,5",Reunião com cliente
APT006828,PRJ0097,ANL018,2024-06-10,4.5,Modelagem
APT004813,PRJ0064,ANL020,2026-03-10,6,Testes
APT007506,PRJ0106,ANL021,2026-05-15,7.5,Modelagem
APT001419,PRJ0017,ANL016,23/12/2024,3,Documentação
APT006306,PRJ0086,ANL003,06-abr-2026,4,Modelagem
APT001622,PRJ0021,ANL014,09/12/2025,5,Reunião com cliente
APT001398,PRJ0016,ANL022,16/06/2026,6,Apresentação
APT007817,PRJ0111,ANL017,24/04/2026,6,Apresentação
APT007623,PRJ0108,ANL014,06/19/2024,8,Coleta
APT005825,PRJ0081,ANL023,2026-06-08,6,Modelagem
APT008055,PRJ0115,ANL011,18/06/2024,6,Apresentação
APT008202,PRJ0119,ANL012,29/05/2024,2,Apresentação
APT005729,PRJ0081,ANL005,2026-05-04,7.5,Testes
APT004990,PRJ0067,ANL019,13-jun-2024,7,Apresentação
APT008389,PRJ0120,ANL019,2026-04-24,5,ETL
APT008997,PRJ0129,ANL013,2026-01-19,6,ETL
APT008618,PRJ0122,ANL009,2025-07-28,5,ETL
APT007652,PRJ0109,ANL001,2026-03-25,3,Documentação
APT008166,PRJ0119,ANL024,2024-04-26,8,Modelagem
APT008327,PRJ0120,ANL013,2026-05-15,6,Modelagem
APT008336,PRJ0120,ANL007,02-jun-2026,3,Testes
APT007781,PRJ0110,ANL014,2025-02-07,6,Documentação
APT004371,PRJ0057,ANL018,2026-02-10,8,Testes
APT008218,PRJ0119,ANL006,02/15/2024,6,Testes
APT001581,PRJ0019,ANL016,18-dez-2024,4.5,Apresentação
APT005893,PRJ0081,ANL023,09-jun-2026,4,Modelagem
APT007137,PRJ0101,ANL012,2026-04-21,4.5,Testes
APT004612,PRJ0062,ANL005,13-jan-2025,5,Testes
APT006465,PRJ0089,ANL010,2024-06-24,2,Apresentação
APT006511,PRJ0090,ANL017,2024-10-23,"7,5",Dashboard
APT007163,PRJ0102,ANL007,2025-02-14,3,Coleta
APT000177,PRJ0004,ANL023,2024-03-28,8.5,Modelagem
APT001307,PRJ0014,ANL002,05/07/2024,2.5,Coleta
APT003460,PRJ0042,ANL001,2025-05-09,6.5,Testes
APT000869,PRJ0011,ANL008,2025-08-15,6,Apresentação
APT002216,PRJ0027,ANL013,2024-10-28,8,Modelagem
APT003246,PRJ0041,ANL017,04/08/2025,6.5,ETL
APT007957,PRJ0114,ANL017,13/05/2024,4,ETL
APT001858,PRJ0024,ANL023,2025-11-03,7,Testes
APT007821,PRJ0111,ANL023,2026-04-20,3,Dashboard
APT003002,PRJ0037,ANL010,29-abr-2025,4,Modelagem
APT007179,PRJ0103,ANL011,2025-01-30,6,Reunião com cliente
APT005495,PRJ0078,ANL017,07/23/2025,6,Coleta
APT004023,PRJ0051,ANL005,07/11/2024,7,Coleta
APT000577,PRJ0008,ANL005,2026-03-12,"3,5",Coleta
APT004512,PRJ0060,ANL018,2025-05-05,5.5,Testes
APT003570,PRJ0044,ANL005,06/09/2025,7,Dashboard
APT000201,PRJ0004,ANL011,08/04/2024,5,APRESENTAÇÃO
APT000901,PRJ0012,ANL023,07/05/2026,"6,5",APRESENTAÇÃO
APT003048,PRJ0038,ANL008,2024-06-25,6.5,Dashboard
APT008516,PRJ0121,ANL009,2026-05-21,6,Apresentação
APT001835,PRJ0024,ANL023,2025-08-13,7,Coleta
APT001999,PRJ0026,ANL015,2025-12-05,6,ETL
APT007687,PRJ0109,ANL007,2026-05-25,"6,5",Coleta
APT003326,PRJ0042,ANL013,2025-08-29,4,DASHBOARD
APT004128,PRJ0053,ANL008,10/03/2026,8,Coleta
APT009154,PRJ0131,ANL021,05/04/2024,7.5,Documentação
APT000549,PRJ0007,ANL022,2025-01-17,2,Documentação
APT001556,PRJ0019,ANL010,2024-12-30,2,Modelagem
APT005102,PRJ0070,ANL004,26-mar-2025,4,Dashboard
APT004194,PRJ0055,ANL002,2024-09-30,6,Coleta
APT007441,PRJ0106,ANL015,06/22/2026,4,ETL
APT007979,PRJ0115,ANL017,17-mai-2024,2,Documentação
APT007219,PRJ0103,ANL005,2025-01-17,3,Apresentação
APT006159,PRJ0083,ANL009,19-nov-2025,5,Apresentação
APT003507,PRJ0042,ANL013,08/28/2025,6,Testes
APT003820,PRJ0048,ANL023,09/12/2024,8,Reunião com cliente
APT003872,PRJ0049,ANL024,2026-02-02,3,Modelagem
APT000808,PRJ0010,ANL007,2024-09-30,6.5,Dashboard
APT008173,PRJ0119,ANL006,2024-04-17,2,Dashboard
APT009743,PRJ0140,ANL012,06-jan-2026,6,Testes
APT000699,PRJ0008,ANL005,21-abr-2026,6,ETL
APT002573,PRJ0032,ANL012,2026-04-06,6,Apresentação
APT006911,PRJ0098,ANL024,2025-10-08,4,Modelagem
APT006008,PRJ0082,ANL004,2025-04-28,7,Documentação
APT006266,PRJ0085,ANL018,2025-10-16,4.5,ETL
APT006908,PRJ0098,ANL024,18-set-2025,4,Modelagem
APT007300,PRJ0104,ANL012,01-mai-2024,4,ETL
APT002218,PRJ0027,ANL019,25-set-2024,5,Reunião com cliente
APT007516,PRJ0106,ANL009,29/04/2026,4,Documentação
APT006040,PRJ0082,ANL022,27-jun-2025,5,Dashboard
APT006946,PRJ0099,ANL009,2025-05-20,3,Modelagem
APT000418,PRJ0007,ANL004,17/10/2024,4,Testes
APT001430,PRJ0017,ANL022,2025-02-10,4,Testes
APT004320,PRJ0056,ANL021,2025-02-17,4,ETL
APT004079,PRJ0052,ANL010,18/03/2026,4,Reunião com cliente
APT009692,PRJ0140,ANL024,2025-11-05,7,Modelagem
APT003906,PRJ0050,ANL008,10/03/2025,4,ETL
APT005562,PRJ0078,ANL011,2025-09-15,5.5,Apresentação
APT002709,PRJ0034,ANL006,05/27/2024,8,Coleta
APT001422,PRJ0017,ANL016,2025-02-28,7,Dashboard
APT005046,PRJ0069,ANL006,25-set-2024,6,Testes
APT003744,PRJ0047,ANL024,09-set-2024,8,Apresentação
APT001282,PRJ0014,ANL008,2024-09-19,4,Reunião com cliente
APT008061,PRJ0116,ANL019,2025-05-08,6,ETL
APT007854,PRJ0112,ANL009,07/18/2025,2,Coleta
APT004804,PRJ0064,ANL020,2026-04-10,4,Dashboard
APT004367,PRJ0057,ANL024,11-mar-2026,3.5,Apresentação
APT008035,PRJ0115,ANL005,27-mai-2024,"6,5",Reunião com cliente
APT008938,PRJ0127,ANL012,30-out-2025,6.5,Dashboard
APT003591,PRJ0045,ANL016,03/06/2025,2,Documentação
APT007026,PRJ0101,ANL006,23/04/2026,7,REUNIÃO COM CLIENTE
APT009219,PRJ0132,ANL004,11/11/2024,3.5,Testes
APT006851,PRJ0098,ANL018,04/09/2025,7.5,DOCUMENTAÇÃO
APT005296,PRJ0073,ANL021,2025-02-10,6,Dashboard
APT009657,PRJ0139,ANL011,2024-12-02,4,Documentação
APT008937,PRJ0127,ANL006,24/10/2025,8.5,Coleta
APT000883,PRJ0011,ANL020,2025-08-14,7,Apresentação
APT006119,PRJ0083,ANL015,2025-05-14,6,Coleta
APT006214,PRJ0084,ANL023,05/09/2025,6.5,Apresentação
APT005085,PRJ0069,ANL024,2024-10-08,7.5,Testes
APT003408,PRJ0042,ANL013,21-jul-2025,6,Dashboard
APT001087,PRJ0012,ANL011,2026-04-17,6,Modelagem
APT005578,PRJ0079,ANL012,29-mai-2025,2.5,ETL
APT001067,PRJ0012,ANL005,2026-06-11,7,Documentação
APT003571,PRJ0044,ANL005,2025-06-04,4,Reunião com cliente
APT000952,PRJ0012,ANL011,03/05/2026,3,Modelagem
APT005757,PRJ0081,ANL011,2026-03-31,6,Documentação
APT000656,PRJ0008,ANL017,01/06/2026,6,Dashboard
APT004580,PRJ0062,ANL023,2024-12-26,4,Documentação
APT007719,PRJ0109,ANL013,29/05/2026,3,Dashboard
APT008022,PRJ0115,ANL017,05/27/2024,7,Reunião com cliente
APT008902,PRJ0127,ANL024,09/12/2025,3,Coleta
APT008358,PRJ0120,ANL019,05/04/2026,6.5,Reunião com cliente
APT005341,PRJ0074,ANL010,10/29/2025,8,Apresentação
APT005406,PRJ0077,ANL020,2024-11-11,7,Coleta
APT002083,PRJ0026,ANL003,2025-08-25,"4,5",Coleta
APT001733,PRJ0023,ANL023,2026-03-12,5,Documentação
APT002899,PRJ0036,ANL013,2026-03-11,3,Coleta
APT009138,PRJ0130,ANL001,2025-06-30,6,Apresentação
APT003567,PRJ0044,ANL005,2025-05-27,3,Apresentação
APT008003,PRJ0115,ANL011,2024-06-07,3,Reunião com cliente
APT008443,PRJ0120,ANL019,2026-04-22,2,Dashboard
APT001883,PRJ0024,ANL011,11/25/2025,2,Reunião com cliente
APT002334,PRJ0029,ANL013,2025-10-13,4,Coleta
APT008829,PRJ0126,ANL017,2026-03-05,4.5,Testes
APT004145,PRJ0053,ANL014,2026-03-03,6,Reunião com cliente
APT004991,PRJ0067,ANL001,06/03/2024,7,Apresentação
APT005166,PRJ0070,ANL022,06/06/2025,4,Documentação
APT007011,PRJ0101,ANL018,2026-06-05,4,Modelagem
APT004846,PRJ0064,ANL002,2026-03-23,6,Documentação
APT004941,PRJ0066,ANL003,14-out-2024,5,Apresentação
APT007305,PRJ0104,ANL012,2024-05-24,6,Documentação
APT005338,PRJ0074,ANL004,2025-11-03,5,Testes
APT007225,PRJ0103,ANL017,2025-02-10,2,Modelagem
APT008275,PRJ0119,ANL006,2024-04-25,4,Documentação
APT006813,PRJ0096,ANL009,2026-05-25,4,Coleta
APT005099,PRJ0070,ANL010,2025-04-14,4.5,Documentação
APT007757,PRJ0109,ANL019,2026-05-22,8,ETL
APT000203,PRJ0004,ANL023,03/20/2024,3,Apresentação
APT006591,PRJ0093,ANL002,2024-09-24,4,Modelagem
APT004641,PRJ0063,ANL001,06/18/2026,4.5,Testes
APT003305,PRJ0042,ANL001,2025-08-18,4,Documentação
APT003078,PRJ0039,ANL001,28/10/2024,6,Apresentação
APT000385,PRJ0006,ANL008,03/25/2025,7,Reunião com cliente
APT009728,PRJ0140,ANL024,15/12/2025,4,Testes
APT003839,PRJ0049,ANL018,2026-02-23,8,Documentação
APT001991,PRJ0026,ANL015,2025-09-22,4,Reunião com cliente
APT004708,PRJ0063,ANL019,2026-06-24,8.5,ETL
APT003199,PRJ0041,ANL017,08/04/2025,4,Modelagem
APT001524,PRJ0018,ANL005,18/09/2025,8,Dashboard
APT008766,PRJ0123,ANL020,2025-06-17,2.5,Testes
APT002821,PRJ0035,ANL022,03/03/2025,2,Modelagem
APT006774,PRJ0096,ANL003,25/05/2026,4.5,Dashboard
APT003184,PRJ0040,ANL012,18-jul-2025,6,ETL
APT008763,PRJ0123,ANL014,13-jun-2025,6,Modelagem
APT004127,PRJ0053,ANL008,2026-02-09,6,Reunião com cliente
APT005403,PRJ0076,ANL015,10-jun-2024,2,Modelagem
APT001567,PRJ0019,ANL004,08-jan-2025,5,Apresentação
APT007681,PRJ0109,ANL001,2026-04-13,6,Dashboard
APT002778,PRJ0034,ANL024,01-mar-2024,3,Testes
APT007468,PRJ0106,ANL009,12-jun-2026,4,Dashboard
APT001798,PRJ0024,ANL011,03-out-2025,3.5,Reunião com cliente
APT003515,PRJ0042,ANL001,2025-09-26,4,Dashboard
APT006282,PRJ0086,ANL021,2026-03-30,7.5,Coleta
APT001807,PRJ0024,ANL023,2025-10-27,2,Coleta
APT005531,PRJ0078,ANL005,2025-09-15,4,ETL
APT006945,PRJ0099,ANL003,2025-05-05,2,Dashboard
APT007165,PRJ0102,ANL001,2025-02-26,6,Documentação
APT005251,PRJ0071,ANL017,2025-01-24,7,TESTES
APT002090,PRJ0026,ANL009,2025-12-29,6,Apresentação
APT008498,PRJ0121,ANL015,06/01/2026,4,Dashboard
APT001521,PRJ0018,ANL023,2025-09-08,3.5,Coleta
APT001026,PRJ0012,ANL017,2026-05-01,6,ETL
APT006061,PRJ0083,ANL009,26-ago-2025,6,Apresentação
APT006932,PRJ0099,ANL009,2025-06-02,2,ETL
APT008059,PRJ0116,ANL001,2025-05-26,7,Reunião com cliente
APT004048,PRJ0052,ANL010,2026-03-10,8.5,Reunião com cliente
APT005615,PRJ0079,ANL012,2025-07-08,2,Apresentação
APT005647,PRJ0079,ANL018,09/06/2025,"3,5",Coleta
APT002988,PRJ0037,ANL016,23-jun-2025,6,Documentação
APT002426,PRJ0031,ANL003,2024-10-23,4,APRESENTAÇÃO
APT008011,PRJ0115,ANL005,2024-05-16,6,Modelagem
APT002255,PRJ0028,ANL004,2024-10-04,4,Testes
APT005344,PRJ0074,ANL016,2025-10-28,3,Modelagem
APT003921,PRJ0050,ANL014,2025-09-15,6.5,ETL
APT001896,PRJ0024,ANL023,15-ago-2025,6,Dashboard
APT004031,PRJ0052,ANL010,23-mar-2026,5,ETL
APT009329,PRJ0134,ANL021,09/02/2026,8,ETL
APT004746,PRJ0064,ANL008,02/19/2026,8.5,Coleta
APT007552,PRJ0106,ANL015,13-mai-2026,4.5,Modelagem
APT001368,PRJ0015,ANL016,2025-10-27,6.5,Documentação
APT003379,PRJ0042,ANL007,28/08/2025,8,ETL
APT001273,PRJ0014,ANL008,04-nov-2024,"6,5",Testes
APT003292,PRJ0042,ANL013,2025-09-26,3,Documentação
APT008016,PRJ0115,ANL023,2024-06-07,8,Dashboard
APT007988,PRJ0115,ANL011,2024-07-03,7,Apresentação
APT001318,PRJ0015,ANL004,2025-09-19,6.5,Documentação
APT005522,PRJ0078,ANL011,14-ago-2025,6.5,Modelagem
APT007152,PRJ0102,ANL007,06/01/2025,8.5,Apresentação
APT006615,PRJ0093,ANL020,10/28/2024,4,Testes
APT001759,PRJ0023,ANL023,2026-02-09,8,ETL
APT008362,PRJ0120,ANL007,2026-04-07,7,Documentação
APT002754,PRJ0034,ANL024,2024-03-25,8,Coleta
APT003684,PRJ0047,ANL018,2024-10-14,8,Documentação
APT008493,PRJ0120,ANL013,2026-04-07,2,Documentação
APT002109,PRJ0026,ANL003,2025-11-20,3,Coleta
APT005469,PRJ0078,ANL017,2025-07-01,3.5,Documentação
APT001418,PRJ0017,ANL004,2025-01-02,4,Reunião com cliente
APT005017,PRJ0068,ANL023,03/03/2025,5,Documentação
APT002150,PRJ0026,ANL009,2025-10-14,7,Documentação
APT006742,PRJ0095,ANL014,2025-04-07,6.5,Documentação
APT002067,PRJ0026,ANL009,2025-12-08,5,Testes
APT002051,PRJ0026,ANL003,01/21/2026,4,TESTES
APT005234,PRJ0071,ANL005,13/02/2025,6,Apresentação
APT007202,PRJ0103,ANL005,11-fev-2025,7,Dashboard
APT007063,PRJ0101,ANL012,05/04/2026,6,Testes
APT008519,PRJ0121,ANL009,04/14/2026,5,Testes
APT000525,PRJ0007,ANL004,12/11/2024,6,Reunião com cliente
APT008380,PRJ0120,ANL007,2026-05-11,8.5,Apresentação
APT001681,PRJ0022,ANL015,2026-02-27,"6,5",Modelagem
APT000131,PRJ0003,ANL009,25/08/2025,6.5,Testes
APT006898,PRJ0098,ANL018,2025-09-01,6,Dashboard
APT007481,PRJ0106,ANL003,11/06/2026,4,Dashboard
APT005932,PRJ0081,ANL017,2026-05-25,4,Dashboard
APT007625,PRJ0109,ANL007,2026-03-25,5.5,Apresentação
APT001213,PRJ0014,ANL020,2024-07-03,2,Documentação
APT008598,PRJ0121,ANL009,2026-05-04,8.5,Modelagem
APT001595,PRJ0020,ANL010,12-mar-2024,6.5,Coleta
APT000045,PRJ0001,ANL010,2024-04-03,2,Coleta
APT003978,PRJ0051,ANL005,2024-11-18,4,Modelagem
APT006772,PRJ0095,ANL002,2025-04-22,6.5,Coleta
APT001579,PRJ0019,ANL016,2025-02-05,6,Modelagem
APT002107,PRJ0026,ANL009,12/08/2025,2,Documentação
APT007830,PRJ0111,ANL023,2026-04-27,5.5,Modelagem
APT008754,PRJ0123,ANL002,2025-08-06,6,Apresentação
APT001734,PRJ0023,ANL017,03/04/2026,2,Modelagem
APT009160,PRJ0131,ANL015,2024-03-25,4.5,Reunião com cliente
APT003611,PRJ0046,ANL004,23-jan-2024,5.5,ETL
APT009433,PRJ0136,ANL007,2026-01-13,"8,5",Reunião com cliente
APT009770,PRJ0140,ANL018,21/11/2025,4.5,Testes
APT008290,PRJ0120,ANL001,2026-03-25,7,Reunião com cliente
APT001558,PRJ0019,ANL022,2025-02-11,5,Modelagem
APT009280,PRJ0133,ANL024,19/06/2026,7,Reunião com cliente
APT001331,PRJ0015,ANL010,2025-09-19,8,ETL
APT007812,PRJ0111,ANL011,04/17/2026,3,Reunião com cliente
APT002378,PRJ0029,ANL001,10/10/2025,2,Coleta
APT009531,PRJ0136,ANL007,2026-01-22,7,ETL
APT003532,PRJ0042,ANL007,2025-09-12,4,Dashboard
APT009707,PRJ0140,ANL006,08/12/2025,6,Coleta
APT001995,PRJ0026,ANL015,10/10/2025,5,Reunião com cliente
APT009035,PRJ0129,ANL013,26/01/2026,7,Dashboard
APT008703,PRJ0122,ANL003,2025-08-08,2,Documentação
APT003551,PRJ0044,ANL011,2025-05-29,2,DASHBOARD
APT006349,PRJ0086,ANL003,03/02/2026,"8,5",Reunião com cliente
APT001732,PRJ0023,ANL005,2026-01-14,4,Coleta
APT008000,PRJ0115,ANL005,05-abr-2024,3.5,Documentação
APT008416,PRJ0120,ANL007,2026-06-18,4,ETL
APT000127,PRJ0003,ANL015,2025-08-04,4,Coleta
APT002546,PRJ0032,ANL024,12/02/2026,6,Reunião com cliente
APT009047,PRJ0130,ANL007,2025-06-30,8,Apresentação
APT001102,PRJ0012,ANL023,2026-02-25,5.5,ETL
APT000088,PRJ0003,ANL015,2025-08-26,7,Testes
APT000117,PRJ0003,ANL015,25/09/2025,6,Testes
APT000821,PRJ0010,ANL019,2024-09-24,6,ETL
APT006354,PRJ0086,ANL015,22/05/2026,6,Coleta
APT009553,PRJ0136,ANL019,30/03/2026,5,Modelagem
APT005216,PRJ0070,ANL004,2025-06-03,7.5,Coleta
APT003447,PRJ0042,ANL013,2025-06-26,7,Dashboard
APT008435,PRJ0120,ANL007,06/22/2026,4.5,Documentação
APT004646,PRJ0063,ANL007,16/06/2026,4,Documentação
APT008527,PRJ0121,ANL009,2026-05-25,"8,5",Documentação
APT007143,PRJ0101,ANL012,2026-04-24,4,Testes
APT009320,PRJ0133,ANL018,2026-05-12,7,Apresentação
APT003203,PRJ0041,ANL011,2025-05-07,7,Dashboard
APT004260,PRJ0056,ANL009,2025-03-14,6.5,Modelagem
APT000230,PRJ0005,ANL005,10-mar-2025,6,Dashboard
APT004457,PRJ0059,ANL008,12/05/2025,4.5,ETL
APT002960,PRJ0036,ANL013,27-mar-2026,4,Modelagem
APT001051,PRJ0012,ANL023,2026-03-26,5,DOCUMENTAÇÃO
APT004255,PRJ0055,ANL014,06-set-2024,6,Modelagem
APT001758,PRJ0023,ANL023,2026-01-26,5.5,Modelagem
APT004443,PRJ0059,ANL020,15/04/2025,4.5,Apresentação
APT008134,PRJ0118,ANL020,12/12/2025,7,Dashboard
APT004173,PRJ0055,ANL002,2024-08-30,8,Modelagem
APT006316,PRJ0086,ANL021,2026-04-13,6.5,ETL
APT002228,PRJ0027,ANL019,2024-10-16,5,Dashboard
APT003428,PRJ0042,ANL001,15/09/2025,7,Apresentação
APT005672,PRJ0079,ANL018,2025-06-24,5,Apresentação
APT006103,PRJ0083,ANL021,14-ago-2025,6,Documentação
APT006714,PRJ0095,ANL008,2025-03-17,7,Dashboard
APT008404,PRJ0120,ANL013,2026-05-27,2,Reunião com cliente
APT006896,PRJ0098,ANL024,2025-10-15,3,Modelagem
APT000775,PRJ0010,ANL019,07/10/2024,"6,5",Testes
APT001342,PRJ0015,ANL022,28/08/2025,2,Testes
APT006989,PRJ0100,ANL004,2026-05-12,5.5,ETL
APT002425,PRJ0031,ANL015,2024-10-29,7,ETL
APT005916,PRJ0081,ANL023,2026-05-28,6,Modelagem
APT008448,PRJ0120,ANL019,30-mar-2026,3,Dashboard
APT000316,PRJ0006,ANL008,2025-06-02,6,Apresentação
APT005852,PRJ0081,ANL023,06/02/2026,7,Modelagem
APT009431,PRJ0136,ANL013,2026-03-02,7,ETL
APT006334,PRJ0086,ANL021,29-mai-2026,3.5,Modelagem
APT000731,PRJ0009,ANL011,2025-10-14,6.5,Testes
APT006992,PRJ0100,ANL010,04-jun-2026,7,Modelagem
APT007008,PRJ0100,ANL004,2026-05-20,4,Testes
APT006256,PRJ0084,ANL023,18/08/2025,3,Testes
APT007480,PRJ0106,ANL015,2026-04-14,8,Dashboard
APT000381,PRJ0006,ANL014,2025-06-19,6,Apresentação
APT005515,PRJ0078,ANL017,02-jul-2025,5,ETL
APT003062,PRJ0039,ANL001,2024-11-25,3,Modelagem
APT000957,PRJ0012,ANL011,18/06/2026,7,Apresentação
APT007426,PRJ0106,ANL009,22-jun-2026,2,MODELAGEM
APT000914,PRJ0012,ANL023,2026-03-10,5,Dashboard
APT006617,PRJ0093,ANL014,2024-10-23,7.5,ETL
APT006222,PRJ0084,ANL017,11-ago-2025,4,Reunião com cliente
APT008285,PRJ0119,ANL006,2024-02-14,7.5,Documentação
APT007592,PRJ0106,ANL015,2026-06-08,3,Coleta
APT005787,PRJ0081,ANL023,25/06/2026,5,Reunião com cliente
APT007484,PRJ0106,ANL015,2026-03-31,6.5,Testes
APT005448,PRJ0077,ANL020,2024-10-28,2,Documentação
APT000652,PRJ0008,ANL023,2026-05-29,5,Testes
APT003226,PRJ0041,ANL011,23-abr-2025,5,DASHBOARD
APT007104,PRJ0101,ANL006,22-jun-2026,6,Apresentação
APT003969,PRJ0051,ANL011,10/28/2024,4,Modelagem
APT003633,PRJ0046,ANL016,03/18/2024,8,Dashboard
APT006012,PRJ0082,ANL022,15-abr-2025,8,Modelagem
APT002868,PRJ0036,ANL019,24/06/2026,8,Dashboard
APT003288,PRJ0042,ANL019,22/05/2025,4.5,Dashboard
APT004006,PRJ0051,ANL017,2024-11-06,4,Documentação
APT006577,PRJ0093,ANL014,2024-10-16,2,Testes
APT001591,PRJ0019,ANL016,2025-01-29,6,Documentação
APT003441,PRJ0042,ANL013,2025-05-14,6,Modelagem
APT008216,PRJ0119,ANL006,02/05/2024,2.5,ETL
APT001643,PRJ0021,ANL008,17/11/2025,7,Reunião com cliente
APT005675,PRJ0079,ANL018,10/07/2025,6,Apresentação
APT006884,PRJ0098,ANL012,2025-10-06,6.5,Documentação
APT004809,PRJ0064,ANL020,05/12/2026,6,Documentação
APT001985,PRJ0025,ANL010,2025-01-24,4,Documentação
APT007276,PRJ0104,ANL012,2024-05-21,4,MODELAGEM
APT007683,PRJ0109,ANL007,2026-04-08,7,Reunião com cliente
APT008007,PRJ0115,ANL005,12-abr-2024,6,ETL
APT007385,PRJ0106,ANL009,04/20/2026,7,Reunião com cliente
APT005521,PRJ0078,ANL017,28/07/2025,3,Testes
APT004789,PRJ0064,ANL014,2026-04-27,4,ETL
APT007606,PRJ0107,ANL017,2025-03-27,3,Apresentação
APT000066,PRJ0003,ANL021,2025-09-22,4,Documentação
APT000486,PRJ0007,ANL010,2024-12-19,2,Modelagem
APT003258,PRJ0041,ANL005,2025-06-30,4,ETL
APT005045,PRJ0069,ANL024,03/10/2024,8,Testes
APT004440,PRJ0059,ANL008,2025-04-14,6,Dashboard
APT005265,PRJ0072,ANL018,2025-10-13,7.5,ETL
APT004738,PRJ0063,ANL019,23-jun-2026,6,Testes
APT008375,PRJ0120,ANL019,2026-06-01,4,Modelagem
APT004768,PRJ0064,ANL020,2026-04-24,2,Documentação
APT001287,PRJ0014,ANL014,06-nov-2024,2,Apresentação
APT007173,PRJ0102,ANL019,28/01/2025,2,Documentação
APT008447,PRJ0120,ANL019,12/05/2026,4.5,Documentação
APT003940,PRJ0050,ANL008,03-nov-2025,3,Documentação
